icao24,callsign,timestamp,latitude,longitude,altitude,on_ground
0d0d41,VOI7401,1765914953,30.331,-112.6223,10363,319
0d0d41,VOI7401,1765914997,30.396,-112.6869,10058,319
0d0d41,VOI7401,1765915087,30.5286,-112.819,10363,319
0d0d41,VOI7401,1765915631,31.3319,-113.6304,10058,318
0d0d41,VOI7401,1765915632,31.3328,-113.6313,10363,318
0d0d41,VOI7401,1765915649,31.3567,-113.6558,10058,318
0d0d41,VOI7401,1765915656,31.3671,-113.6664,10363,318
0d0d41,VOI7401,1765915657,31.3687,-113.6681,10058,318
0d0d41,VOI7401,1765915730,31.4746,-113.7766,9753,318
0d0d41,VOI7401,1765915756,31.5121,-113.815,9448,318
0d0d41,VOI7401,1765915778,31.5434,-113.8474,9144,318
0d0d41,VOI7401,1765915785,31.5535,-113.8577,9144,318
0d0cfd,VOI9692,1765916811,25.7731,-100.0971,304,301
0d0cfd,VOI9692,1765916839,25.7835,-100.1155,609,302
0d0cfd,VOI9692,1765916863,25.7945,-100.1346,914,301
0d0cfd,VOI9692,1765916884,25.8051,-100.1538,1219,301
0d0cfd,VOI9692,1765916901,25.8145,-100.1711,1524,300
0d0cfd,VOI9692,1765916913,25.8207,-100.1831,1828,299
0d0cfd,VOI9692,1765916928,25.8283,-100.1973,1828,300
0d0cfd,VOI9692,1765916944,25.8361,-100.2127,2438,298
0d0cfd,VOI9692,1765916970,25.8495,-100.2408,2743,297
0d0cfd,VOI9692,1765916994,25.8638,-100.2714,3048,297
0d0cfd,VOI9692,1765917012,25.875,-100.2951,3352,298
0d0cfd,VOI9692,1765917029,25.8864,-100.3185,3657,297
0d0cfd,VOI9692,1765917052,25.9026,-100.3525,3962,297
0d0cfd,VOI9692,1765917069,25.9152,-100.3789,3962,297
0d0cfd,VOI9692,1765917081,25.9236,-100.3965,4572,297
0d0cfd,VOI9692,1765917096,25.9345,-100.4195,4876,297
0d0cfd,VOI9692,1765917109,25.9439,-100.4391,5181,297
0d0cfd,VOI9692,1765917131,25.9603,-100.4735,5486,297
0d0cfd,VOI9692,1765917151,25.9756,-100.5057,5791,297
0d0cfd,VOI9692,1765917167,25.9878,-100.5315,6096,297
0d0cfd,VOI9692,1765917184,26.0007,-100.5588,6400,297
0d0cfd,VOI9692,1765917204,26.0164,-100.592,6705,297
0d0cfd,VOI9692,1765917226,26.0335,-100.6281,7010,297
0d0cfd,VOI9692,1765917251,26.0534,-100.6701,7315,297
0d0cfd,VOI9692,1765917275,26.0726,-100.7103,7620,297
0d0cfd,VOI9692,1765917302,26.0947,-100.7569,7924,297
0d0cfd,VOI9692,1765917327,26.115,-100.7997,8229,297
0d0cfd,VOI9692,1765917351,26.1351,-100.8421,8229,297
0d0cfd,VOI9692,1765917374,26.1543,-100.8824,8839,297
0d0cfd,VOI9692,1765917394,26.1708,-100.9173,9144,297
0d0cfd,VOI9692,1765917413,26.1859,-100.9495,9448,297
0d0cfd,VOI9692,1765917440,26.2075,-100.9956,9753,297
0d0cfd,VOI9692,1765917467,26.2291,-101.0414,10058,297
0d0cfd,VOI9692,1765917484,26.2424,-101.0696,10363,297
0d0cfd,VOI9692,1765917503,26.2568,-101.1003,10668,297
0d0cfd,VOI9692,1765917532,26.2784,-101.1465,10972,297
0d0cfd,VOI9692,1765917539,26.2833,-101.1572,10972,295
0d0cfd,VOI9692,1765917550,26.2899,-101.175,10972,293
0d0cfd,VOI9692,1765917553,26.2917,-101.1795,10972,295
0d0cfd,VOI9692,1765917558,26.2955,-101.1878,11277,297
0d0cfd,VOI9692,1765917637,26.3556,-101.3121,11582,297
0d0cfd,VOI9692,1765917638,26.3564,-101.3138,11277,297
0d0cfd,VOI9692,1765917639,26.3572,-101.3154,11582,297
0d0cfd,VOI9692,1765917642,26.3595,-101.3204,11277,297
0d0cfd,VOI9692,1765917643,26.3602,-101.3219,11582,297
0d0cfd,VOI9692,1765917911,26.5725,-101.7791,11277,297
0d0cfd,VOI9692,1765917912,26.5736,-101.7814,11582,297
0d0cfd,VOI9692,1765917920,26.5799,-101.7952,11277,297
0d0cfd,VOI9692,1765917921,26.5807,-101.7968,11582,297
0d0cfd,VOI9692,1765917923,26.5821,-101.7999,11277,297
0d0cfd,VOI9692,1765917924,26.5829,-101.8017,11582,297
0d0cfd,VOI9692,1765917925,26.5838,-101.8036,11277,297
0d0cfd,VOI9692,1765917926,26.5845,-101.8052,11582,296
0d0cfd,VOI9692,1765917929,26.587,-101.8106,11277,297
0d0cfd,VOI9692,1765917930,26.5878,-101.8124,11582,297
0d0cfd,VOI9692,1765917931,26.5886,-101.8141,11277,296
0d0cfd,VOI9692,1765917932,26.5895,-101.816,11582,297
0d0cfd,VOI9692,1765918108,26.729,-102.1178,11277,297
0d0cfd,VOI9692,1765918109,26.7298,-102.1195,11582,297
0d0cfd,VOI9692,1765918110,26.7306,-102.1212,11277,297
0d0cfd,VOI9692,1765918115,26.7344,-102.1295,11582,297
0d0cfd,VOI9692,1765918116,26.7349,-102.1305,11277,297
0d0cfd,VOI9692,1765918125,26.7423,-102.1466,11582,297
0d0cfd,VOI9692,1765918127,26.7438,-102.1499,11277,297
0d0cfd,VOI9692,1765918128,26.7446,-102.1516,11582,297
0d0cfd,VOI9692,1765918129,26.7454,-102.1533,11277,297
0d0cfd,VOI9692,1765918132,26.7478,-102.1584,11582,297
0d0cfd,VOI9692,1765918133,26.7485,-102.1599,11277,297
0d0cfd,VOI9692,1765918140,26.7541,-102.1721,11582,297
0d0cfd,VOI9692,1765918142,26.7557,-102.1755,11277,297
0d0cfd,VOI9692,1765918175,26.7811,-102.2309,11582,297
0d0cfd,VOI9692,1765918176,26.7819,-102.2324,11277,297
0d0cfd,VOI9692,1765918178,26.7837,-102.2364,11582,297
0d0cfd,VOI9692,1765918181,26.7856,-102.2406,11277,297
0d0cfd,VOI9692,1765918182,26.7868,-102.2432,11582,297
0d0cfd,VOI9692,1765918280,26.8624,-102.4075,11277,297
0d0cfd,VOI9692,1765918282,26.8639,-102.4107,11582,297
0d0cfd,VOI9692,1765918283,26.8647,-102.4125,11277,297
0d0cfd,VOI9692,1765918284,26.8654,-102.4141,11582,297
0d0cfd,VOI9692,1765918285,26.8663,-102.4159,11277,297
0d0cfd,VOI9692,1765918286,26.8671,-102.4177,11582,297
0d0cfd,VOI9692,1765918287,26.8677,-102.419,11277,297
0d0cfd,VOI9692,1765918288,26.8685,-102.4208,11582,297
0d0cfd,VOI9692,1765918289,26.8692,-102.4223,11277,297
0d0cfd,VOI9692,1765918434,26.9807,-102.6663,11582,296
0d0cfd,VOI9692,1765920512,28.6915,-106.5331,11277,295
0d0cfd,VOI9692,1765920513,28.6924,-106.5351,11582,295
0d0cfd,VOI9692,1765920518,28.6968,-106.5456,11277,295
0d0cfd,VOI9692,1765920521,28.6993,-106.5513,11582,295
0d0cfd,VOI9692,1765920523,28.7009,-106.5552,11277,295
0d0cfd,VOI9692,1765920526,28.7031,-106.5604,11582,295
0d0cfd,VOI9692,1765920528,28.7048,-106.5644,11277,295
0d0cfd,VOI9692,1765920529,28.7055,-106.566,11582,295
0d0cfd,VOI9692,1765920533,28.7088,-106.5738,11277,295
0d0cfd,VOI9692,1765920535,28.7105,-106.5778,11582,295
0d0cfd,VOI9692,1765920748,28.8849,-106.9871,11277,295
0d0cfd,VOI9692,1765920849,28.9658,-107.1769,11582,295
0d0cfd,VOI9692,1765920850,28.9669,-107.1797,11277,295
0d0cfd,VOI9692,1765920852,28.9689,-107.1842,11582,295
0d0cfd,VOI9692,1765920854,28.9705,-107.1881,11277,295
0d0cfd,VOI9692,1765920855,28.9713,-107.1898,11582,295
0d0cfd,VOI9692,1765921174,29.2325,-107.8093,11277,295
0d0cfd,VOI9692,1765921175,29.2334,-107.8114,11582,295
0d0cfd,VOI9692,1765921177,29.2351,-107.8155,11277,295
0d0cfd,VOI9692,1765921402,29.4214,-108.2638,11582,295
0d0cfd,VOI9692,1765921657,29.6327,-108.7784,11277,294
0d0cfd,VOI9692,1765921723,29.687,-108.9117,11582,295
0d0cfd,VOI9692,1765921724,29.6874,-108.9129,11277,294
0d0cfd,VOI9692,1765921725,29.6886,-108.9158,11582,294
0d0cfd,VOI9692,1765922445,30.2733,-110.384,11277,294
0d0cfd,VOI9692,1765922500,30.3147,-110.4899,11582,294
0d0cfd,VOI9692,1765922501,30.3155,-110.4921,11277,294
0d0cfd,VOI9692,1765922502,30.3163,-110.4939,11582,294
0d0cfd,VOI9692,1765922655,30.4314,-110.7909,11277,294
0d0cfd,VOI9692,1765922724,30.4818,-110.9213,11582,294
0d0cfd,VOI9692,1765922725,30.4825,-110.9232,11277,294
0d0cfd,VOI9692,1765922726,30.4833,-110.9252,11582,294
0d0cfd,VOI9692,1765923771,31.2353,-112.9356,11277,292
0d0cfd,VOI9692,1765923772,31.2364,-112.9384,11582,292
0d0cfd,VOI9692,1765923785,31.2452,-112.9625,11277,292
0d0cfd,VOI9692,1765923787,31.2469,-112.9674,11582,292
0d0cfd,VOI9692,1765923814,31.266,-113.0201,11277,292
0d0cfd,VOI9692,1765924009,31.4028,-113.4048,11582,291
0d0cfd,VOI9692,1765924474,31.7123,-114.3318,11277,291
0d0cfd,VOI9692,1765924534,31.7523,-114.4534,11582,290
0d0cfd,VOI9692,1765924535,31.7525,-114.4542,11277,290
0d0cfd,VOI9692,1765924537,31.7542,-114.4592,11582,291
0d0cfd,VOI9692,1765924734,31.8831,-114.8545,11277,290
0d0cfd,VOI9692,1765924736,31.8843,-114.8584,11582,290
0d0cfd,VOI9692,1765924740,31.8869,-114.8664,11277,290
0d0cfd,VOI9692,1765924745,31.8903,-114.877,11582,290
0d0cfd,VOI9692,1765924821,31.9395,-115.029,11277,290
0d0cfd,VOI9692,1765924832,31.9465,-115.0508,11582,290
0d0cfd,VOI9692,1765924833,31.9472,-115.0529,11277,290
0d0cfd,VOI9692,1765924868,31.9698,-115.1232,11582,290
0d0cfd,VOI9692,1765924869,31.9704,-115.1251,11277,290
0d0cfd,VOI9692,1765924876,31.9751,-115.1399,11582,290
0d0cfd,VOI9692,1765924883,31.9798,-115.1542,11277,290
0d0cfd,VOI9692,1765924906,31.9947,-115.2009,10972,290
0d0cfd,VOI9692,1765924920,32.0039,-115.2296,10668,290
0d0cfd,VOI9692,1765924940,32.0177,-115.2729,10363,290
0d0cfd,VOI9692,1765924956,32.0287,-115.3076,10058,290
0d0cfd,VOI9692,1765924972,32.0395,-115.3411,9753,290
0d0cfd,VOI9692,1765924985,32.0492,-115.3714,9448,290
0d0cfd,VOI9692,1765925002,32.0609,-115.408,9144,290
0d0cfd,VOI9692,1765925021,32.0738,-115.4488,8839,290
0d0cfd,VOI9692,1765925040,32.0868,-115.4895,8229,290
0d0cfd,VOI9692,1765925059,32.0995,-115.5294,8229,290
0d0cfd,VOI9692,1765925079,32.1124,-115.5701,7924,290
0d0cfd,VOI9692,1765925098,32.1247,-115.6088,7620,290
0d0cfd,VOI9692,1765925120,32.1382,-115.6512,7315,290
0d0cfd,VOI9692,1765925144,32.1534,-115.6993,7010,290
0d0cfd,VOI9692,1765925162,32.164,-115.7331,6705,290
0d0cfd,VOI9692,1765925186,32.1785,-115.7793,6400,290
0d0cfd,VOI9692,1765925209,32.1917,-115.8217,6096,290
0d0cfd,VOI9692,1765925232,32.205,-115.8641,5791,290
0d0cfd,VOI9692,1765925255,32.2181,-115.9059,5486,290
0d0cfd,VOI9692,1765925278,32.2308,-115.9467,5181,290
0d0cfd,VOI9692,1765925301,32.2437,-115.9878,4876,290
0d0cfd,VOI9692,1765925325,32.2564,-116.0287,4572,290
0d0cfd,VOI9692,1765925348,32.2692,-116.0697,3962,290
0d0cfd,VOI9692,1765925378,32.2854,-116.122,3962,289
0d0cfd,VOI9692,1765925396,32.2952,-116.1536,3657,289
0d0cfd,VOI9692,1765925420,32.3081,-116.1948,3352,290
0d0cfd,VOI9692,1765925448,32.3227,-116.242,3048,289
0d0cfd,VOI9692,1765925500,32.3478,-116.3231,2743,290
0d0cfd,VOI9692,1765925532,32.3622,-116.37,2438,290
0d0cfd,VOI9692,1765925552,32.3714,-116.3995,2438,289
0d0cfd,VOI9692,1765925559,32.3741,-116.4087,2438,287
0d0cfd,VOI9692,1765925565,32.3765,-116.4185,1828,285
0d0cfd,VOI9692,1765925597,32.3863,-116.4667,1828,283
0d0cfd,VOI9692,1765925634,32.3974,-116.5183,1524,284
0d0cfd,VOI9692,1765925716,32.4227,-116.6324,1524,285
0d0cfd,VOI9692,1765925720,32.424,-116.6372,1524,287
0d0cfd,VOI9692,1765925721,32.4245,-116.6389,1524,289
0d0cfd,VOI9692,1765925723,32.4253,-116.6412,1524,291
0d0cfd,VOI9692,1765925752,32.4374,-116.6737,1219,293
0d0cfd,VOI9692,1765925824,32.4654,-116.7485,914,293
0d0cfd,VOI9692,1765925894,32.4888,-116.8105,609,294
0d0cfd,VOI9692,1765925968,32.5094,-116.864,304,294
0d0cfd,VOI9692,1765925969,32.5097,-116.8645,304,304
0d0dda,AMX115,1765909974,19.4386,-99.0708,1828,59
0d0dda,AMX115,1765909996,19.4485,-99.0536,1828,58
0d0dda,AMX115,1765910009,19.4547,-99.0424,2438,60
0d0dda,AMX115,1765910051,19.4758,-99.0033,2743,59
0d0dda,AMX115,1765910076,19.4896,-98.9792,3048,58
0d0dda,AMX115,1765910114,19.5123,-98.9401,3352,58
0d0dda,AMX115,1765910139,19.5288,-98.9112,3352,57
0d0dda,AMX115,1765910144,19.5328,-98.9049,3352,55
0d0dda,AMX115,1765910147,19.5353,-98.9013,3352,53
0d0dda,AMX115,1765910152,19.5393,-98.8958,3657,51
0d0dda,AMX115,1765910157,19.5438,-98.8902,3657,49
0d0dda,AMX115,1765910183,19.5689,-98.8613,3962,46
0d0dda,AMX115,1765910208,19.595,-98.8318,3962,47
0d0dda,AMX115,1765910231,19.618,-98.8057,4572,46
0d0dda,AMX115,1765910253,19.6423,-98.7802,4876,46
0d0dda,AMX115,1765910261,19.6513,-98.7701,4876,47
0d0dda,AMX115,1765910285,19.676,-98.7404,5181,49
0d0dda,AMX115,1765910298,19.6893,-98.7241,5181,48
0d0dda,AMX115,1765910304,19.6951,-98.7173,5181,46
0d0dda,AMX115,1765910306,19.6973,-98.715,5181,44
0d0dda,AMX115,1765910310,19.7024,-98.7103,5181,42
0d0dda,AMX115,1765910311,19.7038,-98.7091,5486,39
0d0dda,AMX115,1765910312,19.705,-98.7082,5486,37
0d0dda,AMX115,1765910313,19.7063,-98.7073,5486,35
0d0dda,AMX115,1765910314,19.7077,-98.7062,5486,35
0d0dda,AMX115,1765910315,19.7091,-98.7053,5486,32
0d0dda,AMX115,1765910316,19.7097,-98.7049,5486,30
0d0dda,AMX115,1765910317,19.7106,-98.7044,5486,28
0d0dda,AMX115,1765910318,19.712,-98.7035,5486,27
0d0dda,AMX115,1765910320,19.716,-98.7015,5486,25
0d0dda,AMX115,1765910321,19.7167,-98.7011,5486,24
0d0dda,AMX115,1765910322,19.7193,-98.7,5486,21
0d0dda,AMX115,1765910323,19.7213,-98.6993,5486,19
0d0dda,AMX115,1765910324,19.723,-98.6987,5486,18
0d0dda,AMX115,1765910325,19.7244,-98.6983,5486,16
0d0dda,AMX115,1765910326,19.7258,-98.6979,5486,15
0d0dda,AMX115,1765910327,19.7275,-98.6975,5486,13
0d0dda,AMX115,1765910328,19.7275,-98.6975,5486,12
0d0dda,AMX115,1765910329,19.7293,-98.6971,5486,10
0d0dda,AMX115,1765910331,19.7336,-98.6964,5486,8
0d0dda,AMX115,1765910334,19.7383,-98.6958,5486,5
0d0dda,AMX115,1765910335,19.7401,-98.6957,5486,4
0d0dda,AMX115,1765910374,19.8068,-98.6939,5791,2
0d0dda,AMX115,1765910410,19.8703,-98.6895,6096,3
0d0dda,AMX115,1765910429,19.9046,-98.6872,6096,2
0d0dda,AMX115,1765910432,19.9082,-98.6871,6096,0
0d0dda,AMX115,1765910434,19.9131,-98.6872,6096,358
0d0dda,AMX115,1765910436,19.9163,-98.6874,6096,356
0d0dda,AMX115,1765910437,19.9183,-98.6876,6096,355
0d0dda,AMX115,1765910439,19.9218,-98.6882,6096,351
0d0dda,AMX115,1765910440,19.9238,-98.6886,6096,348
0d0dda,AMX115,1765910442,19.928,-98.6897,6096,346
0d0dda,AMX115,1765910443,19.9299,-98.6903,6096,343
0d0dda,AMX115,1765910444,19.9309,-98.6907,6400,343
0d0dda,AMX115,1765910445,19.9326,-98.6913,6400,340
0d0dda,AMX115,1765910446,19.9342,-98.692,6400,339
0d0dda,AMX115,1765910447,19.9359,-98.6926,6400,338
0d0dda,AMX115,1765910449,19.9393,-98.6942,6400,335
0d0dda,AMX115,1765910450,19.9408,-98.6949,6400,334
0d0dda,AMX115,1765910452,19.9441,-98.6967,6400,332
0d0dda,AMX115,1765910454,19.9474,-98.6987,6400,330
0d0dda,AMX115,1765910456,19.9506,-98.7008,6400,327
0d0dda,AMX115,1765910458,19.9526,-98.7023,6400,325
0d0dda,AMX115,1765910461,19.9561,-98.7049,6400,323
0d0dda,AMX115,1765910462,19.9574,-98.706,6400,321
0d0dda,AMX115,1765910466,19.964,-98.7122,6400,319
0d0dda,AMX115,1765910468,19.9653,-98.7135,6400,314
0d0dda,AMX115,1765910479,19.9799,-98.7306,6705,312
0d0dda,AMX115,1765910521,20.0322,-98.789,7010,313
0d0dda,AMX115,1765910563,20.0866,-98.8492,7315,313
0d0dda,AMX115,1765910601,20.1358,-98.904,7620,313
0d0dda,AMX115,1765910637,20.1827,-98.9564,7924,313
0d0dda,AMX115,1765910678,20.2367,-99.0169,8229,313
0d0dda,AMX115,1765910684,20.2442,-99.0253,8229,313
0d0dda,AMX115,1765915988,28.984,-105.2531,10972,341
0d0dda,AMX115,1765916566,30.1132,-105.6928,10668,341
0d0dda,AMX115,1765916610,30.1983,-105.7263,10363,341
0d0dda,AMX115,1765916628,30.2325,-105.74,10363,339
0d0dda,AMX115,1765916638,30.2515,-105.749,10058,337
0d0dda,AMX115,1765916663,30.2971,-105.7709,9753,337
0d0dda,AMX115,1765916692,30.3492,-105.796,9448,337
0d0dda,AMX115,1765916723,30.4045,-105.8227,9144,337
0d0dda,AMX115,1765916752,30.4558,-105.8477,8839,337
0d0dda,AMX115,1765916781,30.5053,-105.8717,8229,337
0d0dda,AMX115,1765916810,30.5528,-105.8947,8229,337
0d0dda,AMX115,1765916840,30.6038,-105.9191,7924,337
0d0dda,AMX115,1765916870,30.6519,-105.9425,7620,337
0d0dda,AMX115,1765916919,30.7278,-105.9797,7315,337
0d0dda,AMX115,1765916953,30.7778,-106.0041,7010,337
0d0dda,AMX115,1765916986,30.8265,-106.0278,6705,337
0d0dda,AMX115,1765917019,30.874,-106.0509,6400,336
0d0dda,AMX115,1765917053,30.9226,-106.0749,6096,337
0d0dda,AMX115,1765917086,30.969,-106.0976,5791,337
0d0dda,AMX115,1765917119,31.0141,-106.1195,5486,336
0d0dda,AMX115,1765917155,31.0636,-106.1438,5181,337
0d0dda,AMX115,1765917193,31.1149,-106.169,4876,336
0d0dda,AMX115,1765917230,31.1637,-106.193,4572,336
0d0dda,AMX115,1765917267,31.2123,-106.217,3962,336
0d0dda,AMX115,1765917302,31.2573,-106.2388,3962,337
0d0dda,AMX115,1765917353,31.3203,-106.269,3657,337
0d0dda,AMX115,1765917395,31.3689,-106.2926,3352,337
0d0dda,AMX115,1765917431,31.4079,-106.3116,3352,335
0d0dda,AMX115,1765917433,31.4098,-106.3127,3352,333
0d0dda,AMX115,1765917434,31.4108,-106.3133,3352,331
0d0dda,AMX115,1765917435,31.4118,-106.314,3352,330
0d0dda,AMX115,1765917436,31.4127,-106.3146,3352,328
0d0dda,AMX115,1765917437,31.4136,-106.3153,3352,327
0d0dda,AMX115,1765917438,31.4145,-106.316,3352,326
0d0dda,AMX115,1765917439,31.4155,-106.3168,3352,324
0d0dda,AMX115,1765917440,31.4158,-106.3171,3352,323
0d0dda,AMX115,1765917441,31.4172,-106.3184,3352,322
0d0dda,AMX115,1765917442,31.4178,-106.3189,3352,320
0d0dda,AMX115,1765917443,31.4188,-106.32,3352,319
0d0dda,AMX115,1765917444,31.4195,-106.3207,3352,318
0d0dda,AMX115,1765917445,31.4204,-106.3217,3048,316
0d0dda,AMX115,1765917446,31.4212,-106.3226,3048,315
0d0dda,AMX115,1765917447,31.4216,-106.3231,3048,313
0d0dda,AMX115,1765917448,31.4223,-106.324,3048,312
0d0dda,AMX115,1765917449,31.4233,-106.3253,3048,311
0d0dda,AMX115,1765917450,31.4239,-106.3262,3048,309
0d0dda,AMX115,1765917451,31.4245,-106.3271,3048,308
0d0dda,AMX115,1765917452,31.4251,-106.3281,3048,306
0d0dda,AMX115,1765917453,31.4258,-106.3291,3048,305
0d0dda,AMX115,1765917455,31.427,-106.3312,3048,303
0d0dda,AMX115,1765917456,31.4273,-106.3318,3048,301
0d0dda,AMX115,1765917457,31.428,-106.3333,3048,300
0d0dda,AMX115,1765917458,31.4283,-106.3339,3048,299
0d0dda,AMX115,1765917459,31.429,-106.3354,3048,297
0d0dda,AMX115,1765917461,31.4296,-106.337,3048,295
0d0dda,AMX115,1765917462,31.4302,-106.3384,3048,293
0d0dda,AMX115,1765917463,31.4305,-106.3394,3048,291
0d0dda,AMX115,1765917464,31.4309,-106.3406,3048,290
0d0dda,AMX115,1765917465,31.4312,-106.3416,3048,289
0d0dda,AMX115,1765917467,31.4319,-106.3444,3048,286
0d0dda,AMX115,1765917468,31.4322,-106.3455,3048,285
0d0dda,AMX115,1765917469,31.4324,-106.3466,3048,284
0d0dda,AMX115,1765917471,31.4329,-106.349,3048,281
0d0dda,AMX115,1765917472,31.433,-106.3501,3048,280
0d0dda,AMX115,1765917474,31.4334,-106.3524,3048,278
0d0dda,AMX115,1765917475,31.4335,-106.3535,3048,276
0d0dda,AMX115,1765917477,31.4337,-106.3558,3048,274
0d0dda,AMX115,1765917479,31.4337,-106.358,3048,272
0d0dda,AMX115,1765917481,31.4337,-106.3602,3048,270
0d0dda,AMX115,1765917484,31.4337,-106.3635,3048,267
0d0dda,AMX115,1765917485,31.4336,-106.3646,3048,265
0d0dda,AMX115,1765917486,31.4334,-106.366,3048,264
0d0dda,AMX115,1765917488,31.4332,-106.3681,3048,261
0d0dda,AMX115,1765917489,31.433,-106.3692,3048,260
0d0dda,AMX115,1765917491,31.4326,-106.3717,3048,257
0d0dda,AMX115,1765917492,31.4324,-106.3729,3048,256
0d0dda,AMX115,1765917493,31.4321,-106.3739,2743,255
0d0dda,AMX115,1765917494,31.4318,-106.3749,2743,253
0d0dda,AMX115,1765917495,31.4316,-106.376,2743,252
0d0dda,AMX115,1765917496,31.4312,-106.3772,2743,251
0d0dda,AMX115,1765917497,31.4309,-106.3781,2743,250
0d0dda,AMX115,1765917509,31.4265,-106.3907,2743,248
0d0dda,AMX115,1765917517,31.4239,-106.3986,2743,250
0d0dda,AMX115,1765917521,31.4226,-106.4033,2743,253
0d0dda,AMX115,1765917524,31.4219,-106.4065,2743,255
0d0dda,AMX115,1765917528,31.421,-106.4106,2743,257
0d0dda,AMX115,1765917531,31.4205,-106.4137,2743,259
0d0dda,AMX115,1765917533,31.4202,-106.4159,2743,260
0d0dda,AMX115,1765917536,31.4198,-106.419,2743,262
0d0dda,AMX115,1765917540,31.4195,-106.4234,2743,264
0d0dda,AMX115,1765917544,31.4193,-106.4275,2743,267
0d0dda,AMX115,1765917548,31.4192,-106.4311,2438,269
0d0dda,AMX115,1765917550,31.4192,-106.4334,2438,270
0d0dda,AMX115,1765917557,31.4194,-106.4408,2438,272
0d0dda,AMX115,1765917564,31.4198,-106.4479,2438,275
0d0dda,AMX115,1765917576,31.4209,-106.4596,2438,277
0d0dda,AMX115,1765917588,31.4225,-106.4715,2438,279
0d0dda,AMX115,1765917598,31.4241,-106.4812,2438,282
0d0dda,AMX115,1765917608,31.4261,-106.4907,2438,284
0d0dda,AMX115,1765917619,31.4285,-106.501,2438,286
0d0dda,AMX115,1765917632,31.4318,-106.5125,2438,289
0d0dda,AMX115,1765917642,31.4346,-106.5214,1828,291
0d0dda,AMX115,1765917643,31.4351,-106.5227,1828,291
0d0dda,AMX115,1765917653,31.438,-106.5309,1828,294
0d0dda,AMX115,1765917663,31.4417,-106.5398,1828,296
0d0dda,AMX115,1765917673,31.4453,-106.5479,1828,298
0d0dda,AMX115,1765917677,31.447,-106.5513,1828,300
0d0dda,AMX115,1765917679,31.4479,-106.5529,1828,303
0d0dda,AMX115,1765917680,31.4484,-106.5538,1828,304
0d0dda,AMX115,1765917681,31.4489,-106.5546,1828,305
0d0dda,AMX115,1765917682,31.4494,-106.5554,1828,307
0d0dda,AMX115,1765917683,31.4499,-106.5561,1828,309
0d0dda,AMX115,1765917684,31.4503,-106.5566,1828,311
0d0dda,AMX115,1765917685,31.4509,-106.5573,1828,312
0d0dda,AMX115,1765917686,31.4514,-106.558,1828,314
0d0dda,AMX115,1765917687,31.4523,-106.5589,1828,316
0d0dda,AMX115,1765917688,31.4529,-106.5595,1828,318
0d0dda,AMX115,1765917689,31.4532,-106.5598,1828,320
0d0dda,AMX115,1765917690,31.4536,-106.5602,1828,321
0d0dda,AMX115,1765917691,31.4545,-106.561,1828,323
0d0dda,AMX115,1765917693,31.4562,-106.5623,1828,325
0d0dda,AMX115,1765917694,31.4569,-106.5628,1828,328
0d0dda,AMX115,1765917695,31.4575,-106.5632,1828,329
0d0dda,AMX115,1765917697,31.4589,-106.564,1828,331
0d0dda,AMX115,1765917698,31.4596,-106.5644,1828,334
0d0dda,AMX115,1765917699,31.4602,-106.5647,1828,335
0d0dda,AMX115,1765917700,31.461,-106.5651,1828,336
0d0dda,AMX115,1765917701,31.4617,-106.5655,1828,338
0d0dda,AMX115,1765917702,31.4625,-106.5658,1828,340
0d0dda,AMX115,1765917703,31.4634,-106.5662,1828,341
0d0dda,AMX115,1765917705,31.4649,-106.5667,1828,342
0d0dda,AMX115,1765917706,31.4658,-106.567,1828,345
0d0dda,AMX115,1765917707,31.4665,-106.5671,1828,347
0d0dda,AMX115,1765917708,31.4675,-106.5673,1828,349
0d0dda,AMX115,1765917709,31.4682,-106.5674,1828,350
0d0dda,AMX115,1765917710,31.469,-106.5676,1828,351
0d0dda,AMX115,1765917711,31.4699,-106.5677,1828,353
0d0dda,AMX115,1765917712,31.4702,-106.5678,1828,355
0d0dda,AMX115,1765917713,31.4716,-106.5678,1828,356
0d0dda,AMX115,1765917715,31.4726,-106.5679,1828,359
0d0dda,AMX115,1765917716,31.474,-106.5679,1828,1
0d0dda,AMX115,1765917717,31.4748,-106.5678,1828,2
0d0dda,AMX115,1765917718,31.4756,-106.5677,1828,4
0d0dda,AMX115,1765917719,31.4764,-106.5676,1828,6
0d0dda,AMX115,1765917720,31.4773,-106.5675,1828,7
0d0dda,AMX115,1765917721,31.4782,-106.5673,1828,9
0d0dda,AMX115,1765917722,31.479,-106.5671,1828,10
0d0dda,AMX115,1765917723,31.4799,-106.5669,1828,12
0d0dda,AMX115,1765917724,31.4806,-106.5667,1828,14
0d0dda,AMX115,1765917725,31.4815,-106.5664,1828,15
0d0dda,AMX115,1765917726,31.4822,-106.5661,1828,17
0d0dda,AMX115,1765917727,31.483,-106.5658,1828,18
0d0dda,AMX115,1765917728,31.4838,-106.5654,1828,20
0d0dda,AMX115,1765917730,31.4857,-106.5645,1828,22
0d0dda,AMX115,1765917731,31.4864,-106.5641,1828,25
0d0dda,AMX115,1765917732,31.487,-106.5637,1828,27
0d0dda,AMX115,1765917733,31.4874,-106.5635,1828,28
0d0dda,AMX115,1765917734,31.4886,-106.5626,1828,30
0d0dda,AMX115,1765917735,31.4894,-106.5621,1828,31
0d0dda,AMX115,1765917737,31.4909,-106.561,1828,34
0d0dda,AMX115,1765917738,31.4917,-106.5602,1828,34
0d0dda,AMX115,1765917779,31.5215,-106.5359,1828,36
0d0dda,AMX115,1765917782,31.5239,-106.5337,1828,38
0d0dda,AMX115,1765917792,31.5308,-106.5267,1524,41
0d0dda,AMX115,1765917832,31.5579,-106.5006,1524,39
342105,IBS15VY,1765914876,35.2638,-9.1426,10363,38
342105,IBS15VY,1765914961,35.3736,-9.0367,10058,38
342105,IBS15VY,1765914995,35.4173,-8.9945,10363,38
342105,IBS15VY,1765915436,36.0024,-8.4225,10058,38
342105,IBS15VY,1765915482,36.0628,-8.363,10363,38
342105,IBS15VY,1765915614,36.2384,-8.1886,10058,38
342105,IBS15VY,1765915615,36.2404,-8.1866,10363,38
342105,IBS15VY,1765915616,36.241,-8.186,10058,38
342105,IBS15VY,1765915625,36.2529,-8.1742,10363,38
342105,IBS15VY,1765915626,36.2549,-8.1722,10058,38
342105,IBS15VY,1765915659,36.2987,-8.1285,10363,39
342105,IBS15VY,1765915809,36.5014,-7.926,10058,38
342105,IBS15VY,1765915811,36.5042,-7.9233,10363,38
342105,IBS15VY,1765915812,36.5056,-7.9218,10058,38
342105,IBS15VY,1765915813,36.5069,-7.9205,10363,39
342105,IBS15VY,1765915814,36.5085,-7.919,10058,39
342105,IBS15VY,1765915839,36.5425,-7.8848,10363,39
342105,IBS15VY,1765915921,36.6535,-7.773,10058,39
342105,IBS15VY,1765915941,36.6809,-7.7453,10363,39
342105,IBS15VY,1765916087,36.8803,-7.5431,10058,39
342105,IBS15VY,1765916154,36.9716,-7.4481,10363,41
342105,IBS15VY,1765916363,37.2504,-7.1418,10058,41
342105,IBS15VY,1765916364,37.2511,-7.1409,10363,41
342105,IBS15VY,1765916365,37.2525,-7.1394,10058,41
342105,IBS15VY,1765916380,37.2725,-7.1174,10363,41
342105,IBS15VY,1765916417,37.3217,-7.0631,10058,41
342105,IBS15VY,1765916435,37.3458,-7.0365,10363,41
342105,IBS15VY,1765916439,37.351,-7.0307,10058,41
342105,IBS15VY,1765916440,37.3524,-7.0293,10363,41
342105,IBS15VY,1765916451,37.3672,-7.0128,10058,41
342105,IBS15VY,1765916459,37.3778,-7.0011,10363,41
342105,IBS15VY,1765916543,37.4883,-6.8788,10058,41
342105,IBS15VY,1765916544,37.4897,-6.8774,10363,41
342105,IBS15VY,1765916545,37.4909,-6.876,10058,41
342105,IBS15VY,1765916548,37.4947,-6.8718,10363,41
342105,IBS15VY,1765916654,37.6348,-6.7157,10058,41
342105,IBS15VY,1765916658,37.6399,-6.71,10363,41
342105,IBS15VY,1765916659,37.6419,-6.7078,10058,41
342105,IBS15VY,1765916660,37.6426,-6.707,10363,41
342105,IBS15VY,1765916964,38.048,-6.2505,10058,41
342105,IBS15VY,1765916965,38.0492,-6.2492,10363,41
342105,IBS15VY,1765916972,38.0585,-6.2386,10058,41
342105,IBS15VY,1765917090,38.2148,-6.0609,10363,42
342105,IBS15VY,1765917167,38.3178,-5.943,10058,42
342105,IBS15VY,1765917168,38.3193,-5.9413,10363,42
342105,IBS15VY,1765917170,38.3214,-5.9389,10058,42
342105,IBS15VY,1765917194,38.3536,-5.9019,10363,42
342105,IBS15VY,1765917448,38.6917,-5.5107,10058,42
342105,IBS15VY,1765917449,38.6932,-5.509,10363,42
342105,IBS15VY,1765917450,38.6938,-5.5082,10058,42
342105,IBS15VY,1765917457,38.7033,-5.4972,10363,42
342105,IBS15VY,1765917462,38.7088,-5.4909,10058,42
342105,IBS15VY,1765917463,38.7114,-5.4879,10363,42
342105,IBS15VY,1765917464,38.7127,-5.4864,10058,42
342105,IBS15VY,1765917466,38.7152,-5.4834,10363,42
342105,IBS15VY,1765917467,38.716,-5.4825,10058,42
342105,IBS15VY,1765917468,38.7176,-5.4806,10363,42
342105,IBS15VY,1765917469,38.7189,-5.4791,10058,42
342105,IBS15VY,1765917520,38.785,-5.4022,10363,42
342105,IBS15VY,1765917527,38.7942,-5.3916,10058,42
342105,IBS15VY,1765917540,38.8108,-5.372,10058,43
342105,IBS15VY,1765917547,38.8186,-5.3622,10058,45
342105,IBS15VY,1765917613,38.8969,-5.2524,9753,47
342105,IBS15VY,1765917675,38.9691,-5.1511,9448,47
342105,IBS15VY,1765917733,39.0376,-5.0543,9144,47
342105,IBS15VY,1765917781,39.0927,-4.9761,8839,47
342105,IBS15VY,1765917821,39.1393,-4.9101,8229,47
342105,IBS15VY,1765917862,39.1845,-4.8455,8229,48
342105,IBS15VY,1765917905,39.2327,-4.7767,7924,48
342105,IBS15VY,1765917946,39.2771,-4.713,7620,48
342105,IBS15VY,1765917986,39.3203,-4.6512,7315,47
342105,IBS15VY,1765918028,39.3658,-4.5859,7010,48
342105,IBS15VY,1765918073,39.4092,-4.5236,6705,47
342105,IBS15VY,1765918112,39.4537,-4.4598,6400,48
342105,IBS15VY,1765918151,39.4936,-4.4022,6096,48
342105,IBS15VY,1765918191,39.5341,-4.3436,5791,48
342105,IBS15VY,1765918233,39.5769,-4.2815,5486,48
342105,IBS15VY,1765918275,39.6173,-4.223,5181,48
342105,IBS15VY,1765918331,39.6758,-4.1375,4876,48
342105,IBS15VY,1765918393,39.7412,-4.0423,4572,48
342105,IBS15VY,1765918435,39.7845,-3.9789,3962,48
342105,IBS15VY,1765918465,39.815,-3.9342,3962,48
342105,IBS15VY,1765918475,39.825,-3.9198,3962,47
342105,IBS15VY,1765918506,39.8585,-3.8754,3657,44
342105,IBS15VY,1765918548,39.9034,-3.8172,3352,45
342105,IBS15VY,1765918592,39.9486,-3.7573,3048,45
342105,IBS15VY,1765918658,40.0087,-3.6769,2743,45
342105,IBS15VY,1765918697,40.0417,-3.6327,2438,45
342105,IBS15VY,1765918733,40.0712,-3.5931,1828,45
342105,IBS15VY,1765918767,40.1004,-3.5538,1828,45
342105,IBS15VY,1765918857,40.1711,-3.4589,1524,44
342105,IBS15VY,1765918860,40.1734,-3.4561,1524,42
342105,IBS15VY,1765918902,40.2073,-3.4165,1524,40
342105,IBS15VY,1765918904,40.2087,-3.4151,1219,38
342105,IBS15VY,1765918906,40.2104,-3.4135,1219,36
342105,IBS15VY,1765918907,40.2114,-3.4126,1219,34
342105,IBS15VY,1765918908,40.2123,-3.4117,1219,33
342105,IBS15VY,1765918911,40.2152,-3.4094,1219,31
342105,IBS15VY,1765918943,40.245,-3.388,1219,28
342105,IBS15VY,1765918945,40.2473,-3.3866,1219,26
342105,IBS15VY,1765918947,40.2494,-3.3856,1219,21
342105,IBS15VY,1765918949,40.2504,-3.3851,1219,19
342105,IBS15VY,1765918950,40.2524,-3.3844,1219,15
342105,IBS15VY,1765918956,40.2587,-3.3834,1219,0
342105,IBS15VY,1765918959,40.2615,-3.3837,1219,356
342105,IBS15VY,1765918960,40.2626,-3.3837,1219,354
342105,IBS15VY,1765918961,40.2638,-3.3838,1219,353
342105,IBS15VY,1765918967,40.2702,-3.3849,1219,351
342105,IBS15VY,1765918989,40.2924,-3.3895,1219,349
342105,IBS15VY,1765918990,40.2935,-3.3899,1219,347
342105,IBS15VY,1765918992,40.2956,-3.3907,1219,342
342105,IBS15VY,1765918993,40.2965,-3.3911,1219,340
342105,IBS15VY,1765918995,40.2984,-3.392,1219,339
342105,IBS15VY,1765918997,40.3001,-3.393,1219,336
342105,IBS15VY,1765918999,40.3019,-3.3941,914,334
342105,IBS15VY,1765919000,40.3029,-3.3948,914,333
342105,IBS15VY,1765919002,40.3048,-3.3962,1219,331
342105,IBS15VY,1765919003,40.3057,-3.3969,1219,330
342105,IBS15VY,1765919007,40.3091,-3.3995,1219,327
342105,IBS15VY,1765919009,40.3106,-3.4009,1219,326
342105,IBS15VY,1765919017,40.3171,-3.4068,1219,324
342105,IBS15VY,1765919099,40.3786,-3.4683,914,322
342105,IBS15VY,1765919161,40.4218,-3.5121,609,323
342105,IBS15VY,1765919241,40.4625,-3.5533,304,321
342105,IBS15VY,1765919258,40.4705,-3.5613,304,321
344646,VLG6JB,1765920272,48.9961,2.5597,0,266
344646,VLG6JB,1765920279,48.9957,2.5519,304,265
344646,VLG6JB,1765920298,48.9948,2.5316,609,266
344646,VLG6JB,1765920325,48.9934,2.5042,914,265
344646,VLG6JB,1765920363,48.9909,2.462,1219,264
344646,VLG6JB,1765920408,48.9871,2.3963,1524,265
344646,VLG6JB,1765920431,48.985,2.3548,1828,265
344646,VLG6JB,1765920447,48.9834,2.3251,1828,265
344646,VLG6JB,1765920464,48.9817,2.294,2438,265
344646,VLG6JB,1765920482,48.9799,2.2608,2743,265
344646,VLG6JB,1765920498,48.9781,2.2298,2743,264
344646,VLG6JB,1765920500,48.9777,2.2259,2743,262
344646,VLG6JB,1765920502,48.9772,2.2221,2743,259
344646,VLG6JB,1765920503,48.9769,2.2202,2743,258
344646,VLG6JB,1765920504,48.9766,2.2183,2743,256
344646,VLG6JB,1765920505,48.9762,2.2165,2743,255
344646,VLG6JB,1765920506,48.9759,2.2149,2743,253
344646,VLG6JB,1765920507,48.9755,2.213,2743,252
344646,VLG6JB,1765920508,48.975,2.2113,2743,251
344646,VLG6JB,1765920509,48.9745,2.2095,2743,249
344646,VLG6JB,1765920510,48.9741,2.208,3048,247
344646,VLG6JB,1765920511,48.9735,2.2062,3048,246
344646,VLG6JB,1765920512,48.973,2.2045,3048,244
344646,VLG6JB,1765920513,48.9723,2.2029,3048,242
344646,VLG6JB,1765920514,48.9717,2.2012,3048,241
344646,VLG6JB,1765920515,48.971,2.1994,3048,239
344646,VLG6JB,1765920516,48.9702,2.1978,3048,237
344646,VLG6JB,1765920517,48.9695,2.1964,3048,235
344646,VLG6JB,1765920518,48.9686,2.1947,3048,233
344646,VLG6JB,1765920519,48.9679,2.1935,3048,232
344646,VLG6JB,1765920520,48.967,2.192,3048,230
344646,VLG6JB,1765920521,48.9662,2.1905,3048,228
344646,VLG6JB,1765920522,48.9652,2.1892,3048,226
344646,VLG6JB,1765920523,48.9643,2.188,3048,224
344646,VLG6JB,1765920524,48.9633,2.1866,3048,222
344646,VLG6JB,1765920525,48.9622,2.1854,3048,220
344646,VLG6JB,1765920526,48.9612,2.1843,3048,219
344646,VLG6JB,1765920527,48.96,2.183,3048,217
344646,VLG6JB,1765920528,48.9595,2.1824,3048,215
344646,VLG6JB,1765920529,48.9577,2.1808,3048,213
344646,VLG6JB,1765920530,48.9564,2.1798,3048,211
344646,VLG6JB,1765920531,48.9552,2.1788,3048,209
344646,VLG6JB,1765920532,48.9541,2.178,3048,208
344646,VLG6JB,1765920534,48.9517,2.1763,3048,206
344646,VLG6JB,1765920537,48.9479,2.1737,3048,204
344646,VLG6JB,1765920546,48.9362,2.1663,3352,202
344646,VLG6JB,1765920600,48.8639,2.1224,3657,201
344646,VLG6JB,1765920642,48.8057,2.0867,3962,202
344646,VLG6JB,1765920661,48.7798,2.0707,3962,201
344646,VLG6JB,1765920683,48.7485,2.0516,4572,201
344646,VLG6JB,1765920709,48.7112,2.0291,4876,200
344646,VLG6JB,1765920710,48.7097,2.0283,4876,200
344646,VLG6JB,1765920712,48.7061,2.0266,4876,198
344646,VLG6JB,1765920714,48.7037,2.0257,4876,196
344646,VLG6JB,1765920716,48.7003,2.0244,4876,193
344646,VLG6JB,1765920718,48.6971,2.0236,4876,191
344646,VLG6JB,1765920719,48.6956,2.0233,4876,190
344646,VLG6JB,1765920720,48.6938,2.023,4876,188
344646,VLG6JB,1765920721,48.6923,2.0228,4876,187
344646,VLG6JB,1765920722,48.6909,2.0226,4876,186
344646,VLG6JB,1765920723,48.6894,2.0225,4876,185
344646,VLG6JB,1765920724,48.6878,2.0224,4876,183
344646,VLG6JB,1765920725,48.6862,2.0224,4876,182
344646,VLG6JB,1765920726,48.6844,2.0225,4876,180
344646,VLG6JB,1765920727,48.683,2.0225,4876,179
344646,VLG6JB,1765920729,48.6799,2.0229,4876,176
344646,VLG6JB,1765920733,48.673,2.0238,5181,174
344646,VLG6JB,1765920754,48.6394,2.0294,5486,173
344646,VLG6JB,1765920791,48.5783,2.0397,5791,173
344646,VLG6JB,1765920810,48.5472,2.0451,6096,173
344646,VLG6JB,1765920833,48.5085,2.052,6400,173
344646,VLG6JB,1765920873,48.4405,2.064,6705,173
344646,VLG6JB,1765920910,48.3754,2.0753,7010,173
344646,VLG6JB,1765920921,48.3557,2.0792,7010,171
344646,VLG6JB,1765920931,48.3374,2.0841,7010,169
344646,VLG6JB,1765920942,48.3178,2.0906,7315,166
344646,VLG6JB,1765920948,48.3076,2.0943,7315,166
344646,VLG6JB,1765920980,48.2499,2.1144,7620,166
344646,VLG6JB,1765921016,48.1849,2.1371,7924,166
344646,VLG6JB,1765921047,48.1281,2.157,8229,166
344646,VLG6JB,1765921086,48.056,2.1821,8229,166
344646,VLG6JB,1765921148,47.9391,2.2226,8839,166
344646,VLG6JB,1765921199,47.8404,2.257,9144,166
344646,VLG6JB,1765921267,47.7051,2.3035,9448,167
344646,VLG6JB,1765921325,47.587,2.3439,9753,166
344646,VLG6JB,1765921360,47.5143,2.3688,10058,166
344646,VLG6JB,1765921405,47.4236,2.3998,10363,167
344646,VLG6JB,1765921451,47.3334,2.4302,10668,167
344646,VLG6JB,1765921962,46.3293,2.7637,10972,167
344646,VLG6JB,1765922029,46.1971,2.8068,11277,167
344646,VLG6JB,1765922232,45.797,2.9352,11277,168
344646,VLG6JB,1765922243,45.7751,2.941,11277,170
344646,VLG6JB,1765922254,45.7525,2.9455,10972,172
344646,VLG6JB,1765922262,45.7362,2.948,10972,174
344646,VLG6JB,1765922273,45.715,2.95,10972,176
344646,VLG6JB,1765922284,45.6924,2.951,10972,179
344646,VLG6JB,1765922303,45.6541,2.9499,11277,181
344646,VLG6JB,1765922304,45.6519,2.9498,10972,181
344646,VLG6JB,1765922305,45.6497,2.9498,11277,181
344646,VLG6JB,1765922307,45.6456,2.9496,10972,181
344646,VLG6JB,1765922308,45.6439,2.9496,11277,181
344646,VLG6JB,1765922314,45.6318,2.9491,10972,181
344646,VLG6JB,1765922315,45.6298,2.949,11277,181
344646,VLG6JB,1765922316,45.6276,2.9489,10972,181
344646,VLG6JB,1765922317,45.6256,2.9488,11277,181
344646,VLG6JB,1765922318,45.6234,2.9488,10972,181
344646,VLG6JB,1765922320,45.6203,2.9487,11277,181
344646,VLG6JB,1765922321,45.6181,2.9486,10972,181
344646,VLG6JB,1765922322,45.6153,2.9484,11277,181
344646,VLG6JB,1765922653,44.948,2.9231,10972,181
344646,VLG6JB,1765922654,44.9464,2.923,11277,181
344646,VLG6JB,1765922655,44.9442,2.9229,10972,181
344646,VLG6JB,1765922762,44.7301,2.9148,11277,181
344646,VLG6JB,1765922764,44.7253,2.9147,10972,181
344646,VLG6JB,1765922765,44.7242,2.9147,11277,181
344646,VLG6JB,1765923169,43.9162,2.8846,10972,181
344646,VLG6JB,1765923170,43.9144,2.8845,11277,181
344646,VLG6JB,1765923179,43.8972,2.8839,10972,181
344646,VLG6JB,1765923180,43.8953,2.8838,11277,181
344646,VLG6JB,1765923181,43.8935,2.8838,10972,181
344646,VLG6JB,1765923182,43.8912,2.8837,11277,181
344646,VLG6JB,1765923183,43.889,2.8836,10972,181
344646,VLG6JB,1765923184,43.887,2.8835,11277,181
344646,VLG6JB,1765923187,43.8812,2.8833,10972,181
344646,VLG6JB,1765923190,43.8752,2.8831,11277,181
344646,VLG6JB,1765923192,43.8715,2.883,10972,181
344646,VLG6JB,1765923197,43.8618,2.8826,11277,181
344646,VLG6JB,1765923205,43.8458,2.8821,10972,181
344646,VLG6JB,1765923206,43.8437,2.8819,11277,181
344646,VLG6JB,1765923210,43.8361,2.8817,10972,181
344646,VLG6JB,1765923211,43.834,2.8816,11277,181
344646,VLG6JB,1765923212,43.832,2.8815,10972,181
344646,VLG6JB,1765923213,43.8298,2.8814,11277,181
344646,VLG6JB,1765923214,43.8277,2.8814,10972,181
344646,VLG6JB,1765923215,43.8255,2.8812,11277,181
344646,VLG6JB,1765923217,43.8218,2.8811,10972,181
344646,VLG6JB,1765923219,43.8181,2.881,11277,181
344646,VLG6JB,1765923220,43.8159,2.8809,10972,181
344646,VLG6JB,1765923243,43.7701,2.8791,11277,181
344646,VLG6JB,1765923257,43.7433,2.8782,10972,181
344646,VLG6JB,1765923263,43.7311,2.8778,11277,181
344646,VLG6JB,1765923264,43.7292,2.8778,10972,181
344646,VLG6JB,1765923270,43.7174,2.8774,11277,181
344646,VLG6JB,1765923272,43.713,2.8772,10972,181
344646,VLG6JB,1765923273,43.7109,2.8772,11277,181
344646,VLG6JB,1765923301,43.6558,2.8751,10972,181
344646,VLG6JB,1765923308,43.6419,2.8747,11277,181
344646,VLG6JB,1765923309,43.6399,2.8746,10972,181
344646,VLG6JB,1765923310,43.6376,2.8745,11277,181
344646,VLG6JB,1765923311,43.6357,2.8744,10972,181
344646,VLG6JB,1765923313,43.6325,2.8743,11277,181
344646,VLG6JB,1765923314,43.6306,2.8743,10972,181
344646,VLG6JB,1765923392,43.4754,2.8684,11277,181
344646,VLG6JB,1765923471,43.3151,2.8626,10972,181
344646,VLG6JB,1765923539,43.1803,2.8577,10668,181
344646,VLG6JB,1765923601,43.059,2.8534,10363,181
344646,VLG6JB,1765923651,42.9584,2.8502,10058,181
344646,VLG6JB,1765923676,42.9075,2.8484,9753,181
344646,VLG6JB,1765923704,42.8504,2.8461,9448,181
344646,VLG6JB,1765923734,42.7918,2.844,9144,181
344646,VLG6JB,1765923763,42.7346,2.842,8839,181
344646,VLG6JB,1765923791,42.6806,2.8402,8229,181
344646,VLG6JB,1765923804,42.6553,2.8392,8229,181
344646,VLG6JB,1765923819,42.6248,2.8381,7924,181
344646,VLG6JB,1765923845,42.5724,2.8363,7620,181
344646,VLG6JB,1765923872,42.5192,2.8345,7315,181
344646,VLG6JB,1765923903,42.4593,2.8316,7315,183
344646,VLG6JB,1765923911,42.4453,2.8297,7315,186
344646,VLG6JB,1765923918,42.4324,2.8271,7010,188
344646,VLG6JB,1765923924,42.421,2.8244,7010,189
344646,VLG6JB,1765923945,42.3833,2.8152,6705,190
344646,VLG6JB,1765923981,42.3191,2.7995,6400,190
344646,VLG6JB,1765924018,42.2555,2.7839,6096,190
344646,VLG6JB,1765924053,42.1967,2.7695,5791,190
344646,VLG6JB,1765924077,42.157,2.7599,5486,190
344646,VLG6JB,1765924108,42.1057,2.7473,5181,190
344646,VLG6JB,1765924128,42.0723,2.7392,4876,190
344646,VLG6JB,1765924148,42.0395,2.7312,4572,190
344646,VLG6JB,1765924176,41.992,2.7196,3962,190
344646,VLG6JB,1765924199,41.9528,2.7101,3962,190
344646,VLG6JB,1765924229,41.9033,2.6981,3657,190
344646,VLG6JB,1765924249,41.8714,2.6901,3657,192
344646,VLG6JB,1765924251,41.8675,2.6888,3657,193
344646,VLG6JB,1765924253,41.8643,2.6875,3657,195
344646,VLG6JB,1765924254,41.8635,2.6872,3657,196
344646,VLG6JB,1765924257,41.858,2.6845,3352,198
344646,VLG6JB,1765924258,41.8566,2.6838,3352,200
344646,VLG6JB,1765924260,41.853,2.6818,3352,202
344646,VLG6JB,1765924262,41.8507,2.6803,3352,203
344646,VLG6JB,1765924266,41.8455,2.6767,3352,207
344646,VLG6JB,1765924271,41.8379,2.671,3352,207
344646,VLG6JB,1765924274,41.8336,2.6676,3352,209
344646,VLG6JB,1765924296,41.8033,2.6441,3048,210
344646,VLG6JB,1765924366,41.7168,2.5764,2743,210
344646,VLG6JB,1765924405,41.671,2.541,2438,210
344646,VLG6JB,1765924434,41.6386,2.5156,1828,210
344646,VLG6JB,1765924475,41.5927,2.4797,1828,210
344646,VLG6JB,1765924519,41.5444,2.4423,1524,210
344646,VLG6JB,1765924559,41.5012,2.4089,1219,210
344646,VLG6JB,1765924599,41.4577,2.3751,914,210
344646,VLG6JB,1765924651,41.4022,2.3322,609,210
344646,VLG6JB,1765924687,41.3673,2.3051,609,211
344646,VLG6JB,1765924689,41.3654,2.3033,609,213
344646,VLG6JB,1765924690,41.3643,2.3021,609,216
344646,VLG6JB,1765924691,41.3635,2.3011,609,218
344646,VLG6JB,1765924692,41.3626,2.3,609,221
344646,VLG6JB,1765924693,41.3622,2.2994,609,223
344646,VLG6JB,1765924694,41.3611,2.2978,609,226
344646,VLG6JB,1765924696,41.3604,2.2966,609,228
344646,VLG6JB,1765924697,41.3591,2.2942,609,231
344646,VLG6JB,1765924698,41.3588,2.2936,609,233
344646,VLG6JB,1765924700,41.3577,2.2913,609,235
344646,VLG6JB,1765924701,41.3571,2.29,609,237
344646,VLG6JB,1765924703,41.356,2.2875,609,239
344646,VLG6JB,1765924715,41.35,2.2722,609,241
344646,VLG6JB,1765924717,41.349,2.2693,609,243
344646,VLG6JB,1765924754,41.3336,2.2244,304,245
344646,VLG6JB,1765924811,41.3137,2.1661,0,245
344646,VLG6JB,1765924882,41.2928,2.105,0,245
344646,VLG7SY,1765910836,41.289,2.0939,0,65
344646,VLG7SY,1765910845,41.2914,2.1012,0,67
344646,VLG7SY,1765910847,41.2919,2.1033,0,69
344646,VLG7SY,1765910848,41.2921,2.1041,0,71
344646,VLG7SY,1765910849,41.2923,2.105,0,74
344646,VLG7SY,1765910850,41.2924,2.1059,0,76
344646,VLG7SY,1765910851,41.2925,2.1068,0,79
344646,VLG7SY,1765910852,41.2926,2.1078,0,82
344646,VLG7SY,1765910853,41.2926,2.1086,0,85
344646,VLG7SY,1765910854,41.2926,2.1096,304,88
344646,VLG7SY,1765910855,41.2925,2.1104,304,91
344646,VLG7SY,1765910856,41.2925,2.1113,304,93
344646,VLG7SY,1765910857,41.2924,2.1122,304,94
344646,VLG7SY,1765910858,41.2923,2.1131,304,96
344646,VLG7SY,1765910882,41.2897,2.1376,609,98
344646,VLG7SY,1765910894,41.2882,2.1511,609,99
344646,VLG7SY,1765910896,41.2878,2.1534,609,102
344646,VLG7SY,1765910897,41.2875,2.1546,609,103
344646,VLG7SY,1765910899,41.287,2.1569,609,106
344646,VLG7SY,1765910900,41.2867,2.158,609,107
344646,VLG7SY,1765910902,41.286,2.1605,609,110
344646,VLG7SY,1765910904,41.2853,2.1627,609,112
344646,VLG7SY,1765910906,41.2846,2.1649,914,114
344646,VLG7SY,1765910908,41.2837,2.167,914,116
344646,VLG7SY,1765910911,41.2824,2.1704,914,117
344646,VLG7SY,1765910922,41.2775,2.1818,1219,120
344646,VLG7SY,1765910938,41.27,2.1985,1524,120
344646,VLG7SY,1765910954,41.2628,2.2153,1828,119
344646,VLG7SY,1765910973,41.254,2.2361,1828,119
344646,VLG7SY,1765910992,41.2453,2.2564,2438,119
344646,VLG7SY,1765911011,41.2361,2.2778,2743,121
344646,VLG7SY,1765911012,41.2354,2.2793,2743,121
344646,VLG7SY,1765911014,41.2342,2.2815,2743,123
344646,VLG7SY,1765911016,41.2333,2.2832,2743,125
344646,VLG7SY,1765911018,41.232,2.2854,2743,127
344646,VLG7SY,1765911020,41.2308,2.2873,2743,129
344646,VLG7SY,1765911023,41.2284,2.2907,2743,132
344646,VLG7SY,1765911026,41.2263,2.2936,2743,134
344646,VLG7SY,1765911034,41.2207,2.3008,3048,135
344646,VLG7SY,1765911052,41.2071,2.3179,3352,136
344646,VLG7SY,1765911072,41.1915,2.3375,3657,136
344646,VLG7SY,1765911092,41.1759,2.3574,3962,136
344646,VLG7SY,1765911113,41.1593,2.3782,3962,137
344646,VLG7SY,1765911137,41.1386,2.4036,3962,135
344646,VLG7SY,1765911139,41.137,2.4059,3962,132
344646,VLG7SY,1765911140,41.1364,2.407,3962,131
344646,VLG7SY,1765911141,41.1356,2.4083,3962,129
344646,VLG7SY,1765911142,41.1347,2.4099,3962,128
344646,VLG7SY,1765911143,41.1339,2.4113,3962,126
344646,VLG7SY,1765911144,41.1333,2.4126,3962,125
344646,VLG7SY,1765911145,41.1326,2.4141,3962,123
344646,VLG7SY,1765911146,41.1319,2.4157,3962,122
344646,VLG7SY,1765911147,41.1313,2.4171,3962,120
344646,VLG7SY,1765911148,41.1308,2.4186,3962,118
344646,VLG7SY,1765911149,41.1303,2.4199,3962,116
344646,VLG7SY,1765911150,41.1298,2.4216,3962,114
344646,VLG7SY,1765911151,41.1293,2.4234,3962,112
344646,VLG7SY,1765911152,41.1289,2.4249,3962,110
344646,VLG7SY,1765911153,41.1285,2.4268,4572,108
344646,VLG7SY,1765911154,41.1282,2.4284,4572,106
344646,VLG7SY,1765911155,41.1279,2.4301,4572,104
344646,VLG7SY,1765911156,41.1276,2.4318,4572,102
344646,VLG7SY,1765911157,41.1274,2.4339,4572,100
344646,VLG7SY,1765911158,41.1272,2.4359,4572,98
344646,VLG7SY,1765911160,41.1271,2.4376,4572,96
344646,VLG7SY,1765911160,41.1271,2.4387,4572,94
344646,VLG7SY,1765911162,41.1271,2.4412,4572,92
344646,VLG7SY,1765911171,41.1296,2.4589,4572,90
344646,VLG7SY,1765911175,41.1312,2.4642,4572,78
344646,VLG7SY,1765911176,41.1324,2.4677,4572,67
344646,VLG7SY,1765911177,41.1331,2.4696,4572,64
344646,VLG7SY,1765911178,41.134,2.4719,4572,62
344646,VLG7SY,1765911179,41.1344,2.4727,4572,61
344646,VLG7SY,1765911180,41.1356,2.4753,4572,60
344646,VLG7SY,1765911181,41.1364,2.4769,4572,58
344646,VLG7SY,1765911182,41.1373,2.4787,4572,57
344646,VLG7SY,1765911184,41.1386,2.4812,4572,55
344646,VLG7SY,1765911212,41.1665,2.5281,4876,53
344646,VLG7SY,1765911216,41.1699,2.5342,4876,53
344646,VLG7SY,1765911240,41.1939,2.5803,5181,56
344646,VLG7SY,1765911263,41.2156,2.6235,5486,56
344646,VLG7SY,1765911287,41.2378,2.6683,5791,56
344646,VLG7SY,1765911313,41.2642,2.7216,6096,56
344646,VLG7SY,1765911344,41.295,2.7836,6400,56
344646,VLG7SY,1765911369,41.3206,2.8353,6705,56
344646,VLG7SY,1765911404,41.3567,2.9088,7010,56
344646,VLG7SY,1765911434,41.3878,2.972,7315,56
344646,VLG7SY,1765911464,41.42,3.0378,7620,56
344646,VLG7SY,1765911488,41.4451,3.089,7924,57
344646,VLG7SY,1765911516,41.4741,3.1483,8229,56
344646,VLG7SY,1765911545,41.5045,3.2106,8229,57
344646,VLG7SY,1765911577,41.5384,3.2804,8839,57
344646,VLG7SY,1765911650,41.6178,3.444,9144,57
344646,VLG7SY,1765911676,41.6469,3.5043,9448,57
344646,VLG7SY,1765911706,41.6802,3.5732,9753,57
344646,VLG7SY,1765911741,41.7184,3.6528,10058,57
344646,VLG7SY,1765911814,41.799,3.821,10363,57
344646,VLG7SY,1765911822,41.8081,3.8399,10058,57
344646,VLG7SY,1765911827,41.8131,3.8505,10363,57
344646,VLG7SY,1765912029,42.0427,4.3354,10363,56
344646,VLG7SY,1765912040,42.0559,4.3609,10363,54
344646,VLG7SY,1765912052,42.0711,4.388,10363,51
344646,VLG7SY,1765912064,42.0875,4.4146,10363,49
344646,VLG7SY,1765912076,42.1039,4.4392,10363,47
344646,VLG7SY,1765912088,42.1216,4.4636,10363,44
344646,VLG7SY,1765912100,42.1402,4.4872,10363,42
344646,VLG7SY,1765912149,42.2172,4.5779,10668,40
344646,VLG7SY,1765912195,42.291,4.6585,10972,38
344646,VLG7SY,1765912253,42.3851,4.7606,11277,38
344646,VLG7SY,1765912323,42.4993,4.8864,11582,39
344646,VLG7SY,1765912336,42.5198,4.9094,11582,39
344646,VLG7SY,1765912341,42.529,4.9189,11582,36
344646,VLG7SY,1765912345,42.5363,4.9257,11582,34
344646,VLG7SY,1765912349,42.5431,4.9316,11582,32
344646,VLG7SY,1765912353,42.5513,4.938,11582,30
344646,VLG7SY,1765912356,42.5562,4.9415,11582,28
344646,VLG7SY,1765912359,42.5628,4.9459,11582,26
344646,VLG7SY,1765912362,42.5686,4.9493,11582,24
344646,VLG7SY,1765912365,42.5736,4.9521,11582,22
344646,VLG7SY,1765912368,42.5809,4.9557,11277,20
344646,VLG7SY,1765912370,42.585,4.9575,11582,20
344646,VLG7SY,1765912371,42.5871,4.9584,11582,17
344646,VLG7SY,1765912373,42.5913,4.9601,11582,16
344646,VLG7SY,1765912376,42.598,4.9624,11582,14
344646,VLG7SY,1765912379,42.6043,4.9643,11582,12
344646,VLG7SY,1765912382,42.6106,4.9658,11582,10
344646,VLG7SY,1765912385,42.6172,4.9671,11582,8
344646,VLG7SY,1765912388,42.6237,4.9681,11582,6
344646,VLG7SY,1765912392,42.6309,4.9688,11582,4
344646,VLG7SY,1765912394,42.6378,4.9691,11582,2
344646,VLG7SY,1765912397,42.6424,4.9691,11582,0
344646,VLG7SY,1765912398,42.6455,4.9689,11582,359
344646,VLG7SY,1765912400,42.65,4.9687,11582,358
344646,VLG7SY,1765912563,43.0041,4.935,11277,355
344646,VLG7SY,1765912564,43.0066,4.9347,11582,355
344646,VLG7SY,1765912573,43.0263,4.9328,11277,355
344646,VLG7SY,1765912574,43.0284,4.9326,11582,355
344646,VLG7SY,1765912690,43.2786,4.9081,11277,355
344646,VLG7SY,1765912691,43.2811,4.9078,11582,355
344646,VLG7SY,1765912694,43.2879,4.9071,11277,355
344646,VLG7SY,1765912701,43.3029,4.9057,11582,355
344646,VLG7SY,1765912945,43.8265,4.8537,11277,355
344646,VLG7SY,1765913062,44.0745,4.8287,11582,355
344646,VLG7SY,1765913064,44.0788,4.8284,11277,355
344646,VLG7SY,1765913065,44.0808,4.8281,11582,355
344646,VLG7SY,1765913215,44.4001,4.7959,11277,355
344646,VLG7SY,1765913227,44.4252,4.7932,11582,355
344646,VLG7SY,1765913228,44.4275,4.7931,11277,355
344646,VLG7SY,1765913232,44.436,4.7922,11582,355
344646,VLG7SY,1765913234,44.4403,4.7917,11277,355
344646,VLG7SY,1765913235,44.4425,4.7915,11582,355
344646,VLG7SY,1765913277,44.5323,4.7823,11582,355
344646,VLG7SY,1765913290,44.56,4.7784,11582,353
344646,VLG7SY,1765913449,44.8939,4.7047,11277,350
344646,VLG7SY,1765913451,44.8968,4.704,11582,350
344646,VLG7SY,1765913453,44.9021,4.7029,11277,350
344646,VLG7SY,1765913494,44.9888,4.6836,11582,350
344646,VLG7SY,1765913502,45.0049,4.6802,11582,352
344646,VLG7SY,1765913507,45.0163,4.6786,11277,354
344646,VLG7SY,1765913508,45.0185,4.6784,11277,354
344646,VLG7SY,1765913513,45.0288,4.6777,11582,357
344646,VLG7SY,1765913514,45.0298,4.6776,11277,357
344646,VLG7SY,1765913516,45.035,4.6775,11277,358
344646,VLG7SY,1765913519,45.0418,4.6776,11277,0
344646,VLG7SY,1765913520,45.0439,4.6777,11582,0
344646,VLG7SY,1765913523,45.0499,4.678,11582,2
344646,VLG7SY,1765913528,45.0612,4.6792,11582,4
344646,VLG7SY,1765913533,45.0716,4.681,11582,7
344646,VLG7SY,1765913538,45.0824,4.6835,11582,9
344646,VLG7SY,1765913542,45.0904,4.6859,11582,11
344646,VLG7SY,1765913714,45.4532,4.8119,11277,13
344646,VLG7SY,1765913715,45.4556,4.8128,11582,13
344646,VLG7SY,1765913717,45.4598,4.8143,11277,13
344646,VLG7SY,1765913718,45.4617,4.8149,11582,13
344646,VLG7SY,1765913719,45.4638,4.8156,11277,13
344646,VLG7SY,1765913724,45.4746,4.8191,11277,12
344646,VLG7SY,1765913729,45.4854,4.8218,11277,9
344646,VLG7SY,1765913734,45.4969,4.8241,11277,7
344646,VLG7SY,1765913738,45.5054,4.8252,11277,5
344646,VLG7SY,1765913742,45.5133,4.8258,11582,3
344646,VLG7SY,1765913743,45.5154,4.8259,11277,2
344646,VLG7SY,1765913746,45.5218,4.8261,11582,1
344646,VLG7SY,1765913747,45.5248,4.8261,11277,0
344646,VLG7SY,1765913748,45.5248,4.8261,11277,0
344646,VLG7SY,1765913749,45.5282,4.8259,11277,359
344646,VLG7SY,1765913753,45.5369,4.8254,11277,357
344646,VLG7SY,1765913757,45.5458,4.8243,11277,354
344646,VLG7SY,1765913761,45.5542,4.8228,11277,352
344646,VLG7SY,1765913765,45.5634,4.8207,11582,350
344646,VLG7SY,1765913769,45.5716,4.8182,11582,348
344646,VLG7SY,1765913893,45.8295,4.7293,11277,346
344646,VLG7SY,1765913894,45.8315,4.7286,11582,346
344646,VLG7SY,1765913898,45.8394,4.7258,11277,346
344646,VLG7SY,1765913899,45.8417,4.725,11582,346
344646,VLG7SY,1765913900,45.8437,4.7243,11277,346
344646,VLG7SY,1765913904,45.8521,4.7214,11582,346
344646,VLG7SY,1765913905,45.854,4.7207,11277,346
344646,VLG7SY,1765913906,45.8562,4.72,11582,346
344646,VLG7SY,1765913939,45.9245,4.6961,11277,346
344646,VLG7SY,1765913940,45.9267,4.6953,11582,346
344646,VLG7SY,1765914119,46.2977,4.5646,11277,346
344646,VLG7SY,1765914120,46.3008,4.5635,11582,346
344646,VLG7SY,1765914122,46.3038,4.5623,11277,346
344646,VLG7SY,1765914123,46.3061,4.5615,11582,346
344646,VLG7SY,1765914124,46.3082,4.5608,11277,346
344646,VLG7SY,1765914125,46.3102,4.5602,11582,346
344646,VLG7SY,1765914126,46.3125,4.5593,11277,346
344646,VLG7SY,1765914128,46.3165,4.5579,11582,346
344646,VLG7SY,1765914129,46.3185,4.5571,11277,346
344646,VLG7SY,1765914131,46.3234,4.5554,11582,346
344646,VLG7SY,1765914132,46.3245,4.555,11277,346
344646,VLG7SY,1765914133,46.3267,4.5542,11582,346
344646,VLG7SY,1765914134,46.3297,4.5532,11277,346
344646,VLG7SY,1765914136,46.333,4.552,11582,346
344646,VLG7SY,1765914137,46.3353,4.5512,11277,346
344646,VLG7SY,1765914138,46.3374,4.5504,11582,346
344646,VLG7SY,1765914139,46.3397,4.5496,11277,346
344646,VLG7SY,1765914140,46.3417,4.5489,11582,346
344646,VLG7SY,1765914554,47.1888,4.2423,11277,346
344646,VLG7SY,1765914619,47.3196,4.1941,10972,345
344646,VLG7SY,1765914650,47.3825,4.1707,10668,345
344646,VLG7SY,1765914685,47.4523,4.1447,10363,345
344646,VLG7SY,1765914719,47.5208,4.1194,10058,345
344646,VLG7SY,1765914754,47.5903,4.0935,9753,345
344646,VLG7SY,1765914788,47.6577,4.0682,9448,345
344646,VLG7SY,1765914818,47.7184,4.0453,9144,345
344646,VLG7SY,1765914845,47.7737,4.0248,8839,345
344646,VLG7SY,1765914874,47.8308,4.0033,8229,345
344646,VLG7SY,1765914899,47.8791,3.9851,8229,345
344646,VLG7SY,1765914926,47.9312,3.9653,7924,345
344646,VLG7SY,1765914950,47.9754,3.9483,7620,345
344646,VLG7SY,1765914967,48.0079,3.9359,7315,345
344646,VLG7SY,1765914994,48.0583,3.9169,7010,345
344646,VLG7SY,1765915018,48.1023,3.9002,6705,345
344646,VLG7SY,1765915037,48.1372,3.8868,6400,345
344646,VLG7SY,1765915064,48.1854,3.8683,6096,345
344646,VLG7SY,1765915087,48.2274,3.8523,5791,345
344646,VLG7SY,1765915113,48.2724,3.8348,5791,344
344646,VLG7SY,1765915116,48.2777,3.8322,5486,341
344646,VLG7SY,1765915117,48.2784,3.8318,5486,340
344646,VLG7SY,1765915119,48.2826,3.8293,5486,338
344646,VLG7SY,1765915121,48.2863,3.827,5486,337
344646,VLG7SY,1765915123,48.2896,3.8246,5486,335
344646,VLG7SY,1765915125,48.2927,3.8222,5486,333
344646,VLG7SY,1765915127,48.2957,3.8197,5486,331
344646,VLG7SY,1765915129,48.2989,3.8168,5486,329
344646,VLG7SY,1765915131,48.3019,3.8139,5486,327
344646,VLG7SY,1765915133,48.3048,3.8109,5486,326
344646,VLG7SY,1765915146,48.3233,3.7912,5181,324
344646,VLG7SY,1765915176,48.3661,3.745,4876,324
344646,VLG7SY,1765915208,48.411,3.6959,4572,323
344646,VLG7SY,1765915244,48.4613,3.6407,3962,323
344646,VLG7SY,1765915287,48.5186,3.5775,3962,323
344646,VLG7SY,1765915317,48.5605,3.5312,3657,323
344646,VLG7SY,1765915360,48.6152,3.4705,3352,323
344646,VLG7SY,1765915460,48.7413,3.3302,3048,323
344646,VLG7SY,1765915521,48.8089,3.2545,2743,323
344646,VLG7SY,1765915555,48.8452,3.214,2438,323
344646,VLG7SY,1765915604,48.8964,3.1565,1828,323
344646,VLG7SY,1765915636,48.93,3.1185,1828,323
344646,VLG7SY,1765915681,48.9763,3.0662,1524,323
344646,VLG7SY,1765915743,49.0362,2.9983,1524,321
344646,VLG7SY,1765915745,49.038,2.9958,1524,319
344646,VLG7SY,1765915746,49.0387,2.9945,1524,316
344646,VLG7SY,1765915748,49.0403,2.9918,1524,314
344646,VLG7SY,1765915749,49.0408,2.9905,1524,309
344646,VLG7SY,1765915750,49.0413,2.9892,1524,306
344646,VLG7SY,1765915751,49.0419,2.9879,1524,306
344646,VLG7SY,1765915752,49.0424,2.9864,1524,301
344646,VLG7SY,1765915753,49.0429,2.9848,1524,299
344646,VLG7SY,1765915754,49.0433,2.9834,1524,296
344646,VLG7SY,1765915755,49.0437,2.9817,1524,294
344646,VLG7SY,1765915756,49.0441,2.9803,1524,291
344646,VLG7SY,1765915757,49.0444,2.9787,1524,289
344646,VLG7SY,1765915758,49.0447,2.9771,1524,287
344646,VLG7SY,1765915759,49.045,2.9753,1524,285
344646,VLG7SY,1765915760,49.0452,2.9735,1524,284
344646,VLG7SY,1765915761,49.0454,2.9719,1524,282
344646,VLG7SY,1765915762,49.0456,2.9703,1524,280
344646,VLG7SY,1765915763,49.0457,2.9688,1524,279
344646,VLG7SY,1765915764,49.0458,2.9671,1524,278
344646,VLG7SY,1765915765,49.0459,2.9655,1524,277
344646,VLG7SY,1765915766,49.046,2.964,1524,275
344646,VLG7SY,1765915768,49.0461,2.9607,1524,273
344646,VLG7SY,1765915771,49.0461,2.9565,1524,271
344646,VLG7SY,1765915775,49.0461,2.9503,1524,269
344646,VLG7SY,1765915788,49.0456,2.929,1219,267
344646,VLG7SY,1765915855,49.041,2.8338,914,265
344646,VLG7SY,1765915910,49.0372,2.761,609,265
344646,VLG7SY,1765915972,49.0332,2.6843,304,265
344646,VLG7SY,1765916055,49.029,2.6056,0,264
344646,VLG7SY,1765916093,49.0273,2.5722,0,265
345218,AEA1518,1765909525,48.365,11.796,304,82
345218,AEA1518,1765909537,48.3661,11.8099,609,82
345218,AEA1518,1765909569,48.3694,11.8509,914,83
345218,AEA1518,1765909598,48.3728,11.8967,1219,83
345218,AEA1518,1765909619,48.3753,11.9335,1524,83
345218,AEA1518,1765909635,48.3773,11.9624,1524,86
345218,AEA1518,1765909637,48.3774,11.9661,1828,88
345218,AEA1518,1765909638,48.3774,11.9679,1828,89
345218,AEA1518,1765909639,48.3774,11.9698,1828,92
345218,AEA1518,1765909640,48.3773,11.9716,1828,93
345218,AEA1518,1765909641,48.3772,11.9734,1828,95
345218,AEA1518,1765909643,48.3769,11.977,1828,98
345218,AEA1518,1765909644,48.3767,11.9786,1828,102
345218,AEA1518,1765909645,48.3764,11.9803,1828,104
345218,AEA1518,1765909647,48.3756,11.9841,1828,106
345218,AEA1518,1765909648,48.3752,11.9859,1828,108
345218,AEA1518,1765909649,48.3749,11.9874,1828,110
345218,AEA1518,1765909650,48.3744,11.989,1828,112
345218,AEA1518,1765909651,48.3739,11.9907,1828,114
345218,AEA1518,1765909652,48.3733,11.9922,1828,116
345218,AEA1518,1765909653,48.3728,11.9937,1828,120
345218,AEA1518,1765909654,48.3722,11.9952,1828,120
345218,AEA1518,1765909655,48.3715,11.9967,1828,122
345218,AEA1518,1765909656,48.3708,11.9982,1828,124
345218,AEA1518,1765909657,48.37,11.9997,1828,126
345218,AEA1518,1765909658,48.3692,12.0012,1828,127
345218,AEA1518,1765909659,48.3684,12.0026,1828,128
345218,AEA1518,1765909660,48.368,12.0034,1828,130
345218,AEA1518,1765909661,48.3668,12.0053,1828,131
345218,AEA1518,1765909662,48.3663,12.0059,1828,135
345218,AEA1518,1765909664,48.3646,12.0084,1828,136
345218,AEA1518,1765909665,48.3636,12.0097,1828,138
345218,AEA1518,1765909666,48.3625,12.0109,1828,140
345218,AEA1518,1765909667,48.3616,12.0119,1828,141
345218,AEA1518,1765909668,48.3605,12.013,1828,143
345218,AEA1518,1765909669,48.3594,12.014,1828,145
345218,AEA1518,1765909670,48.3585,12.0149,2438,146
345218,AEA1518,1765909671,48.3573,12.0159,2438,150
345218,AEA1518,1765909673,48.3557,12.0171,2438,151
345218,AEA1518,1765909674,48.3546,12.018,2438,153
345218,AEA1518,1765909676,48.3524,12.0194,2438,155
345218,AEA1518,1765909679,48.3491,12.0215,2438,157
345218,AEA1518,1765909682,48.3459,12.0232,2438,159
345218,AEA1518,1765909684,48.3432,12.0245,2438,161
345218,AEA1518,1765909686,48.341,12.0255,2438,163
345218,AEA1518,1765909688,48.3388,12.0264,2438,165
345218,AEA1518,1765909690,48.3369,12.0271,2438,167
345218,AEA1518,1765909693,48.3327,12.0281,2438,170
345218,AEA1518,1765909694,48.3317,12.0283,2743,171
345218,AEA1518,1765909695,48.3305,12.0285,2743,173
345218,AEA1518,1765909696,48.3295,12.0286,2743,174
345218,AEA1518,1765909698,48.3272,12.0288,2743,177
345218,AEA1518,1765909707,48.3162,12.0288,2743,178
345218,AEA1518,1765909708,48.3151,12.0289,2743,176
345218,AEA1518,1765909709,48.314,12.029,2743,175
345218,AEA1518,1765909710,48.3127,12.0293,2743,173
345218,AEA1518,1765909711,48.3115,12.0295,2743,171
345218,AEA1518,1765909713,48.309,12.0302,2743,170
345218,AEA1518,1765909714,48.3077,12.0308,2743,168
345218,AEA1518,1765909715,48.3066,12.0311,2743,166
345218,AEA1518,1765909716,48.3056,12.0315,2743,164
345218,AEA1518,1765909719,48.3019,12.0332,2743,163
345218,AEA1518,1765909739,48.2783,12.0448,3048,161
345218,AEA1518,1765909764,48.2466,12.0604,3352,161
345218,AEA1518,1765909783,48.2219,12.0725,3657,162
345218,AEA1518,1765909785,48.2193,12.0736,3657,164
345218,AEA1518,1765909787,48.2164,12.0746,3657,166
345218,AEA1518,1765909788,48.2149,12.0751,3657,167
345218,AEA1518,1765909790,48.2123,12.0759,3657,169
345218,AEA1518,1765909793,48.2081,12.0769,3657,170
345218,AEA1518,1765909797,48.2031,12.0778,3657,172
345218,AEA1518,1765909798,48.2017,12.078,3657,174
345218,AEA1518,1765909799,48.2003,12.0781,3657,175
345218,AEA1518,1765909801,48.1975,12.0784,3962,177
345218,AEA1518,1765909803,48.1946,12.0785,3962,178
345218,AEA1518,1765909807,48.1899,12.0784,3962,180
345218,AEA1518,1765909810,48.1854,12.078,3962,183
345218,AEA1518,1765909813,48.1817,12.0775,3962,185
345218,AEA1518,1765909819,48.1735,12.0759,3962,187
345218,AEA1518,1765909829,48.1603,12.0734,3962,186
345218,AEA1518,1765909837,48.1499,12.0715,4572,186
345218,AEA1518,1765909858,48.1216,12.0661,4876,187
345218,AEA1518,1765909880,48.0917,12.0603,5181,187
345218,AEA1518,1765909901,48.0623,12.0547,5486,187
345218,AEA1518,1765909923,48.0317,12.049,5791,186
345218,AEA1518,1765909945,48.0014,12.0434,6096,187
345218,AEA1518,1765909970,47.9659,12.0365,6400,187
345218,AEA1518,1765910015,47.8986,12.0241,6705,187
345218,AEA1518,1765910047,47.8468,12.014,7010,187
345218,AEA1518,1765910062,47.8228,12.0092,7315,187
345218,AEA1518,1765910091,47.7765,12.0003,7620,187
345218,AEA1518,1765910123,47.7258,11.9907,7924,187
345218,AEA1518,1765910157,47.6707,11.9802,8229,187
345218,AEA1518,1765910193,47.612,11.969,8229,187
345218,AEA1518,1765910221,47.5656,11.9602,8229,189
345218,AEA1518,1765910227,47.5555,11.9572,8839,191
345218,AEA1518,1765910230,47.5507,11.9556,8839,193
345218,AEA1518,1765910234,47.5439,11.953,8839,195
345218,AEA1518,1765910239,47.536,11.9495,8839,197
345218,AEA1518,1765910245,47.5266,11.9447,8839,199
345218,AEA1518,1765910262,47.5005,11.9292,9144,202
345218,AEA1518,1765910302,47.4373,11.8914,9448,201
345218,AEA1518,1765910360,47.3443,11.836,9753,201
345218,AEA1518,1765910425,47.2349,11.7709,9753,203
345218,AEA1518,1765910427,47.2314,11.7685,9753,205
345218,AEA1518,1765910430,47.2269,11.7652,9753,207
345218,AEA1518,1765910435,47.2187,11.7585,9753,209
345218,AEA1518,1765910438,47.2136,11.754,9753,211
345218,AEA1518,1765910442,47.2082,11.7487,9753,214
345218,AEA1518,1765910446,47.2018,11.7421,9753,216
345218,AEA1518,1765910451,47.1946,11.7338,9753,218
345218,AEA1518,1765910455,47.1887,11.7266,9753,220
345218,AEA1518,1765910458,47.1846,11.7211,9753,222
345218,AEA1518,1765910576,47.0294,11.4952,10058,224
345218,AEA1518,1765910613,46.98,11.4239,10363,224
345218,AEA1518,1765910660,46.9186,11.3356,10668,224
345218,AEA1518,1765910702,46.863,11.2556,10972,224
345218,AEA1518,1765910747,46.8049,11.1725,11277,224
345218,AEA1518,1765910854,46.6657,10.9743,11582,224
345218,AEA1518,1765910942,46.5479,10.8073,11887,224
345218,AEA1518,1765912481,44.3845,7.9251,11887,223
345218,AEA1518,1765912487,44.3756,7.9126,11887,226
345218,AEA1518,1765912493,44.3675,7.9003,11887,228
345218,AEA1518,1765912498,44.3607,7.889,11887,230
345218,AEA1518,1765912504,44.3531,7.8756,11887,232
345218,AEA1518,1765912505,44.352,7.8736,11887,233
345218,AEA1518,1765912512,44.344,7.858,11887,235
345218,AEA1518,1765913129,43.6941,6.3572,11887,237
345218,AEA1518,1765913134,43.688,6.3447,11887,235
345218,AEA1518,1765914820,41.6067,2.6172,11887,233
345218,AEA1518,1765914824,41.6025,2.6094,11887,235
345218,AEA1518,1765914828,41.5975,2.5991,11887,237
345218,AEA1518,1765914832,41.5936,2.5903,11887,239
345218,AEA1518,1765914837,41.5889,2.5787,11887,242
345218,AEA1518,1765914841,41.5849,2.5679,11887,244
345218,AEA1518,1765914845,41.5816,2.5581,11887,246
345218,AEA1518,1765914850,41.5777,2.5453,11887,248
345218,AEA1518,1765914855,41.5745,2.533,11887,251
345218,AEA1518,1765915916,40.98,-0.31,11582,253
345218,AEA1518,1765915949,40.9603,-0.3991,11277,253
345218,AEA1518,1765915971,40.9475,-0.4581,10972,254
345218,AEA1518,1765915991,40.9358,-0.5118,10668,253
345218,AEA1518,1765916009,40.9244,-0.5607,10363,252
345218,AEA1518,1765916027,40.913,-0.6102,10058,253
345218,AEA1518,1765916054,40.896,-0.6836,9753,252
345218,AEA1518,1765916081,40.8793,-0.7552,9448,252
345218,AEA1518,1765916094,40.8713,-0.7895,9448,252
345218,AEA1518,1765916323,40.7095,-1.3727,9144,249
345218,AEA1518,1765916357,40.6857,-1.4584,8839,249
345218,AEA1518,1765916385,40.6661,-1.5275,8229,249
345218,AEA1518,1765916412,40.6469,-1.5942,8229,249
345218,AEA1518,1765916441,40.6273,-1.6631,7924,249
345218,AEA1518,1765916469,40.6081,-1.7307,7620,249
345218,AEA1518,1765916499,40.5881,-1.801,7315,249
345218,AEA1518,1765916531,40.567,-1.8746,7010,249
345218,AEA1518,1765916559,40.5488,-1.9376,6705,249
345218,AEA1518,1765916588,40.53,-2.0023,6400,249
345218,AEA1518,1765916603,40.5204,-2.0361,6400,249
345218,AEA1518,1765916610,40.5158,-2.0508,6400,246
345218,AEA1518,1765916617,40.5108,-2.065,6096,244
345218,AEA1518,1765916621,40.507,-2.0747,6096,242
345218,AEA1518,1765916626,40.5028,-2.0847,6096,240
345218,AEA1518,1765916646,40.4844,-2.1247,5791,238
345218,AEA1518,1765916690,40.4448,-2.2092,5486,238
345218,AEA1518,1765916738,40.4029,-2.2978,5181,238
345218,AEA1518,1765916782,40.3669,-2.3745,4876,239
345218,AEA1518,1765916785,40.3647,-2.3796,4876,241
345218,AEA1518,1765916788,40.3627,-2.3849,4876,243
345218,AEA1518,1765916791,40.3607,-2.3904,4876,245
345218,AEA1518,1765916794,40.3589,-2.3962,4876,247
345218,AEA1518,1765916797,40.3572,-2.402,4876,249
345218,AEA1518,1765916801,40.3553,-2.409,4876,251
345218,AEA1518,1765916805,40.3536,-2.4166,4876,253
345218,AEA1518,1765916809,40.352,-2.4246,4876,256
345218,AEA1518,1765916813,40.3505,-2.4333,4876,258
345218,AEA1518,1765916818,40.3492,-2.4431,4572,260
345218,AEA1518,1765916871,40.3366,-2.5465,3962,260
345218,AEA1518,1765916924,40.3231,-2.6494,3962,260
345218,AEA1518,1765916978,40.3095,-2.7521,3657,260
345218,AEA1518,1765917032,40.296,-2.8543,3352,260
345218,AEA1518,1765917071,40.2862,-2.9277,3048,259
345218,AEA1518,1765917160,40.265,-3.0844,2743,259
345218,AEA1518,1765917183,40.26,-3.1219,2743,261
345218,AEA1518,1765917186,40.2596,-3.126,2743,264
345218,AEA1518,1765917188,40.2594,-3.1289,2743,265
345218,AEA1518,1765917190,40.2593,-3.1332,2743,267
345218,AEA1518,1765917192,40.2593,-3.1366,2743,269
345218,AEA1518,1765917195,40.2594,-3.1408,2743,271
345218,AEA1518,1765917198,40.2596,-3.1456,2743,273
345218,AEA1518,1765917201,40.26,-3.1512,2743,276
345218,AEA1518,1765917204,40.2604,-3.1551,2743,278
345218,AEA1518,1765917214,40.2626,-3.1711,2438,280
345218,AEA1518,1765917287,40.2775,-3.2828,1828,279
345218,AEA1518,1765917310,40.2817,-3.314,1828,281
345218,AEA1518,1765917312,40.2822,-3.3168,1828,283
345218,AEA1518,1765917313,40.2824,-3.3179,1828,285
345218,AEA1518,1765917314,40.2827,-3.3195,1828,286
345218,AEA1518,1765917315,40.2831,-3.3207,1828,288
345218,AEA1518,1765917316,40.2834,-3.3217,1828,289
345218,AEA1518,1765917317,40.2837,-3.323,1828,291
345218,AEA1518,1765917318,40.2842,-3.3243,1828,292
345218,AEA1518,1765917319,40.2846,-3.3255,1828,294
345218,AEA1518,1765917320,40.2851,-3.3267,1828,296
345218,AEA1518,1765917321,40.2856,-3.3279,1828,297
345218,AEA1518,1765917322,40.2861,-3.3292,1828,299
345218,AEA1518,1765917323,40.2866,-3.3303,1828,300
345218,AEA1518,1765917324,40.2872,-3.3314,1828,301
345218,AEA1518,1765917325,40.2877,-3.3324,1828,303
345218,AEA1518,1765917327,40.2888,-3.3345,1828,304
345218,AEA1518,1765917350,40.3021,-3.358,1828,306
345218,AEA1518,1765917354,40.3044,-3.3619,1828,309
345218,AEA1518,1765917356,40.3057,-3.3638,1828,310
345218,AEA1518,1765917358,40.307,-3.3657,1828,312
345218,AEA1518,1765917360,40.3084,-3.3676,1828,314
345218,AEA1518,1765917363,40.3102,-3.3697,1828,316
345218,AEA1518,1765917366,40.3124,-3.3724,1828,318
345218,AEA1518,1765917374,40.3181,-3.3787,1828,320
345218,AEA1518,1765917402,40.3389,-3.4,1524,322
345218,AEA1518,1765917455,40.3736,-3.4351,1219,322
345218,AEA1518,1765917491,40.396,-3.4576,914,322
345218,AEA1518,1765917551,40.4304,-3.4923,609,322
345218,AEA1518,1765917604,40.4594,-3.5219,609,322
398568,AFR91RL,1765915310,48.9962,2.5625,0,265
398568,AFR91RL,1765915315,48.996,2.5571,304,265
398568,AFR91RL,1765915333,48.995,2.5382,609,265
398568,AFR91RL,1765915354,48.9939,2.5172,914,265
398568,AFR91RL,1765915379,48.9925,2.4917,1219,264
398568,AFR91RL,1765915425,48.9889,2.4267,1524,265
398568,AFR91RL,1765915452,48.9864,2.3817,1828,264
398568,AFR91RL,1765915454,48.9861,2.3782,1828,263
398568,AFR91RL,1765915456,48.9858,2.3747,1828,260
398568,AFR91RL,1765915457,48.9856,2.373,1828,258
398568,AFR91RL,1765915458,48.9852,2.3703,1828,257
398568,AFR91RL,1765915459,48.9851,2.3695,1828,255
398568,AFR91RL,1765915460,48.9847,2.3676,1828,253
398568,AFR91RL,1765915461,48.9844,2.366,1828,250
398568,AFR91RL,1765915462,48.9839,2.3643,1828,249
398568,AFR91RL,1765915463,48.9833,2.362,1828,247
398568,AFR91RL,1765915464,48.9828,2.3603,1828,245
398568,AFR91RL,1765915465,48.9823,2.3587,1828,243
398568,AFR91RL,1765915466,48.982,2.358,1828,240
398568,AFR91RL,1765915467,48.9811,2.3556,1828,238
398568,AFR91RL,1765915468,48.9808,2.3548,1828,235
398568,AFR91RL,1765915469,48.98,2.3532,1828,233
398568,AFR91RL,1765915470,48.9793,2.3517,1828,231
398568,AFR91RL,1765915471,48.9785,2.3502,1828,228
398568,AFR91RL,1765915472,48.9776,2.3487,1828,227
398568,AFR91RL,1765915473,48.9767,2.3474,1828,225
398568,AFR91RL,1765915474,48.976,2.3464,1828,222
398568,AFR91RL,1765915475,48.9751,2.3452,1828,220
398568,AFR91RL,1765915476,48.9738,2.3436,1828,218
398568,AFR91RL,1765915477,48.9729,2.3426,1828,216
398568,AFR91RL,1765915478,48.9718,2.3415,1828,214
398568,AFR91RL,1765915479,48.9709,2.3406,1828,211
398568,AFR91RL,1765915480,48.97,2.3397,1828,209
398568,AFR91RL,1765915481,48.9689,2.3389,1828,208
398568,AFR91RL,1765915482,48.9678,2.338,1828,205
398568,AFR91RL,1765915483,48.9667,2.3373,1828,203
398568,AFR91RL,1765915484,48.9655,2.3366,1828,201
398568,AFR91RL,1765915485,48.9649,2.3363,1828,199
398568,AFR91RL,1765915486,48.9632,2.3354,1828,196
398568,AFR91RL,1765915487,48.962,2.335,1828,194
398568,AFR91RL,1765915488,48.9608,2.3345,1828,191
398568,AFR91RL,1765915489,48.9596,2.3342,1828,189
398568,AFR91RL,1765915490,48.9586,2.3339,1828,187
398568,AFR91RL,1765915491,48.9573,2.3337,1828,185
398568,AFR91RL,1765915492,48.9559,2.3336,1828,182
398568,AFR91RL,1765915493,48.9548,2.3335,2438,181
398568,AFR91RL,1765915494,48.9534,2.3335,2438,178
398568,AFR91RL,1765915495,48.9521,2.3337,2438,176
398568,AFR91RL,1765915496,48.9508,2.3338,2438,174
398568,AFR91RL,1765915497,48.9494,2.3342,2438,171
398568,AFR91RL,1765915498,48.9484,2.3344,2438,170
398568,AFR91RL,1765915499,48.9471,2.3348,2438,167
398568,AFR91RL,1765915500,48.9459,2.3353,2438,165
398568,AFR91RL,1765915501,48.9447,2.3358,2438,163
398568,AFR91RL,1765915502,48.9435,2.3364,2438,161
398568,AFR91RL,1765915503,48.9422,2.3371,2438,159
398568,AFR91RL,1765915504,48.9409,2.338,2438,157
398568,AFR91RL,1765915505,48.94,2.3386,2438,155
398568,AFR91RL,1765915506,48.9388,2.3395,2438,152
398568,AFR91RL,1765915507,48.9376,2.3404,2438,150
398568,AFR91RL,1765915508,48.9365,2.3414,2438,148
398568,AFR91RL,1765915509,48.9355,2.3425,2438,146
398568,AFR91RL,1765915510,48.9344,2.3437,2438,144
398568,AFR91RL,1765915511,48.9332,2.3451,2438,142
398568,AFR91RL,1765915512,48.9327,2.3456,2743,140
398568,AFR91RL,1765915513,48.9311,2.3478,2743,137
398568,AFR91RL,1765915514,48.9306,2.3485,2743,135
398568,AFR91RL,1765915515,48.9297,2.3499,2743,133
398568,AFR91RL,1765915516,48.9286,2.3517,2743,131
398568,AFR91RL,1765915517,48.9278,2.353,2743,129
398568,AFR91RL,1765915518,48.9271,2.3545,2743,127
398568,AFR91RL,1765915519,48.9262,2.3561,2743,125
398568,AFR91RL,1765915520,48.9256,2.3576,2743,123
398568,AFR91RL,1765915521,48.9247,2.3595,2743,121
398568,AFR91RL,1765915522,48.9241,2.3613,2743,119
398568,AFR91RL,1765915523,48.9234,2.3632,2743,117
398568,AFR91RL,1765915524,48.9228,2.365,2743,115
398568,AFR91RL,1765915526,48.9215,2.3694,2743,113
398568,AFR91RL,1765915528,48.9206,2.3725,2743,111
398568,AFR91RL,1765915530,48.9197,2.3765,2743,109
398568,AFR91RL,1765915532,48.9188,2.3807,2743,106
398568,AFR91RL,1765915533,48.9183,2.3827,3048,105
398568,AFR91RL,1765915534,48.918,2.3848,3048,104
398568,AFR91RL,1765915535,48.9177,2.3869,3048,102
398568,AFR91RL,1765915536,48.9175,2.3884,3048,100
398568,AFR91RL,1765915537,48.9173,2.3906,3048,98
398568,AFR91RL,1765915538,48.917,2.3928,3048,96
398568,AFR91RL,1765915539,48.9169,2.3948,3048,95
398568,AFR91RL,1765915540,48.9168,2.3969,3048,93
398568,AFR91RL,1765915541,48.9167,2.3991,3048,92
398568,AFR91RL,1765915552,48.9167,2.4233,3048,90
398568,AFR91RL,1765915556,48.9165,2.4314,3352,93
398568,AFR91RL,1765915559,48.9162,2.4379,3352,94
398568,AFR91RL,1765915576,48.9134,2.475,3657,97
398568,AFR91RL,1765915596,48.9099,2.5169,3962,97
398568,AFR91RL,1765915619,48.9055,2.5665,3962,97
398568,AFR91RL,1765915642,48.9009,2.6179,4572,97
398568,AFR91RL,1765915693,48.8898,2.7371,4876,98
398568,AFR91RL,1765915722,48.8829,2.8116,5181,98
398568,AFR91RL,1765915753,48.8754,2.8917,5486,98
398568,AFR91RL,1765915784,48.8674,2.9755,5791,98
398568,AFR91RL,1765915813,48.8601,3.0527,6096,98
398568,AFR91RL,1765915823,48.8574,3.0798,6096,99
398568,AFR91RL,1765915830,48.855,3.0993,6096,101
398568,AFR91RL,1765915836,48.8526,3.1152,6096,103
398568,AFR91RL,1765915844,48.8488,3.1367,6400,106
398568,AFR91RL,1765915847,48.8471,3.1451,6400,107
398568,AFR91RL,1765915855,48.8426,3.1656,6400,109
398568,AFR91RL,1765915879,48.8265,3.2269,6705,111
398568,AFR91RL,1765915922,48.7964,3.3396,7010,112
398568,AFR91RL,1765916590,48.3096,5.0985,7010,112
398568,AFR91RL,1765916594,48.3074,5.107,7010,110
398568,AFR91RL,1765916599,48.304,5.1217,7010,108
398568,AFR91RL,1765916604,48.3018,5.1331,7010,105
398568,AFR91RL,1765916606,48.3007,5.1389,7010,103
398568,AFR91RL,1765916610,48.2989,5.1513,7010,101
398568,AFR91RL,1765916613,48.298,5.1586,7010,99
398568,AFR91RL,1765916616,48.297,5.1682,7010,97
398568,AFR91RL,1765916619,48.2963,5.1767,7010,96
398568,AFR91RL,1765916623,48.2957,5.1876,7010,93
398568,AFR91RL,1765916626,48.2954,5.1974,7010,91
398568,AFR91RL,1765916629,48.2953,5.206,7010,90
398568,AFR91RL,1765916833,48.3114,5.7949,7010,87
398568,AFR91RL,1765916845,48.3129,5.8304,7010,85
398568,AFR91RL,1765916859,48.3158,5.8706,7010,82
398568,AFR91RL,1765916969,48.3518,6.1906,6705,80
398568,AFR91RL,1765917030,48.3717,6.3666,6400,80
398568,AFR91RL,1765917089,48.3898,6.53,6096,80
398568,AFR91RL,1765917090,48.3902,6.5327,6400,80
398568,AFR91RL,1765917091,48.3905,6.5355,6096,80
398568,AFR91RL,1765917189,48.4195,6.8029,5791,80
398568,AFR91RL,1765917214,48.4275,6.8701,5791,78
398568,AFR91RL,1765917249,48.4421,6.9634,5486,76
398568,AFR91RL,1765917382,48.4991,7.3142,5181,77
398568,AFR91RL,1765917396,48.5038,7.352,5181,80
398568,AFR91RL,1765917430,48.5119,7.4405,4876,82
398568,AFR91RL,1765917475,48.522,7.559,4572,82
398568,AFR91RL,1765917521,48.5319,7.6757,3962,82
398568,AFR91RL,1765917566,48.5416,7.7905,3962,82
398568,AFR91RL,1765917614,48.5515,7.9104,3657,82
398568,AFR91RL,1765917662,48.5612,8.0285,3352,83
398568,AFR91RL,1765917711,48.5706,8.144,3048,83
398568,AFR91RL,1765917765,48.5801,8.263,2743,83
398568,AFR91RL,1765917822,48.5893,8.3805,2438,83
398568,AFR91RL,1765917879,48.5984,8.498,1828,83
398568,AFR91RL,1765917928,48.6063,8.6007,1828,83
398568,AFR91RL,1765917987,48.6154,8.7213,1524,83
398568,AFR91RL,1765918048,48.6244,8.8405,1219,83
398568,AFR91RL,1765918076,48.6284,8.8937,1219,82
398568,AFR91RL,1765918080,48.6292,8.9013,1219,79
398568,AFR91RL,1765918083,48.63,8.9067,1219,77
398568,AFR91RL,1765918087,48.6312,8.9137,1219,75
398568,AFR91RL,1765918110,48.6388,8.9524,914,73
398568,AFR91RL,1765918194,48.6618,9.0743,609,74
398568,AFR91RL,1765918265,48.6757,9.1467,304,74
398568,AFR91RL,1765918352,48.6895,9.2203,304,74
398601,AFR7482,1765914998,48.9961,2.5583,0,265
398601,AFR7482,1765915004,48.9957,2.552,304,265
398601,AFR7482,1765915027,48.9944,2.5269,609,265
398601,AFR7482,1765915053,48.993,2.4992,914,265
398601,AFR7482,1765915104,48.9895,2.4376,1219,265
398601,AFR7482,1765915140,48.9864,2.3801,1524,265
398601,AFR7482,1765915157,48.9845,2.3492,1524,265
398601,AFR7482,1765915158,48.9844,2.3477,1524,260
398601,AFR7482,1765915160,48.984,2.3442,1524,258
398601,AFR7482,1765915161,48.9838,2.3426,1524,256
398601,AFR7482,1765915162,48.9834,2.3406,1524,255
398601,AFR7482,1765915163,48.9831,2.3389,1524,253
398601,AFR7482,1765915164,48.9827,2.3371,1524,251
398601,AFR7482,1765915165,48.9823,2.3353,1828,248
398601,AFR7482,1765915166,48.9818,2.3337,1828,247
398601,AFR7482,1765915167,48.9813,2.3318,1828,244
398601,AFR7482,1765915168,48.9807,2.3301,1828,242
398601,AFR7482,1765915169,48.9803,2.3288,1828,240
398601,AFR7482,1765915170,48.9796,2.3272,1828,239
398601,AFR7482,1765915171,48.979,2.3256,1828,236
398601,AFR7482,1765915172,48.9783,2.3241,1828,235
398601,AFR7482,1765915173,48.9775,2.3225,1828,232
398601,AFR7482,1765915174,48.9768,2.3212,1828,231
398601,AFR7482,1765915175,48.976,2.3197,1828,228
398601,AFR7482,1765915176,48.9752,2.3185,1828,226
398601,AFR7482,1765915177,48.9744,2.3172,1828,225
398601,AFR7482,1765915178,48.9736,2.3159,1828,222
398601,AFR7482,1765915179,48.9727,2.3147,1828,220
398601,AFR7482,1765915180,48.9717,2.3136,1828,217
398601,AFR7482,1765915181,48.9706,2.3123,1828,217
398601,AFR7482,1765915182,48.9696,2.3112,1828,214
398601,AFR7482,1765915183,48.9685,2.3102,1828,212
398601,AFR7482,1765915184,48.9675,2.3092,1828,210
398601,AFR7482,1765915185,48.9664,2.3083,1828,208
398601,AFR7482,1765915186,48.9652,2.3075,1828,206
398601,AFR7482,1765915187,48.9644,2.3068,1828,204
398601,AFR7482,1765915188,48.9634,2.3061,1828,203
398601,AFR7482,1765915192,48.9588,2.3033,1828,201
398601,AFR7482,1765915197,48.9531,2.3001,1828,199
398601,AFR7482,1765915201,48.9487,2.2979,1828,197
398601,AFR7482,1765915207,48.9411,2.2946,2438,195
398601,AFR7482,1765915229,48.9153,2.2837,2743,195
398601,AFR7482,1765915253,48.8859,2.2708,3048,196
398601,AFR7482,1765915274,48.8601,2.2591,3352,196
398601,AFR7482,1765915300,48.8285,2.2448,3657,196
398601,AFR7482,1765915330,48.7906,2.2274,3962,196
398601,AFR7482,1765915357,48.7556,2.2114,3962,196
398601,AFR7482,1765915381,48.7241,2.1971,4572,196
398601,AFR7482,1765915434,48.6509,2.1637,4876,196
398601,AFR7482,1765915469,48.5984,2.1399,5181,196
398601,AFR7482,1765915500,48.5513,2.1186,5486,196
398601,AFR7482,1765915532,48.5019,2.0963,5791,196
398601,AFR7482,1765915566,48.4492,2.0725,6096,196
398601,AFR7482,1765915609,48.3803,2.0427,6400,195
398601,AFR7482,1765915654,48.3052,2.0115,6705,195
398601,AFR7482,1765915700,48.2263,1.9787,7010,195
398601,AFR7482,1765915747,48.1444,1.9449,7315,195
398601,AFR7482,1765915793,48.0615,1.9106,7620,195
398601,AFR7482,1765915832,47.9909,1.8816,7924,195
398601,AFR7482,1765915868,47.9262,1.8551,8229,195
398601,AFR7482,1765915902,47.8636,1.8295,8229,195
398601,AFR7482,1765915940,47.7941,1.8011,8839,195
398601,AFR7482,1765915973,47.7337,1.7766,9144,195
398601,AFR7482,1765916006,47.6744,1.7525,9448,195
398601,AFR7482,1765916578,46.5941,1.3234,9448,195
398601,AFR7482,1765916583,46.585,1.3194,9448,197
398601,AFR7482,1765916590,46.572,1.3127,9448,200
398601,AFR7482,1765916595,46.5628,1.3074,9448,202
398601,AFR7482,1765916601,46.5519,1.3003,9448,204
398601,AFR7482,1765916607,46.5422,1.2934,9448,207
398601,AFR7482,1765916613,46.531,1.2845,9448,209
398601,AFR7482,1765916619,46.5213,1.276,9448,211
398601,AFR7482,1765917695,44.7378,-0.3467,9144,212
398601,AFR7482,1765917715,44.7041,-0.3761,8839,211
398601,AFR7482,1765917729,44.6817,-0.3957,8229,212
398601,AFR7482,1765917749,44.6476,-0.4255,8229,211
398601,AFR7482,1765917772,44.6098,-0.4584,7924,211
398601,AFR7482,1765917796,44.5717,-0.4916,7620,211
398601,AFR7482,1765917819,44.5347,-0.5238,7315,211
398601,AFR7482,1765917836,44.508,-0.5468,7315,210
398601,AFR7482,1765917853,44.4813,-0.5672,7010,208
398601,AFR7482,1765917885,44.4298,-0.6065,6705,208
398601,AFR7482,1765917909,44.3905,-0.6367,6400,208
398601,AFR7482,1765917933,44.3525,-0.6659,6096,208
398601,AFR7482,1765917957,44.3147,-0.695,5791,209
398601,AFR7482,1765917982,44.2763,-0.7245,5486,208
398601,AFR7482,1765918007,44.2375,-0.7543,5181,208
398601,AFR7482,1765918033,44.199,-0.7838,4876,208
398601,AFR7482,1765918059,44.1604,-0.8134,4572,208
398601,AFR7482,1765918087,44.1193,-0.8445,3962,207
398601,AFR7482,1765918090,44.1151,-0.8476,3962,207
398601,AFR7482,1765918127,44.0601,-0.8845,3962,205
398601,AFR7482,1765918156,44.0176,-0.9121,3657,204
398601,AFR7482,1765918183,43.978,-0.9375,3352,204
398601,AFR7482,1765918212,43.9369,-0.9641,3048,204
398601,AFR7482,1765918278,43.8491,-1.0206,2743,204
398601,AFR7482,1765918317,43.8026,-1.0505,2438,205
398601,AFR7482,1765918354,43.7586,-1.0788,1828,204
398601,AFR7482,1765918393,43.7137,-1.1076,1828,204
398601,AFR7482,1765918431,43.6704,-1.1352,1524,204
398601,AFR7482,1765918505,43.5943,-1.1837,1219,204
398601,AFR7482,1765918549,43.5521,-1.2106,914,204
398601,AFR7482,1765918609,43.498,-1.2449,609,204
398601,AFR7482,1765918626,43.4836,-1.2542,609,205
398601,AFR7482,1765918636,43.4756,-1.2627,609,228
398601,AFR7482,1765918638,43.475,-1.2639,609,232
398601,AFR7482,1765918639,43.4744,-1.265,609,235
398601,AFR7482,1765918640,43.4738,-1.2662,609,237
398601,AFR7482,1765918641,43.4733,-1.2674,609,239
398601,AFR7482,1765918642,43.4729,-1.2685,609,242
398601,AFR7482,1765918643,43.4724,-1.2697,609,245
398601,AFR7482,1765918648,43.4711,-1.2757,609,245
398601,AFR7482,1765918669,43.4698,-1.3028,609,269
398601,AFR7482,1765918678,43.4697,-1.3137,609,269
440115,EJU42ML,1765908767,41.2881,2.0911,0,65
440115,EJU42ML,1765908775,41.2905,2.0979,0,64
440115,EJU42ML,1765908782,41.2924,2.1035,0,67
440115,EJU42ML,1765908783,41.2927,2.1046,0,69
440115,EJU42ML,1765908785,41.2932,2.1065,0,73
440115,EJU42ML,1765908786,41.2933,2.1074,304,75
440115,EJU42ML,1765908787,41.2935,2.1083,304,77
440115,EJU42ML,1765908788,41.2936,2.1092,304,79
440115,EJU42ML,1765908789,41.2937,2.1101,304,82
440115,EJU42ML,1765908790,41.2937,2.1105,304,84
440115,EJU42ML,1765908791,41.2937,2.1119,304,86
440115,EJU42ML,1765908792,41.2937,2.1124,304,88
440115,EJU42ML,1765908793,41.2937,2.1139,304,91
440115,EJU42ML,1765908794,41.2937,2.1148,304,92
440115,EJU42ML,1765908796,41.2936,2.1165,304,95
440115,EJU42ML,1765908812,41.2921,2.1331,609,97
440115,EJU42ML,1765908825,41.2906,2.148,609,96
440115,EJU42ML,1765908827,41.2905,2.1498,609,94
440115,EJU42ML,1765908828,41.2905,2.1511,609,92
440115,EJU42ML,1765908829,41.2905,2.1523,609,90
440115,EJU42ML,1765908830,41.2905,2.1534,609,88
440115,EJU42ML,1765908831,41.2906,2.1545,609,86
440115,EJU42ML,1765908832,41.2906,2.1558,609,84
440115,EJU42ML,1765908833,41.2908,2.1574,609,82
440115,EJU42ML,1765908834,41.291,2.1584,914,80
440115,EJU42ML,1765908835,41.2912,2.1596,914,78
440115,EJU42ML,1765908836,41.2914,2.1607,914,76
440115,EJU42ML,1765908837,41.2916,2.162,914,74
440115,EJU42ML,1765908838,41.2919,2.1632,914,73
440115,EJU42ML,1765908839,41.2921,2.1639,914,71
440115,EJU42ML,1765908840,41.2924,2.1651,914,70
440115,EJU42ML,1765908842,41.2932,2.1677,914,68
440115,EJU42ML,1765908846,41.2948,2.1727,914,66
440115,EJU42ML,1765908851,41.297,2.1789,914,64
440115,EJU42ML,1765908859,41.3006,2.1884,1219,62
440115,EJU42ML,1765908878,41.3106,2.2128,1524,61
440115,EJU42ML,1765908893,41.3186,2.2328,1828,63
440115,EJU42ML,1765908905,41.3243,2.2486,1828,64
440115,EJU42ML,1765908925,41.3342,2.2755,2438,64
440115,EJU42ML,1765908951,41.3475,2.3138,2743,65
440115,EJU42ML,1765908968,41.3571,2.3414,3048,64
440115,EJU42ML,1765908992,41.3713,2.3813,3048,65
440115,EJU42ML,1765908995,41.3729,2.3865,3352,67
440115,EJU42ML,1765908997,41.3739,2.3902,3352,70
440115,EJU42ML,1765908998,41.3744,2.392,3352,71
440115,EJU42ML,1765908999,41.3746,2.3932,3352,72
440115,EJU42ML,1765909000,41.3752,2.3958,3352,73
440115,EJU42ML,1765909001,41.3754,2.3969,3352,75
440115,EJU42ML,1765909002,41.3757,2.3987,3352,76
440115,EJU42ML,1765909003,41.376,2.4008,3352,78
440115,EJU42ML,1765909004,41.3763,2.4026,3352,79
440115,EJU42ML,1765909005,41.3766,2.4048,3352,80
440115,EJU42ML,1765909006,41.3768,2.4067,3352,82
440115,EJU42ML,1765909007,41.3769,2.4084,3352,83
440115,EJU42ML,1765909008,41.377,2.41,3352,84
440115,EJU42ML,1765909009,41.3772,2.4127,3352,86
440115,EJU42ML,1765909010,41.3773,2.4152,3352,87
440115,EJU42ML,1765909011,41.3773,2.4164,3352,88
440115,EJU42ML,1765909012,41.3773,2.4186,3352,90
440115,EJU42ML,1765909013,41.3772,2.4205,3352,91
440115,EJU42ML,1765909014,41.3771,2.4226,3352,93
440115,EJU42ML,1765909015,41.377,2.4247,3352,94
440115,EJU42ML,1765909016,41.3768,2.4268,3352,96
440115,EJU42ML,1765909018,41.3763,2.4308,3657,97
440115,EJU42ML,1765909019,41.3761,2.4326,3657,100
440115,EJU42ML,1765909020,41.3759,2.4337,3657,101
440115,EJU42ML,1765909021,41.3754,2.4365,3657,103
440115,EJU42ML,1765909022,41.3751,2.4385,3657,104
440115,EJU42ML,1765909023,41.3746,2.4405,3657,105
440115,EJU42ML,1765909024,41.3742,2.4422,3657,107
440115,EJU42ML,1765909026,41.3733,2.4461,3657,108
440115,EJU42ML,1765909036,41.3679,2.4651,3962,110
440115,EJU42ML,1765909053,41.3585,2.4975,3962,111
440115,EJU42ML,1765909070,41.349,2.53,4572,111
440115,EJU42ML,1765909089,41.3387,2.566,4876,110
440115,EJU42ML,1765909110,41.327,2.6072,5181,110
440115,EJU42ML,1765909131,41.3151,2.6493,5486,110
440115,EJU42ML,1765909153,41.3027,2.6938,5791,110
440115,EJU42ML,1765909181,41.2869,2.7505,6096,110
440115,EJU42ML,1765909205,41.2721,2.8035,6400,110
440115,EJU42ML,1765909227,41.2588,2.8513,6705,110
440115,EJU42ML,1765909256,41.2408,2.9152,7010,110
440115,EJU42ML,1765909269,41.2328,2.9448,7010,108
440115,EJU42ML,1765909280,41.2269,2.9704,7315,106
440115,EJU42ML,1765909305,41.2153,3.0285,7620,104
440115,EJU42ML,1765909333,41.2024,3.0945,7924,105
440115,EJU42ML,1765909366,41.186,3.1734,8229,105
440115,EJU42ML,1765909399,41.1692,3.2523,8229,105
440115,EJU42ML,1765909436,41.1495,3.344,8839,105
440115,EJU42ML,1765909475,41.1285,3.4412,9144,106
440115,EJU42ML,1765909522,41.103,3.559,9448,105
440115,EJU42ML,1765909565,41.0792,3.6688,9753,106
440115,EJU42ML,1765909612,41.0527,3.7903,10058,106
440115,EJU42ML,1765909660,41.0256,3.9132,10363,106
440115,EJU42ML,1765909732,40.9854,4.0952,10668,106
440115,EJU42ML,1765909788,40.9539,4.2368,10972,105
440115,EJU42ML,1765909791,40.9525,4.2441,10972,104
440115,EJU42ML,1765909795,40.9507,4.2539,10972,102
440115,EJU42ML,1765909797,40.9499,4.2592,10972,101
440115,EJU42ML,1765909801,40.9486,4.2693,10972,99
440115,EJU42ML,1765909805,40.9475,4.2799,10972,96
440115,EJU42ML,1765909909,40.9305,4.5523,11277,94
440115,EJU42ML,1765910002,40.9139,4.7997,11582,94
440115,EJU42ML,1765910379,40.8407,5.8137,11277,95
440115,EJU42ML,1765910380,40.8405,5.8164,11582,95
440115,EJU42ML,1765910382,40.8401,5.8222,11277,95
440115,EJU42ML,1765910490,40.8175,6.1116,11582,95
440115,EJU42ML,1765910491,40.8172,6.1153,11277,95
440115,EJU42ML,1765910493,40.8169,6.1193,11582,95
440115,EJU42ML,1765910705,40.7694,6.6975,11277,96
440115,EJU42ML,1765910706,40.7692,6.6998,11582,96
440115,EJU42ML,1765910707,40.769,6.7029,11277,96
440115,EJU42ML,1765910709,40.7685,6.7082,11582,96
440115,EJU42ML,1765910710,40.7683,6.7108,11277,96
440115,EJU42ML,1765910730,40.7637,6.7653,11582,96
440115,EJU42ML,1765911101,40.6717,7.7874,11277,97
440115,EJU42ML,1765911102,40.6715,7.7899,11582,97
440115,EJU42ML,1765911106,40.6704,7.8016,11277,97
440115,EJU42ML,1765911107,40.6701,7.8045,11582,97
440115,EJU42ML,1765911108,40.67,7.8059,11277,97
440115,EJU42ML,1765911144,40.6605,7.9064,11582,97
440115,EJU42ML,1765911145,40.6603,7.909,11277,97
440115,EJU42ML,1765911149,40.6592,7.9203,11582,97
440115,EJU42ML,1765911150,40.659,7.9231,11277,97
440115,EJU42ML,1765911151,40.6587,7.9261,11582,97
440115,EJU42ML,1765911152,40.6585,7.9276,11277,97
440115,EJU42ML,1765911153,40.6582,7.9314,11582,97
440115,EJU42ML,1765911164,40.6553,7.962,11277,97
440115,EJU42ML,1765911177,40.6519,7.9977,11582,97
440115,EJU42ML,1765911178,40.6516,8.0004,11277,97
440115,EJU42ML,1765911181,40.6508,8.0091,11582,97
440115,EJU42ML,1765911182,40.6505,8.0117,11277,97
440115,EJU42ML,1765911185,40.6497,8.0201,11582,97
440115,EJU42ML,1765911188,40.6489,8.0286,11277,97
440115,EJU42ML,1765911190,40.6485,8.0333,11582,97
440115,EJU42ML,1765911192,40.6479,8.0392,11277,97
440115,EJU42ML,1765911193,40.6477,8.0409,11582,97
440115,EJU42ML,1765911242,40.6346,8.1778,11582,95
440115,EJU42ML,1765911253,40.6329,8.2082,11582,93
440115,EJU42ML,1765911265,40.632,8.241,11582,90
440115,EJU42ML,1765911276,40.6321,8.272,11582,88
440115,EJU42ML,1765911288,40.6334,8.3057,11582,86
440115,EJU42ML,1765911321,40.6407,8.3998,11277,83
440115,EJU42ML,1765911322,40.641,8.403,11582,83
440115,EJU42ML,1765911323,40.6412,8.4057,11277,83
440115,EJU42ML,1765911343,40.6458,8.4625,11582,84
440115,EJU42ML,1765911395,40.657,8.6093,11277,84
440115,EJU42ML,1765911398,40.6577,8.6177,11582,84
440115,EJU42ML,1765911400,40.6581,8.6234,11277,84
440115,EJU42ML,1765911405,40.6592,8.6386,11582,84
440115,EJU42ML,1765911406,40.6594,8.6403,11277,84
440115,EJU42ML,1765911407,40.6596,8.6432,11582,84
440115,EJU42ML,1765911691,40.7189,9.4501,11277,84
440115,EJU42ML,1765911873,40.7543,9.9643,11582,85
440115,EJU42ML,1765911874,40.7545,9.9667,11277,85
440115,EJU42ML,1765911875,40.7547,9.9701,11582,85
440115,EJU42ML,1765911876,40.7549,9.9732,11277,85
440115,EJU42ML,1765911877,40.755,9.9746,11582,85
440115,EJU42ML,1765912301,40.8285,11.1932,11277,85
440115,EJU42ML,1765912302,40.8286,11.196,11582,85
440115,EJU42ML,1765912306,40.8292,11.2066,11277,85
440115,EJU42ML,1765912307,40.8294,11.2094,11582,85
440115,EJU42ML,1765912315,40.8307,11.2332,11277,85
440115,EJU42ML,1765912316,40.8308,11.2361,11582,85
440115,EJU42ML,1765912318,40.8311,11.2408,11277,85
440115,EJU42ML,1765912444,40.8501,11.5996,10972,85
440115,EJU42ML,1765912474,40.8545,11.6838,10668,86
440115,EJU42ML,1765912515,40.8601,11.7961,10363,86
440115,EJU42ML,1765912551,40.865,11.8957,10058,86
440115,EJU42ML,1765912580,40.8685,11.9713,9753,86
440115,EJU42ML,1765912597,40.8706,12.0147,9448,86
440115,EJU42ML,1765912624,40.874,12.0831,9144,86
440115,EJU42ML,1765912665,40.8788,12.182,8839,86
440115,EJU42ML,1765912703,40.8828,12.2697,8229,87
440115,EJU42ML,1765912704,40.8828,12.2719,8229,87
440115,EJU42ML,1765912707,40.8829,12.2788,8229,90
440115,EJU42ML,1765912709,40.8828,12.2832,8229,92
440115,EJU42ML,1765912711,40.8825,12.2878,8229,94
440115,EJU42ML,1765912713,40.8821,12.2925,8229,96
440115,EJU42ML,1765912715,40.8817,12.2964,8229,98
440115,EJU42ML,1765912717,40.8811,12.3005,8229,100
440115,EJU42ML,1765912719,40.8804,12.3046,8229,102
440115,EJU42ML,1765912721,40.8795,12.3091,8229,105
440115,EJU42ML,1765912723,40.8786,12.3131,8229,106
440115,EJU42ML,1765912730,40.875,12.3276,8229,108
440115,EJU42ML,1765912748,40.8659,12.3631,7924,108
440115,EJU42ML,1765912763,40.8584,12.3929,7620,108
440115,EJU42ML,1765912779,40.8504,12.4247,7315,108
440115,EJU42ML,1765912796,40.8416,12.46,7010,108
440115,EJU42ML,1765912833,40.8225,12.5363,6705,108
440115,EJU42ML,1765912862,40.8078,12.5944,6400,108
440115,EJU42ML,1765912890,40.7935,12.6509,6096,108
440115,EJU42ML,1765912918,40.7791,12.7077,5791,108
440115,EJU42ML,1765912940,40.7681,12.7512,5791,107
440115,EJU42ML,1765912943,40.7669,12.7568,5791,105
440115,EJU42ML,1765912945,40.7661,12.7607,5486,103
440115,EJU42ML,1765912946,40.7657,12.7631,5486,102
440115,EJU42ML,1765912948,40.7651,12.7674,5486,100
440115,EJU42ML,1765912950,40.7647,12.7714,5486,98
440115,EJU42ML,1765912952,40.7643,12.7757,5486,96
440115,EJU42ML,1765912954,40.7641,12.7794,5486,94
440115,EJU42ML,1765912956,40.7639,12.7838,5486,91
440115,EJU42ML,1765912985,40.7645,12.8448,5181,89
440115,EJU42ML,1765913043,40.7645,12.967,4876,90
440115,EJU42ML,1765913104,40.7644,13.0929,4572,90
440115,EJU42ML,1765913154,40.7643,13.1946,3962,90
440115,EJU42ML,1765913188,40.7642,13.2612,3962,90
440115,EJU42ML,1765913224,40.7639,13.3313,3657,90
440115,EJU42ML,1765913259,40.7637,13.3989,3352,90
440115,EJU42ML,1765913296,40.7635,13.4681,3048,90
440115,EJU42ML,1765913346,40.7631,13.5581,2743,90
440115,EJU42ML,1765913419,40.7626,13.6765,2438,90
440115,EJU42ML,1765913459,40.7621,13.7362,1828,90
440115,EJU42ML,1765913495,40.7615,13.7911,1828,90
440115,EJU42ML,1765913550,40.7612,13.8723,1524,90
440115,EJU42ML,1765913603,40.7608,13.9453,1219,90
440115,EJU42ML,1765913673,40.76,14.0363,914,90
440115,EJU42ML,1765913674,40.76,14.0376,914,89
440115,EJU42ML,1765913677,40.7601,14.0408,914,87
440115,EJU42ML,1765913678,40.7601,14.0425,914,86
440115,EJU42ML,1765913680,40.7603,14.0444,914,83
440115,EJU42ML,1765913682,40.7605,14.047,914,80
440115,EJU42ML,1765913683,40.7607,14.0482,914,78
440115,EJU42ML,1765913684,40.7611,14.0501,914,76
440115,EJU42ML,1765913685,40.7612,14.0507,914,74
440115,EJU42ML,1765913686,40.7615,14.0518,914,72
440115,EJU42ML,1765913687,40.7616,14.0525,914,69
440115,EJU42ML,1765913688,40.7622,14.0542,914,67
440115,EJU42ML,1765913689,40.7626,14.0554,914,65
440115,EJU42ML,1765913690,40.763,14.0566,914,63
440115,EJU42ML,1765913691,40.7632,14.0571,914,62
440115,EJU42ML,1765913693,40.7644,14.0597,914,60
440115,EJU42ML,1765913694,40.7649,14.0608,914,57
440115,EJU42ML,1765913745,40.7918,14.1107,914,54
440159,EJU747M,1765920037,48.9955,2.5524,304,264
440159,EJU747M,1765920057,48.9944,2.5319,609,265
440159,EJU747M,1765920083,48.9931,2.5047,914,265
440159,EJU747M,1765920118,48.991,2.4655,1219,264
440159,EJU747M,1765920159,48.9874,2.4049,1524,264
440159,EJU747M,1765920184,48.9848,2.3613,1828,265
440159,EJU747M,1765920205,48.9827,2.3236,1828,265
440159,EJU747M,1765920220,48.9811,2.2942,2438,265
440159,EJU747M,1765920228,48.9801,2.2789,2438,263
440159,EJU747M,1765920231,48.9795,2.2735,2438,261
440159,EJU747M,1765920234,48.9788,2.2681,2438,259
440159,EJU747M,1765920237,48.9779,2.2625,2438,256
440159,EJU747M,1765920240,48.9769,2.257,2743,255
440159,EJU747M,1765920247,48.9744,2.2441,2743,253
440159,EJU747M,1765920273,48.9645,2.1972,2743,250
440159,EJU747M,1765920275,48.9636,2.1939,2743,248
440159,EJU747M,1765920276,48.9629,2.192,2743,247
440159,EJU747M,1765920277,48.9627,2.1911,2743,245
440159,EJU747M,1765920278,48.9616,2.1882,2743,243
440159,EJU747M,1765920279,48.961,2.1865,2743,242
440159,EJU747M,1765920280,48.9603,2.185,2743,240
440159,EJU747M,1765920281,48.9596,2.1834,2743,238
440159,EJU747M,1765920282,48.9588,2.1818,2743,236
440159,EJU747M,1765920283,48.9581,2.1804,2743,235
440159,EJU747M,1765920284,48.9574,2.179,2743,233
440159,EJU747M,1765920285,48.9566,2.1778,2743,231
440159,EJU747M,1765920286,48.9556,2.1761,2743,229
440159,EJU747M,1765920287,48.9548,2.1748,2743,227
440159,EJU747M,1765920288,48.9539,2.1735,2743,225
440159,EJU747M,1765920289,48.9531,2.1725,2743,223
440159,EJU747M,1765920290,48.9521,2.1712,2743,221
440159,EJU747M,1765920291,48.951,2.1699,2743,220
440159,EJU747M,1765920292,48.9499,2.1686,2743,218
440159,EJU747M,1765920293,48.9489,2.1677,2743,216
440159,EJU747M,1765920294,48.9477,2.1666,2743,214
440159,EJU747M,1765920295,48.9465,2.1655,2743,212
440159,EJU747M,1765920296,48.9455,2.1647,3048,210
440159,EJU747M,1765920297,48.9444,2.164,3048,208
440159,EJU747M,1765920298,48.9434,2.1633,3048,206
440159,EJU747M,1765920299,48.9422,2.1625,3048,204
440159,EJU747M,1765920300,48.9409,2.1618,3048,202
440159,EJU747M,1765920301,48.9404,2.1614,3048,200
440159,EJU747M,1765920302,48.9384,2.1606,3048,198
440159,EJU747M,1765920303,48.9372,2.1601,3048,197
440159,EJU747M,1765920304,48.936,2.1597,3048,195
440159,EJU747M,1765920305,48.9347,2.1592,3048,193
440159,EJU747M,1765920306,48.9332,2.1588,3048,192
440159,EJU747M,1765920307,48.9318,2.1584,3048,190
440159,EJU747M,1765920308,48.9306,2.1582,3048,189
440159,EJU747M,1765920310,48.928,2.1576,3048,188
440159,EJU747M,1765920332,48.8974,2.1525,3352,186
440159,EJU747M,1765920354,48.865,2.1473,3657,186
440159,EJU747M,1765920374,48.836,2.1426,3962,186
440159,EJU747M,1765920395,48.8042,2.1372,3962,186
440159,EJU747M,1765920418,48.7694,2.1312,4572,186
440159,EJU747M,1765920430,48.751,2.1284,4572,184
440159,EJU747M,1765920432,48.7477,2.1283,4572,182
440159,EJU747M,1765920434,48.7453,2.1284,4572,179
440159,EJU747M,1765920436,48.742,2.1287,4572,177
440159,EJU747M,1765920437,48.7404,2.1289,4572,175
440159,EJU747M,1765920438,48.739,2.1291,4572,174
440159,EJU747M,1765920439,48.7374,2.1294,4572,173
440159,EJU747M,1765920440,48.7358,2.1299,4572,171
440159,EJU747M,1765920441,48.7343,2.1303,4572,170
440159,EJU747M,1765920442,48.7327,2.1308,4876,169
440159,EJU747M,1765920443,48.7311,2.1314,4876,167
440159,EJU747M,1765920444,48.7295,2.132,4876,166
440159,EJU747M,1765920445,48.7279,2.1328,4876,164
440159,EJU747M,1765920446,48.7263,2.1335,4876,163
440159,EJU747M,1765920448,48.7233,2.1351,4876,161
440159,EJU747M,1765920452,48.7174,2.1386,4876,158
440159,EJU747M,1765920466,48.6974,2.1509,5181,157
440159,EJU747M,1765920486,48.6664,2.1701,5486,157
440159,EJU747M,1765920519,48.6163,2.2004,5791,158
440159,EJU747M,1765920540,48.5836,2.22,6096,158
440159,EJU747M,1765920568,48.5395,2.2462,6400,158
440159,EJU747M,1765920603,48.4838,2.2793,6705,158
440159,EJU747M,1765920611,48.4709,2.2863,6705,160
440159,EJU747M,1765920637,48.4269,2.3073,7010,163
440159,EJU747M,1765920671,48.3678,2.3344,7315,162
440159,EJU747M,1765920702,48.3132,2.3603,7620,162
440159,EJU747M,1765920737,48.2516,2.39,7924,162
440159,EJU747M,1765920776,48.1816,2.4238,8229,162
440159,EJU747M,1765920806,48.1281,2.4495,8229,162
440159,EJU747M,1765920865,48.0223,2.5,8839,162
440159,EJU747M,1765920967,47.8336,2.5898,9144,162
440159,EJU747M,1765921028,47.7196,2.6438,9448,162
440159,EJU747M,1765921072,47.635,2.6836,9753,162
440159,EJU747M,1765921134,47.5152,2.7396,10058,162
440159,EJU747M,1765921167,47.4492,2.7705,10363,162
440159,EJU747M,1765921198,47.3909,2.7976,10668,162
440159,EJU747M,1765921240,47.313,2.8336,10972,162
440159,EJU747M,1765921301,47.1989,2.8867,11277,162
440159,EJU747M,1765921304,47.1933,2.8893,10972,162
440159,EJU747M,1765921319,47.1645,2.9026,11277,162
440159,EJU747M,1765922226,45.4382,3.6727,11277,162
440159,EJU747M,1765922237,45.4174,3.6827,11277,160
440159,EJU747M,1765922248,45.3973,3.6939,11277,157
440159,EJU747M,1765922259,45.3772,3.7064,11277,155
440159,EJU747M,1765922264,45.3679,3.7131,11277,153
440159,EJU747M,1765922267,45.3627,3.7171,11277,151
440159,EJU747M,1765922270,45.3576,3.7216,11277,148
440159,EJU747M,1765922273,45.3526,3.7262,11277,146
440159,EJU747M,1765922276,45.3481,3.7307,11277,144
440159,EJU747M,1765922279,45.3427,3.7366,11277,142
440159,EJU747M,1765922282,45.3389,3.7411,11277,140
440159,EJU747M,1765922285,45.3343,3.7471,11277,137
440159,EJU747M,1765922288,45.3295,3.7537,11277,135
440159,EJU747M,1765922291,45.3258,3.7593,11277,133
440159,EJU747M,1765922322,45.2848,3.8264,10972,131
440159,EJU747M,1765922325,45.2806,3.8332,11277,131
440159,EJU747M,1765922326,45.2793,3.8352,10972,131
440159,EJU747M,1765922327,45.2778,3.8378,11277,131
440159,EJU747M,1765922328,45.2765,3.8398,10972,131
440159,EJU747M,1765922329,45.2747,3.8427,11277,131
440159,EJU747M,1765922581,44.9311,4.3903,10972,131
440159,EJU747M,1765922654,44.8316,4.5471,10668,131
440159,EJU747M,1765922719,44.7464,4.681,10363,131
440159,EJU747M,1765922781,44.6645,4.8086,10058,133
440159,EJU747M,1765922787,44.6555,4.821,10058,136
440159,EJU747M,1765922838,44.5771,4.9179,9753,138
440159,EJU747M,1765922899,44.4803,5.0372,9448,138
440159,EJU747M,1765922963,44.3794,5.1608,9144,138
440159,EJU747M,1765923028,44.2795,5.2827,8839,138
440159,EJU747M,1765923094,44.1817,5.4012,8229,139
440159,EJU747M,1765923158,44.0918,5.5098,8229,139
440159,EJU747M,1765923213,44.0164,5.6005,7924,139
440159,EJU747M,1765923242,43.9771,5.6477,7620,138
440159,EJU747M,1765923270,43.9392,5.6934,7315,138
440159,EJU747M,1765923298,43.9014,5.7389,7010,138
440159,EJU747M,1765923300,43.8987,5.7421,7010,138
440159,EJU747M,1765923305,43.8924,5.7504,7010,136
440159,EJU747M,1765923309,43.8876,5.7571,7010,134
440159,EJU747M,1765923313,43.8827,5.7646,7010,132
440159,EJU747M,1765923317,43.8781,5.7722,7010,129
440159,EJU747M,1765923324,43.8706,5.7855,6705,127
440159,EJU747M,1765923348,43.8448,5.8321,6400,127
440159,EJU747M,1765923372,43.8194,5.8776,6096,127
440159,EJU747M,1765923399,43.7904,5.9293,5791,127
440159,EJU747M,1765923426,43.7621,5.9798,5486,127
440159,EJU747M,1765923456,43.7308,6.0351,5181,128
440159,EJU747M,1765923480,43.706,6.079,4876,127
440159,EJU747M,1765923503,43.6826,6.1206,4572,127
440159,EJU747M,1765923534,43.6506,6.1771,3962,127
440159,EJU747M,1765923577,43.6068,6.2544,3962,128
440159,EJU747M,1765923629,43.5547,6.3461,3657,127
440159,EJU747M,1765923689,43.4975,6.4467,3352,127
440159,EJU747M,1765923747,43.4473,6.5342,3048,128
440159,EJU747M,1765923771,43.4277,6.5705,3048,127
440159,EJU747M,1765923772,43.427,6.5723,3048,118
440159,EJU747M,1765923773,43.4268,6.5732,3048,116
440159,EJU747M,1765923774,43.4262,6.5749,3048,114
440159,EJU747M,1765923776,43.425,6.5791,3048,111
440159,EJU747M,1765923777,43.4248,6.58,3048,111
440159,EJU747M,1765923780,43.4236,6.5853,2743,107
440159,EJU747M,1765923789,43.4225,6.5906,2743,105
440159,EJU747M,1765923817,43.4118,6.653,2438,103
440159,EJU747M,1765923857,43.399,6.7236,1828,104
440159,EJU747M,1765923895,43.3867,6.7903,1828,104
440159,EJU747M,1765923923,43.3804,6.8242,1828,104
440159,EJU747M,1765923924,43.378,6.8406,1828,99
440159,EJU747M,1765923925,43.3778,6.8425,1828,99
440159,EJU747M,1765923929,43.3771,6.8495,1828,96
440159,EJU747M,1765923947,43.3752,6.8794,1524,94
440159,EJU747M,1765924018,43.3688,6.9891,1219,94
440159,EJU747M,1765924075,43.3648,7.0704,914,94
440159,EJU747M,1765924083,43.3643,7.0815,914,92
440159,EJU747M,1765924085,43.3643,7.0846,914,90
440159,EJU747M,1765924086,43.3644,7.0853,914,88
440159,EJU747M,1765924087,43.3644,7.0868,914,87
440159,EJU747M,1765924088,43.3645,7.088,914,85
440159,EJU747M,1765924089,43.3647,7.0894,914,83
440159,EJU747M,1765924090,43.3649,7.0908,914,82
440159,EJU747M,1765924091,43.365,7.0922,914,80
440159,EJU747M,1765924092,43.3653,7.0936,914,78
440159,EJU747M,1765924093,43.3656,7.0948,914,76
440159,EJU747M,1765924094,43.3659,7.0967,914,74
440159,EJU747M,1765924095,43.3662,7.0979,914,72
440159,EJU747M,1765924096,43.3666,7.0992,914,71
440159,EJU747M,1765924097,43.367,7.1004,914,69
440159,EJU747M,1765924098,43.3673,7.1011,914,67
440159,EJU747M,1765924099,43.3679,7.103,914,65
440159,EJU747M,1765924100,43.3684,7.1042,914,63
440159,EJU747M,1765924101,43.3689,7.1053,914,61
440159,EJU747M,1765924102,43.3696,7.1066,914,58
440159,EJU747M,1765924103,43.3699,7.1072,914,56
440159,EJU747M,1765924104,43.3708,7.1088,914,54
440159,EJU747M,1765924105,43.3715,7.1099,914,51
440159,EJU747M,1765924106,43.372,7.1105,914,49
440159,EJU747M,1765924107,43.373,7.1119,914,47
440159,EJU747M,1765924108,43.3737,7.1129,914,45
440159,EJU747M,1765924109,43.3744,7.1136,914,42
440159,EJU747M,1765924110,43.3754,7.1145,914,40
440159,EJU747M,1765924111,43.3758,7.1149,914,37
440159,EJU747M,1765924112,43.3768,7.1158,914,35
440159,EJU747M,1765924113,43.3778,7.1165,914,32
440159,EJU747M,1765924114,43.3787,7.1172,914,30
440159,EJU747M,1765924115,43.3796,7.1178,914,28
440159,EJU747M,1765924116,43.3805,7.1184,609,26
440159,EJU747M,1765924118,43.3824,7.1195,609,24
440159,EJU747M,1765924120,43.384,7.1204,609,22
440159,EJU747M,1765924210,43.4588,7.1611,609,20
440159,EJU747M,1765924212,43.4608,7.1619,609,18
440159,EJU747M,1765924213,43.4615,7.1622,609,17
440159,EJU747M,1765924214,43.4624,7.1625,609,15
440159,EJU747M,1765924215,43.4632,7.1627,609,13
440159,EJU747M,1765924216,43.4641,7.1629,609,11
440159,EJU747M,1765924217,43.4649,7.163,609,8
440159,EJU747M,1765924218,43.4658,7.163,609,6
440159,EJU747M,1765924219,43.4667,7.1631,609,4
440159,EJU747M,1765924220,43.4675,7.1631,609,3
440159,EJU747M,1765924222,43.4688,7.1631,609,0
440159,EJU747M,1765924223,43.4696,7.1631,609,359
440159,EJU747M,1765924225,43.4717,7.163,609,358
440159,EJU747M,1765924330,43.5597,7.1541,304,356
440159,EJU747M,1765924383,43.5944,7.1514,304,357
440159,EJU747M,1765924387,43.597,7.1515,304,0
440159,EJU747M,1765924389,43.5982,7.1516,304,2
440159,EJU747M,1765924390,43.5988,7.1517,304,4
440159,EJU747M,1765924391,43.5994,7.1518,304,5
440159,EJU747M,1765924392,43.6001,7.152,304,7
440159,EJU747M,1765924393,43.6007,7.1521,304,8
440159,EJU747M,1765924394,43.6013,7.1523,304,9
440159,EJU747M,1765924396,43.6025,7.1526,304,11
440159,EJU747M,1765924398,43.6039,7.1531,304,14
440159,EJU747M,1765924400,43.6051,7.1536,304,15
440159,EJU747M,1765924403,43.6068,7.1545,304,17
440159,EJU747M,1765924406,43.6084,7.1552,0,20
440159,EJU747M,1765924408,43.6095,7.1559,0,22
440159,EJU747M,1765924410,43.611,7.1568,0,24
440159,EJU747M,1765924411,43.6116,7.1573,0,26
440159,EJU747M,1765924412,43.6121,7.1577,0,27
440159,EJU747M,1765924413,43.6127,7.1582,0,29
440159,EJU747M,1765924414,43.6132,7.1586,0,31
440159,EJU747M,1765924415,43.6137,7.1591,0,32
440159,EJU747M,1765924416,43.6142,7.1597,0,34
440159,EJU747M,1765924418,43.6152,7.1607,0,36
440159,EJU747M,1765924420,43.6161,7.1618,0,38
440159,EJU747M,1765924425,43.6185,7.1644,0,40
440159,EJU747M,1765924429,43.6206,7.1671,0,42
440159,EJU747M,1765924490,43.6468,7.2026,-304,45
440159,EJU747M,1765924497,43.6499,7.2069,-304,45
440159,EJU576K,1765912345,43.6503,7.2073,0,44
440159,EJU576K,1765912353,43.6531,7.2112,-304,45
440159,EJU576K,1765912370,43.6613,7.2225,0,45
440159,EJU576K,1765912378,43.6653,7.228,0,45
440159,EJU576K,1765912379,43.6659,7.2291,0,49
440159,EJU576K,1765912380,43.6663,7.2299,0,51
440159,EJU576K,1765912381,43.6667,7.2307,0,53
440159,EJU576K,1765912382,43.667,7.2314,0,56
440159,EJU576K,1765912383,43.6673,7.2322,0,59
440159,EJU576K,1765912384,43.6675,7.2331,0,62
440159,EJU576K,1765912385,43.6678,7.234,304,65
440159,EJU576K,1765912386,43.668,7.235,304,67
440159,EJU576K,1765912387,43.6683,7.2359,304,70
440159,EJU576K,1765912388,43.6685,7.2369,304,73
440159,EJU576K,1765912389,43.6686,7.2379,304,75
440159,EJU576K,1765912390,43.6687,7.2388,304,78
440159,EJU576K,1765912391,43.6687,7.2398,304,81
440159,EJU576K,1765912392,43.6687,7.2403,304,83
440159,EJU576K,1765912393,43.6688,7.2417,304,86
440159,EJU576K,1765912394,43.6687,7.2422,304,89
440159,EJU576K,1765912395,43.6687,7.2432,304,92
440159,EJU576K,1765912396,43.6686,7.2446,304,95
440159,EJU576K,1765912397,43.6685,7.2452,304,97
440159,EJU576K,1765912398,43.6683,7.2462,304,100
440159,EJU576K,1765912399,43.668,7.2476,304,103
440159,EJU576K,1765912400,43.6678,7.2484,304,105
440159,EJU576K,1765912401,43.6675,7.2493,304,108
440159,EJU576K,1765912402,43.6673,7.2501,304,111
440159,EJU576K,1765912403,43.6669,7.2509,304,113
440159,EJU576K,1765912404,43.6668,7.2513,304,116
440159,EJU576K,1765912405,43.6664,7.2522,304,119
440159,EJU576K,1765912406,43.6658,7.2534,304,121
440159,EJU576K,1765912407,43.6653,7.2542,304,124
440159,EJU576K,1765912408,43.6649,7.2549,304,127
440159,EJU576K,1765912409,43.6643,7.2557,609,129
440159,EJU576K,1765912410,43.6638,7.2563,609,132
440159,EJU576K,1765912411,43.6633,7.257,609,134
440159,EJU576K,1765912412,43.6627,7.2577,609,136
440159,EJU576K,1765912414,43.6617,7.259,609,138
440159,EJU576K,1765912430,43.6529,7.2692,609,141
440159,EJU576K,1765912431,43.6522,7.2699,609,142
440159,EJU576K,1765912432,43.6514,7.2706,609,145
440159,EJU576K,1765912433,43.6507,7.2711,609,148
440159,EJU576K,1765912434,43.6503,7.2713,609,151
440159,EJU576K,1765912435,43.6492,7.2719,609,154
440159,EJU576K,1765912436,43.6485,7.2722,914,158
440159,EJU576K,1765912437,43.6478,7.2724,914,162
440159,EJU576K,1765912438,43.647,7.2726,914,165
440159,EJU576K,1765912439,43.6466,7.2726,914,168
440159,EJU576K,1765912440,43.6458,7.2726,914,172
440159,EJU576K,1765912441,43.6451,7.2726,914,175
440159,EJU576K,1765912442,43.6442,7.2726,914,179
440159,EJU576K,1765912443,43.6434,7.2724,914,183
440159,EJU576K,1765912444,43.6427,7.2722,914,186
440159,EJU576K,1765912445,43.6416,7.2719,914,189
440159,EJU576K,1765912446,43.6412,7.2716,914,193
440159,EJU576K,1765912447,43.6405,7.2712,914,196
440159,EJU576K,1765912448,43.6394,7.2707,914,199
440159,EJU576K,1765912449,43.6387,7.2701,914,202
440159,EJU576K,1765912450,43.6383,7.2697,914,206
440159,EJU576K,1765912451,43.6376,7.2692,914,209
440159,EJU576K,1765912452,43.6367,7.2682,914,212
440159,EJU576K,1765912453,43.6361,7.2676,914,216
440159,EJU576K,1765912454,43.6355,7.2668,914,219
440159,EJU576K,1765912455,43.6349,7.2659,914,222
440159,EJU576K,1765912456,43.6345,7.2652,914,225
440159,EJU576K,1765912457,43.634,7.2642,914,229
440159,EJU576K,1765912458,43.6336,7.2633,914,232
440159,EJU576K,1765912459,43.6334,7.2627,914,235
440159,EJU576K,1765912460,43.6329,7.2616,914,238
440159,EJU576K,1765912461,43.6325,7.2606,914,240
440159,EJU576K,1765912462,43.6321,7.2595,914,242
440159,EJU576K,1765912463,43.6317,7.2583,914,244
440159,EJU576K,1765912464,43.6315,7.2573,914,246
440159,EJU576K,1765912465,43.6312,7.2563,1219,247
440159,EJU576K,1765912466,43.6309,7.2552,1219,249
440159,EJU576K,1765912468,43.6304,7.2529,1219,251
440159,EJU576K,1765912494,43.6242,7.2238,1524,253
440159,EJU576K,1765912503,43.6223,7.214,1524,254
440159,EJU576K,1765912515,43.6199,7.2008,1828,256
440159,EJU576K,1765912519,43.6192,7.1965,1828,257
440159,EJU576K,1765912522,43.6187,7.193,1828,259
440159,EJU576K,1765912523,43.6186,7.1919,1828,261
440159,EJU576K,1765912524,43.6186,7.1907,1828,262
440159,EJU576K,1765912525,43.6185,7.1896,1828,265
440159,EJU576K,1765912526,43.6185,7.189,1828,267
440159,EJU576K,1765912527,43.6186,7.1877,1828,269
440159,EJU576K,1765912528,43.6186,7.1862,1828,271
440159,EJU576K,1765912529,43.6187,7.1853,1828,274
440159,EJU576K,1765912530,43.6189,7.184,1828,277
440159,EJU576K,1765912531,43.619,7.183,1828,277
440159,EJU576K,1765912532,43.6193,7.1821,1828,282
440159,EJU576K,1765912533,43.6195,7.1809,1828,284
440159,EJU576K,1765912534,43.6198,7.1798,1828,284
440159,EJU576K,1765912535,43.6202,7.1787,1828,290
440159,EJU576K,1765912536,43.6205,7.1778,1828,293
440159,EJU576K,1765912537,43.6209,7.1768,1828,295
440159,EJU576K,1765912538,43.6214,7.1758,1828,298
440159,EJU576K,1765912539,43.6219,7.1749,1828,301
440159,EJU576K,1765912540,43.6223,7.174,1828,304
440159,EJU576K,1765912541,43.6229,7.173,1828,306
440159,EJU576K,1765912542,43.6235,7.1722,1828,308
440159,EJU576K,1765912543,43.6239,7.1715,1828,310
440159,EJU576K,1765912544,43.6247,7.1704,1828,311
440159,EJU576K,1765912546,43.6257,7.169,1828,313
440159,EJU576K,1765912548,43.6269,7.1672,1828,314
440159,EJU576K,1765912596,43.6612,7.123,2438,316
440159,EJU576K,1765912628,43.6895,7.0857,2743,315
440159,EJU576K,1765912651,43.7116,7.056,3048,315
440159,EJU576K,1765912688,43.7506,7.0038,3352,315
440159,EJU576K,1765912712,43.7782,6.9669,3657,315
440159,EJU576K,1765912734,43.8038,6.9326,3962,315
440159,EJU576K,1765912752,43.8252,6.9039,3962,315
440159,EJU576K,1765912772,43.8487,6.8725,4572,316
440159,EJU576K,1765912777,43.855,6.8644,4572,317
440159,EJU576K,1765912780,43.8581,6.8608,4572,319
440159,EJU576K,1765912783,43.8623,6.8564,4572,322
440159,EJU576K,1765912785,43.8655,6.8531,4572,324
440159,EJU576K,1765912787,43.8682,6.8507,4572,326
440159,EJU576K,1765912789,43.8709,6.8484,4572,327
440159,EJU576K,1765912791,43.874,6.8459,4572,329
440159,EJU576K,1765912797,43.8831,6.8393,4876,332
440159,EJU576K,1765912821,43.919,6.8127,5181,331
440159,EJU576K,1765912856,43.9724,6.7724,5486,331
440159,EJU576K,1765912883,44.0149,6.74,5791,331
440159,EJU576K,1765912912,44.0611,6.7048,6096,331
440159,EJU576K,1765912944,44.1148,6.6639,6400,331
440159,EJU576K,1765912978,44.1718,6.6204,6705,331
440159,EJU576K,1765913006,44.2196,6.584,7010,331
440159,EJU576K,1765913035,44.2688,6.5462,7315,331
440159,EJU576K,1765913068,44.3284,6.5032,7620,333
440159,EJU576K,1765913100,44.3858,6.4635,7924,333
440159,EJU576K,1765913131,44.4424,6.4235,8229,333
440159,EJU576K,1765913159,44.4922,6.3879,8229,332
440159,EJU576K,1765913184,44.5377,6.3554,8839,332
440159,EJU576K,1765913239,44.6354,6.2854,9144,332
440159,EJU576K,1765913523,45.1522,5.9104,8839,332
440159,EJU576K,1765913525,45.1565,5.9073,9144,332
440159,EJU576K,1765913529,45.1636,5.9021,8839,332
440159,EJU576K,1765913530,45.1656,5.9006,9144,332
440159,EJU576K,1765913539,45.1818,5.8887,8839,332
440159,EJU576K,1765913540,45.1837,5.8874,9144,332
440159,EJU576K,1765913874,45.7899,5.437,8839,332
440159,EJU576K,1765913875,45.7919,5.4355,9144,332
440159,EJU576K,1765913888,45.8155,5.418,8839,333
440159,EJU576K,1765913889,45.8176,5.4165,9144,333
440159,EJU576K,1765913891,45.8211,5.4142,8839,334
440159,EJU576K,1765913892,45.823,5.413,9144,335
440159,EJU576K,1765913895,45.8289,5.4092,8839,336
440159,EJU576K,1765913896,45.8304,5.4084,9144,336
440159,EJU576K,1765913898,45.834,5.4062,8839,337
440159,EJU576K,1765913899,45.8367,5.4046,9144,337
440159,EJU576K,1765913925,45.8861,5.3758,8839,337
440159,EJU576K,1765913929,45.8931,5.3718,9144,337
440159,EJU576K,1765913930,45.8949,5.3707,8839,337
440159,EJU576K,1765913937,45.9085,5.3627,9144,337
440159,EJU576K,1765913938,45.9106,5.3615,8839,337
440159,EJU576K,1765913940,45.9142,5.3594,9144,337
440159,EJU576K,1765914193,46.3968,5.0731,8839,337
440159,EJU576K,1765914244,46.4947,5.0144,9144,337
440159,EJU576K,1765914248,46.5025,5.0096,8839,337
440159,EJU576K,1765914249,46.5043,5.0086,9144,337
440159,EJU576K,1765914251,46.508,5.0063,8839,337
440159,EJU576K,1765914252,46.5101,5.0051,9144,337
440159,EJU576K,1765914253,46.5117,5.0041,8839,337
440159,EJU576K,1765914257,46.5188,4.9998,9144,337
440159,EJU576K,1765914265,46.5347,4.9902,8839,337
440159,EJU576K,1765914266,46.5367,4.989,9144,337
440159,EJU576K,1765914428,46.8437,4.8031,8839,337
440159,EJU576K,1765914429,46.8458,4.8018,9144,337
440159,EJU576K,1765914432,46.8513,4.7984,8839,337
440159,EJU576K,1765914479,46.9389,4.7448,9144,337
440159,EJU576K,1765914641,47.2318,4.5646,8839,337
440159,EJU576K,1765914910,47.6924,4.2764,8229,336
440159,EJU576K,1765914952,47.7609,4.233,8229,336
440159,EJU576K,1765915000,47.8389,4.1835,7924,336
440159,EJU576K,1765915023,47.8772,4.1591,7620,336
440159,EJU576K,1765915043,47.9111,4.1375,7315,336
440159,EJU576K,1765915073,47.9617,4.1052,7010,336
440159,EJU576K,1765915099,48.0044,4.0781,6705,336
440159,EJU576K,1765915119,48.0379,4.0566,6400,336
440159,EJU576K,1765915148,48.0854,4.0261,6096,336
440159,EJU576K,1765915174,48.1271,3.9991,5791,336
440159,EJU576K,1765915204,48.1748,3.9684,5486,336
440159,EJU576K,1765915234,48.2222,3.9379,5181,336
440159,EJU576K,1765915281,48.2936,3.8912,5181,334
440159,EJU576K,1765915285,48.2996,3.8866,5181,332
440159,EJU576K,1765915288,48.3032,3.8834,5181,330
440159,EJU576K,1765915289,48.3046,3.8821,4876,335
440159,EJU576K,1765915290,48.306,3.8809,4876,330
440159,EJU576K,1765915292,48.3088,3.8782,4876,327
440159,EJU576K,1765915338,48.3712,3.8131,4572,325
440159,EJU576K,1765915372,48.4167,3.7661,3962,325
440159,EJU576K,1765915405,48.4602,3.7209,3962,325
440159,EJU576K,1765915441,48.5072,3.672,3657,325
440159,EJU576K,1765915474,48.5488,3.6287,3352,325
440159,EJU576K,1765915526,48.613,3.5619,3048,326
440159,EJU576K,1765915529,48.6166,3.5585,3048,328
440159,EJU576K,1765915595,48.6933,3.4922,2743,330
440159,EJU576K,1765915665,48.7736,3.422,2438,330
440159,EJU576K,1765915687,48.798,3.4008,2438,330
440159,EJU576K,1765915689,48.8014,3.3977,2438,327
440159,EJU576K,1765915690,48.8026,3.3965,2438,326
440159,EJU576K,1765915691,48.8036,3.3954,2438,324
440159,EJU576K,1765915693,48.8061,3.3923,2438,321
440159,EJU576K,1765915695,48.8085,3.3891,2438,318
440159,EJU576K,1765915696,48.8094,3.3878,2438,317
440159,EJU576K,1765915697,48.8102,3.3864,2438,315
440159,EJU576K,1765915698,48.8111,3.3849,2438,314
440159,EJU576K,1765915699,48.8119,3.3835,2438,312
440159,EJU576K,1765915700,48.8128,3.3819,2438,310
440159,EJU576K,1765915702,48.8137,3.3801,2438,309
440159,EJU576K,1765915704,48.8157,3.3761,2438,306
440159,EJU576K,1765915772,48.8669,3.2667,1828,305
440159,EJU576K,1765915821,48.9035,3.1896,1828,305
440159,EJU576K,1765915869,48.9389,3.1143,1524,305
440159,EJU576K,1765915917,48.9731,3.0422,1219,305
440159,EJU576K,1765915966,49.0071,2.9691,1219,304
440159,EJU576K,1765915968,49.0083,2.966,1219,301
440159,EJU576K,1765915969,49.0086,2.9652,1219,300
440159,EJU576K,1765915970,49.0091,2.9636,1219,298
440159,EJU576K,1765915971,49.0096,2.962,1219,295
440159,EJU576K,1765915972,49.01,2.9604,1219,293
440159,EJU576K,1765915973,49.0103,2.9589,1219,290
440159,EJU576K,1765915974,49.0106,2.9573,1219,288
440159,EJU576K,1765915975,49.0108,2.9557,1219,286
440159,EJU576K,1765915976,49.011,2.9543,1219,283
440159,EJU576K,1765915977,49.0112,2.9529,1219,281
440159,EJU576K,1765915978,49.0114,2.9504,1219,279
440159,EJU576K,1765915979,49.0115,2.9495,1219,277
440159,EJU576K,1765915980,49.0115,2.9479,1219,276
440159,EJU576K,1765915982,49.0117,2.9445,1219,273
440159,EJU576K,1765915984,49.0117,2.9414,1219,271
440159,EJU576K,1765915987,49.0117,2.9367,1219,269
440159,EJU576K,1765915995,49.0114,2.9245,914,267
440159,EJU576K,1765916076,49.0059,2.8124,609,265
440159,EJU576K,1765916137,49.0018,2.7325,304,265
440159,EJU576K,1765916217,48.9976,2.6531,0,264
440159,EJU576K,1765916244,48.9961,2.6262,0,264
440bc6,BCS6GK,1765922040,45.4749,10.268,914,330
440bc6,BCS6GK,1765922048,45.4812,10.265,914,349
440bc6,BCS6GK,1765922053,45.4851,10.2646,914,353
440bc6,BCS6GK,1765922055,45.4872,10.2648,1219,2
440bc6,BCS6GK,1765922057,45.489,10.265,1219,6
440bc6,BCS6GK,1765922059,45.4907,10.2655,1219,6
440bc6,BCS6GK,1765922061,45.4915,10.2658,1219,13
440bc6,BCS6GK,1765922062,45.4923,10.2661,1219,13
440bc6,BCS6GK,1765922064,45.4938,10.2669,1219,17
440bc6,BCS6GK,1765922065,45.4946,10.2672,1219,21
440bc6,BCS6GK,1765922066,45.4953,10.2677,1219,22
440bc6,BCS6GK,1765922069,45.4981,10.2697,1219,29
440bc6,BCS6GK,1765922071,45.4992,10.2706,1219,29
440bc6,BCS6GK,1765922072,45.5002,10.2716,1219,35
440bc6,BCS6GK,1765922073,45.5008,10.2723,1219,37
440bc6,BCS6GK,1765922076,45.5027,10.2745,1219,38
440bc6,BCS6GK,1765922084,45.5062,10.2806,1219,56
440bc6,BCS6GK,1765922087,45.5075,10.2839,1219,58
440bc6,BCS6GK,1765922088,45.5078,10.285,1219,64
440bc6,BCS6GK,1765922090,45.5084,10.287,1219,64
440bc6,BCS6GK,1765922091,45.5086,10.288,1219,70
440bc6,BCS6GK,1765922094,45.5092,10.2911,1219,75
440bc6,BCS6GK,1765922100,45.5097,10.2978,1219,77
440bc6,BCS6GK,1765922102,45.5097,10.2999,1524,88
440bc6,BCS6GK,1765922103,45.5097,10.301,1524,92
440bc6,BCS6GK,1765922105,45.5095,10.3031,1524,93
440bc6,BCS6GK,1765922106,45.5094,10.3042,1524,96
440bc6,BCS6GK,1765922110,45.509,10.3075,1524,102
440bc6,BCS6GK,1765922112,45.5086,10.3095,1524,105
440bc6,BCS6GK,1765922115,45.5078,10.3126,1524,105
440bc6,BCS6GK,1765922118,45.5069,10.3155,1524,116
440bc6,BCS6GK,1765922121,45.5058,10.3182,1524,117
440bc6,BCS6GK,1765922123,45.505,10.3198,1524,124
440bc6,BCS6GK,1765922125,45.5042,10.3214,1524,126
440bc6,BCS6GK,1765922127,45.5033,10.3231,1828,129
440bc6,BCS6GK,1765922151,45.4916,10.3439,1828,128
440bc6,BCS6GK,1765922173,45.4807,10.363,2438,129
440bc6,BCS6GK,1765922181,45.4769,10.3699,2438,127
440bc6,BCS6GK,1765922183,45.4762,10.3717,2438,120
440bc6,BCS6GK,1765922187,45.4755,10.3737,2438,113
440bc6,BCS6GK,1765922194,45.4739,10.3834,2438,95
440bc6,BCS6GK,1765922196,45.4737,10.387,2438,92
440bc6,BCS6GK,1765922199,45.4736,10.3904,2743,90
440bc6,BCS6GK,1765922202,45.4737,10.3939,2743,89
440bc6,BCS6GK,1765922221,45.4741,10.4165,3048,87
440bc6,BCS6GK,1765922256,45.4754,10.4624,3048,85
440bc6,BCS6GK,1765922257,45.4754,10.4633,3048,84
440bc6,BCS6GK,1765922259,45.4757,10.4666,3048,81
440bc6,BCS6GK,1765922260,45.4759,10.4679,3048,79
440bc6,BCS6GK,1765922262,45.4764,10.471,3048,78
440bc6,BCS6GK,1765922263,45.4768,10.4731,3048,76
440bc6,BCS6GK,1765922264,45.4771,10.4745,3048,74
440bc6,BCS6GK,1765922266,45.4779,10.4774,3048,70
440bc6,BCS6GK,1765922267,45.4784,10.479,3048,68
440bc6,BCS6GK,1765922268,45.4786,10.4796,3048,66
440bc6,BCS6GK,1765922271,45.48,10.4836,3352,59
440bc6,BCS6GK,1765922273,45.4815,10.4871,3352,58
440bc6,BCS6GK,1765922274,45.4823,10.4886,3352,55
440bc6,BCS6GK,1765922275,45.4826,10.4893,3352,54
440bc6,BCS6GK,1765922277,45.4847,10.4931,3352,52
440bc6,BCS6GK,1765922279,45.4863,10.4958,3352,47
440bc6,BCS6GK,1765922280,45.4868,10.4966,3352,45
440bc6,BCS6GK,1765922281,45.4882,10.4985,3352,43
440bc6,BCS6GK,1765922282,45.4888,10.4992,3352,41
440bc6,BCS6GK,1765922283,45.4898,10.5004,3352,39
440bc6,BCS6GK,1765922284,45.4907,10.5015,3352,37
440bc6,BCS6GK,1765922285,45.4917,10.5026,3352,35
440bc6,BCS6GK,1765922286,45.4929,10.5037,3352,33
440bc6,BCS6GK,1765922287,45.4939,10.5046,3352,31
440bc6,BCS6GK,1765922288,45.495,10.5055,3352,29
440bc6,BCS6GK,1765922290,45.4974,10.5074,3352,28
440bc6,BCS6GK,1765922292,45.5,10.5093,3352,25
440bc6,BCS6GK,1765922298,45.507,10.5138,3352,23
440bc6,BCS6GK,1765922313,45.5268,10.5255,3657,21
440bc6,BCS6GK,1765922352,45.5829,10.5561,3962,21
440bc6,BCS6GK,1765922377,45.6213,10.5775,3962,21
440bc6,BCS6GK,1765922398,45.6535,10.5959,4572,21
440bc6,BCS6GK,1765922426,45.6987,10.622,4876,22
440bc6,BCS6GK,1765922452,45.7404,10.6462,5181,22
440bc6,BCS6GK,1765922478,45.7845,10.6717,5486,22
440bc6,BCS6GK,1765922505,45.8305,10.6982,5791,21
440bc6,BCS6GK,1765922531,45.876,10.7245,6096,21
440bc6,BCS6GK,1765922559,45.9253,10.7531,6400,22
440bc6,BCS6GK,1765922589,45.9781,10.7836,6705,21
440bc6,BCS6GK,1765922622,46.0384,10.8186,7010,22
440bc6,BCS6GK,1765922654,46.0976,10.8531,7315,22
440bc6,BCS6GK,1765922689,46.1639,10.8918,7620,22
440bc6,BCS6GK,1765922730,46.2424,10.9379,7924,22
440bc6,BCS6GK,1765922769,46.3196,10.9831,8229,22
440bc6,BCS6GK,1765922810,46.4022,11.0318,8229,22
440bc6,BCS6GK,1765922848,46.4802,11.0779,8839,22
440bc6,BCS6GK,1765922875,46.535,11.1103,9144,22
440bc6,BCS6GK,1765922906,46.598,11.1477,9448,22
440bc6,BCS6GK,1765922941,46.6677,11.1893,9753,22
440bc6,BCS6GK,1765922982,46.7508,11.2389,10058,22
440bc6,BCS6GK,1765923044,46.876,11.3141,10363,22
440bc6,BCS6GK,1765923075,46.9381,11.3511,10363,20
440bc6,BCS6GK,1765923080,46.9488,11.3566,10363,17
440bc6,BCS6GK,1765923085,46.959,11.361,10363,15
440bc6,BCS6GK,1765923091,46.972,11.3658,10363,13
440bc6,BCS6GK,1765923095,46.9806,11.3685,10363,11
440bc6,BCS6GK,1765923099,46.9891,11.3707,10363,9
440bc6,BCS6GK,1765923104,46.9999,11.373,10363,6
440bc6,BCS6GK,1765923108,47.0088,11.3743,10363,5
440bc6,BCS6GK,1765923157,47.1178,11.3859,10668,3
440bc6,BCS6GK,1765923192,47.1946,11.3906,10972,1
440bc6,BCS6GK,1765923230,47.2782,11.394,11277,1
440bc6,BCS6GK,1765923319,47.4722,11.4005,11582,1
440bc6,BCS6GK,1765923335,47.5086,11.4018,11277,1
440bc6,BCS6GK,1765923336,47.5105,11.4019,11582,1
440bc6,BCS6GK,1765923337,47.5124,11.402,11277,1
440bc6,BCS6GK,1765923338,47.5154,11.4021,11582,1
440bc6,BCS6GK,1765923339,47.5172,11.4022,11277,1
440bc6,BCS6GK,1765923341,47.5221,11.4023,11582,1
440bc6,BCS6GK,1765923342,47.5244,11.4024,11277,1
440bc6,BCS6GK,1765923343,47.5256,11.4025,11582,1
440bc6,BCS6GK,1765923874,48.7344,11.4524,11277,1
440bc6,BCS6GK,1765923917,48.8345,11.4568,10972,1
440bc6,BCS6GK,1765923959,48.928,11.4609,10668,1
440bc6,BCS6GK,1765923998,49.0176,11.4647,10363,1
440bc6,BCS6GK,1765924039,49.1084,11.4684,10058,1
440bc6,BCS6GK,1765924080,49.1992,11.4722,9753,1
440bc6,BCS6GK,1765924189,49.4404,11.4827,9448,1
440bc6,BCS6GK,1765924232,49.5379,11.4869,9144,1
440bc6,BCS6GK,1765924265,49.6124,11.4904,8839,1
440bc6,BCS6GK,1765924296,49.6816,11.4936,8229,1
440bc6,BCS6GK,1765924325,49.7453,11.4964,8229,1
440bc6,BCS6GK,1765924356,49.8125,11.4993,7924,1
440bc6,BCS6GK,1765924390,49.8859,11.5025,7620,1
440bc6,BCS6GK,1765924430,49.9695,11.5062,7315,1
440bc6,BCS6GK,1765924470,50.0525,11.5098,7010,1
440bc6,BCS6GK,1765924510,50.1331,11.5134,6705,1
440bc6,BCS6GK,1765924560,50.2329,11.518,6400,1
440bc6,BCS6GK,1765924616,50.3433,11.5229,6096,1
440bc6,BCS6GK,1765924647,50.4039,11.5257,5791,1
440bc6,BCS6GK,1765924678,50.4645,11.5285,5486,1
440bc6,BCS6GK,1765924707,50.5205,11.5311,5181,1
440bc6,BCS6GK,1765924738,50.578,11.5338,4876,1
440bc6,BCS6GK,1765924768,50.6327,11.5362,4572,1
440bc6,BCS6GK,1765924798,50.6873,11.5387,3962,1
440bc6,BCS6GK,1765924828,50.7403,11.541,3962,1
440bc6,BCS6GK,1765924880,50.8283,11.5453,3657,1
440bc6,BCS6GK,1765924937,50.9153,11.5493,3657,2
440bc6,BCS6GK,1765924940,50.9197,11.5497,3657,4
440bc6,BCS6GK,1765924942,50.9226,11.5502,3657,6
440bc6,BCS6GK,1765924944,50.9256,11.5509,3657,8
440bc6,BCS6GK,1765924946,50.9282,11.5516,3657,10
440bc6,BCS6GK,1765924948,50.9309,11.5524,3657,12
440bc6,BCS6GK,1765924951,50.9356,11.5543,3352,14
440bc6,BCS6GK,1765924956,50.942,11.557,3352,16
440bc6,BCS6GK,1765924991,50.9895,11.5815,3048,18
440bc6,BCS6GK,1765925031,51.0432,11.6114,2743,19
440bc6,BCS6GK,1765925074,51.1,11.642,2438,18
440bc6,BCS6GK,1765925122,51.1623,11.6743,1828,17
440bc6,BCS6GK,1765925173,51.2269,11.7063,1828,17
440bc6,BCS6GK,1765925227,51.2943,11.7406,1524,17
440bc6,BCS6GK,1765925288,51.3607,11.7735,1524,18
440bc6,BCS6GK,1765925290,51.3628,11.7747,1524,21
440bc6,BCS6GK,1765925291,51.3637,11.7754,1524,22
440bc6,BCS6GK,1765925292,51.365,11.7763,1524,24
440bc6,BCS6GK,1765925294,51.3665,11.7774,1524,26
440bc6,BCS6GK,1765925295,51.3674,11.7783,1524,30
440bc6,BCS6GK,1765925296,51.3684,11.7793,1524,32
440bc6,BCS6GK,1765925297,51.3692,11.7802,1524,34
440bc6,BCS6GK,1765925298,51.3701,11.7812,1524,36
440bc6,BCS6GK,1765925299,51.3709,11.7822,1524,39
440bc6,BCS6GK,1765925300,51.372,11.7838,1524,41
440bc6,BCS6GK,1765925302,51.3731,11.7854,1524,43
440bc6,BCS6GK,1765925303,51.3741,11.7872,1524,48
440bc6,BCS6GK,1765925304,51.3745,11.7879,1524,50
440bc6,BCS6GK,1765925305,51.3754,11.7897,1524,51
440bc6,BCS6GK,1765925306,51.3758,11.7905,1524,53
440bc6,BCS6GK,1765925307,51.3764,11.7919,1524,54
440bc6,BCS6GK,1765925309,51.3777,11.7948,1524,56
440bc6,BCS6GK,1765925313,51.3798,11.8004,1524,58
440bc6,BCS6GK,1765925321,51.3837,11.8113,1219,61
440bc6,BCS6GK,1765925335,51.3901,11.8301,1219,63
440bc6,BCS6GK,1765925337,51.391,11.833,1219,64
440bc6,BCS6GK,1765925339,51.3918,11.8358,1219,67
440bc6,BCS6GK,1765925340,51.3922,11.8374,1219,68
440bc6,BCS6GK,1765925341,51.3925,11.8388,1219,69
440bc6,BCS6GK,1765925342,51.3928,11.8402,1219,71
440bc6,BCS6GK,1765925343,51.3931,11.8416,1219,72
440bc6,BCS6GK,1765925344,51.3933,11.843,1219,74
440bc6,BCS6GK,1765925345,51.3935,11.8444,1219,75
440bc6,BCS6GK,1765925346,51.3937,11.8456,1219,76
440bc6,BCS6GK,1765925348,51.3941,11.8485,1219,79
440bc6,BCS6GK,1765925350,51.3944,11.8515,1219,81
440bc6,BCS6GK,1765925353,51.3948,11.8562,1219,83
440bc6,BCS6GK,1765925395,51.3978,11.9186,914,85
440bc6,BCS6GK,1765925452,51.4018,11.9993,609,85
440bc6,BCS6GK,1765925519,51.4058,12.0805,304,86
440bc6,BCS6GK,1765925597,51.4096,12.1619,0,86
440bc6,BCS6GK,1765925647,51.4119,12.2114,0,85
45ce46,SRR6381,1765919771,43.4451,5.2031,-304,133
45ce46,SRR6381,1765919804,43.43,5.2249,0,134
45ce46,SRR6381,1765919808,43.4281,5.228,0,129
45ce46,SRR6381,1765919810,43.4273,5.2294,0,127
45ce46,SRR6381,1765919811,43.4268,5.2303,0,124
45ce46,SRR6381,1765919812,43.4264,5.2313,304,124
45ce46,SRR6381,1765919813,43.4259,5.2326,304,120
45ce46,SRR6381,1765919814,43.4255,5.2336,304,118
45ce46,SRR6381,1765919815,43.4252,5.2345,304,116
45ce46,SRR6381,1765919816,43.4249,5.2354,304,114
45ce46,SRR6381,1765919817,43.4248,5.2359,304,111
45ce46,SRR6381,1765919818,43.4245,5.237,304,109
45ce46,SRR6381,1765919819,43.4243,5.2384,304,107
45ce46,SRR6381,1765919820,43.4242,5.2389,304,104
45ce46,SRR6381,1765919822,43.4238,5.2414,304,100
45ce46,SRR6381,1765919823,43.4238,5.2424,304,98
45ce46,SRR6381,1765919824,43.4237,5.2434,304,96
45ce46,SRR6381,1765919825,43.4236,5.2443,304,95
45ce46,SRR6381,1765919827,43.4236,5.2464,304,93
45ce46,SRR6381,1765919829,43.4236,5.2482,304,91
45ce46,SRR6381,1765919833,43.4236,5.2527,609,89
45ce46,SRR6381,1765919850,43.4239,5.2709,609,87
45ce46,SRR6381,1765919858,43.4243,5.2791,914,84
45ce46,SRR6381,1765919866,43.4251,5.2881,914,83
45ce46,SRR6381,1765919896,43.4289,5.325,1219,81
45ce46,SRR6381,1765919907,43.4307,5.3409,1219,81
45ce46,SRR6381,1765919911,43.4312,5.3467,1219,83
45ce46,SRR6381,1765919913,43.4314,5.3499,1219,85
45ce46,SRR6381,1765919916,43.4314,5.3541,1219,88
45ce46,SRR6381,1765919918,43.4314,5.3575,1219,90
45ce46,SRR6381,1765919921,43.4313,5.3629,1219,92
45ce46,SRR6381,1765919934,43.4301,5.384,1524,94
45ce46,SRR6381,1765919955,43.4284,5.4198,1828,93
45ce46,SRR6381,1765919975,43.4267,5.4543,1828,93
45ce46,SRR6381,1765919993,43.4251,5.4866,2438,93
45ce46,SRR6381,1765920013,43.4234,5.5222,2743,93
45ce46,SRR6381,1765920033,43.4217,5.5576,3048,93
45ce46,SRR6381,1765920069,43.4183,5.627,3352,93
45ce46,SRR6381,1765920105,43.415,5.7038,3657,92
45ce46,SRR6381,1765920129,43.4136,5.7579,3962,91
45ce46,SRR6381,1765920155,43.412,5.8166,3962,92
45ce46,SRR6381,1765920179,43.4103,5.8723,4572,92
45ce46,SRR6381,1765920204,43.4084,5.931,4876,92
45ce46,SRR6381,1765920229,43.4065,5.9901,5181,92
45ce46,SRR6381,1765920256,43.4043,6.0548,5486,92
45ce46,SRR6381,1765920285,43.402,6.1246,5791,92
45ce46,SRR6381,1765920315,43.3994,6.1984,6096,92
45ce46,SRR6381,1765920346,43.3968,6.275,6400,92
45ce46,SRR6381,1765920375,43.3941,6.3482,6705,92
45ce46,SRR6381,1765920407,43.3913,6.4269,7010,92
45ce46,SRR6381,1765920440,43.3881,6.5141,7315,92
45ce46,SRR6381,1765920472,43.385,6.5965,7620,93
45ce46,SRR6381,1765920506,43.3816,6.6841,7924,93
45ce46,SRR6381,1765920538,43.3784,6.768,8229,93
45ce46,SRR6381,1765920565,43.3757,6.8397,8229,91
45ce46,SRR6381,1765920568,43.3759,6.848,8229,88
45ce46,SRR6381,1765920570,43.3761,6.853,8229,86
45ce46,SRR6381,1765920572,43.3765,6.8583,8229,84
45ce46,SRR6381,1765920574,43.377,6.8634,8229,83
45ce46,SRR6381,1765920577,43.378,6.8714,8229,81
45ce46,SRR6381,1765920578,43.3784,6.874,8229,80
45ce46,SRR6381,1765920579,43.3787,6.8764,8229,78
45ce46,SRR6381,1765920580,43.3792,6.8793,8229,77
45ce46,SRR6381,1765920582,43.3802,6.8848,8229,76
45ce46,SRR6381,1765920585,43.382,6.8929,8229,73
45ce46,SRR6381,1765920588,43.3838,6.9005,8229,71
45ce46,SRR6381,1765920591,43.3859,6.9078,8229,68
45ce46,SRR6381,1765920592,43.3867,6.9101,8229,68
45ce46,SRR6381,1765920596,43.39,6.9202,8229,65
45ce46,SRR6381,1765920598,43.3922,6.9261,8229,63
45ce46,SRR6381,1765920601,43.3948,6.9324,8229,61
45ce46,SRR6381,1765920603,43.3971,6.9377,8229,59
45ce46,SRR6381,1765920606,43.4004,6.9447,8229,56
45ce46,SRR6381,1765920610,43.4052,6.954,8839,54
45ce46,SRR6381,1765920652,43.4552,7.0509,9144,54
45ce46,SRR6381,1765920697,43.5111,7.1571,9448,54
45ce46,SRR6381,1765920749,43.5769,7.2828,9753,54
45ce46,SRR6381,1765920813,43.6559,7.4352,9753,52
45ce46,SRR6381,1765920817,43.6609,7.4436,9753,50
45ce46,SRR6381,1765920820,43.6653,7.4504,9753,48
45ce46,SRR6381,1765920823,43.6699,7.457,9753,46
45ce46,SRR6381,1765920826,43.6745,7.4632,9753,44
45ce46,SRR6381,1765920830,43.6808,7.4712,9753,42
45ce46,SRR6381,1765920834,43.6874,7.4788,9753,40
45ce46,SRR6381,1765920837,43.6923,7.4841,9753,38
45ce46,SRR6381,1765920841,43.6995,7.4913,9753,36
45ce46,SRR6381,1765920845,43.7066,7.4979,9753,33
45ce46,SRR6381,1765920849,43.7142,7.5043,9753,31
45ce46,SRR6381,1765920853,43.7216,7.5099,9753,28
45ce46,SRR6381,1765920857,43.7293,7.5152,9753,26
45ce46,SRR6381,1765920898,43.8113,7.5656,10058,23
45ce46,SRR6381,1765920931,43.8771,7.6052,10363,23
45ce46,SRR6381,1765920974,43.9624,7.6562,10668,23
45ce46,SRR6381,1765921040,44.0974,7.7379,10972,23
45ce46,SRR6381,1765921949,45.9554,8.9082,10972,22
45ce46,SRR6381,1765921953,45.9639,8.9127,10972,19
45ce46,SRR6381,1765921957,45.9706,8.9157,10972,17
45ce46,SRR6381,1765921960,45.9792,8.9192,10972,15
45ce46,SRR6381,1765921964,45.9876,8.922,10972,13
45ce46,SRR6381,1765921968,45.9956,8.9244,10972,11
45ce46,SRR6381,1765921972,46.0052,8.9267,10972,9
45ce46,SRR6381,1765921976,46.0131,8.928,10972,7
45ce46,SRR6381,1765921980,46.0219,8.9292,10972,5
45ce46,SRR6381,1765921984,46.0314,8.93,10972,2
45ce46,SRR6381,1765921988,46.0393,8.9301,10972,0
45ce46,SRR6381,1765921990,46.0435,8.93,10972,359
45ce46,SRR6381,1765921992,46.0484,8.9299,10972,358
45ce46,SRR6381,1765921996,46.0576,8.929,10972,356
45ce46,SRR6381,1765922000,46.0666,8.9277,10972,353
45ce46,SRR6381,1765923446,49.1885,8.2901,10668,351
45ce46,SRR6381,1765923489,49.2829,8.2695,10363,352
45ce46,SRR6381,1765923530,49.3738,8.2499,10058,351
45ce46,SRR6381,1765923570,49.4623,8.2301,9753,351
45ce46,SRR6381,1765923612,49.5574,8.2092,9448,351
45ce46,SRR6381,1765923653,49.651,8.1886,9144,351
45ce46,SRR6381,1765923693,49.7417,8.1685,8839,351
45ce46,SRR6381,1765923734,49.8327,8.1484,8229,351
45ce46,SRR6381,1765923773,49.9176,8.1296,8229,351
45ce46,SRR6381,1765923814,50.0068,8.1095,7924,351
45ce46,SRR6381,1765923855,50.0948,8.0894,7620,351
45ce46,SRR6381,1765923895,50.1782,8.0708,7315,351
45ce46,SRR6381,1765923936,50.2621,8.0517,7010,351
45ce46,SRR6381,1765923956,50.3048,8.0414,7010,349
45ce46,SRR6381,1765923959,50.31,8.0395,7010,347
45ce46,SRR6381,1765923962,50.3164,8.0367,7010,344
45ce46,SRR6381,1765923965,50.3225,8.0338,7010,342
45ce46,SRR6381,1765923968,50.3279,8.0307,7010,340
45ce46,SRR6381,1765923971,50.3336,8.0271,7010,338
45ce46,SRR6381,1765923975,50.3413,8.0219,6705,336
45ce46,SRR6381,1765924000,50.3877,7.9888,6400,336
45ce46,SRR6381,1765924024,50.4319,7.9588,6096,336
45ce46,SRR6381,1765924059,50.495,7.9129,5791,334
45ce46,SRR6381,1765924080,50.5308,7.8858,5791,332
45ce46,SRR6381,1765924083,50.5356,7.8816,5791,330
45ce46,SRR6381,1765924086,50.5403,7.877,5791,328
45ce46,SRR6381,1765924089,50.5449,7.8721,5486,326
45ce46,SRR6381,1765924113,50.5805,7.8324,5181,325
45ce46,SRR6381,1765924134,50.6111,7.7991,4876,325
45ce46,SRR6381,1765924154,50.6396,7.7684,4572,325
45ce46,SRR6381,1765924174,50.668,7.738,3962,325
45ce46,SRR6381,1765924209,50.7134,7.69,3962,326
45ce46,SRR6381,1765924235,50.7452,7.657,3657,326
45ce46,SRR6381,1765924266,50.7828,7.617,3352,325
45ce46,SRR6381,1765924324,50.8521,7.5434,3048,325
45ce46,SRR6381,1765924395,50.926,7.4658,2743,327
45ce46,SRR6381,1765924465,50.9972,7.3937,2438,326
45ce46,SRR6381,1765924467,50.9993,7.3915,2438,325
45ce46,SRR6381,1765924529,51.0586,7.3262,1828,323
45ce46,SRR6381,1765924531,51.0606,7.3238,1828,321
45ce46,SRR6381,1765924532,51.0613,7.3228,1828,319
45ce46,SRR6381,1765924533,51.0622,7.3214,1828,318
45ce46,SRR6381,1765924534,51.0629,7.3203,1828,316
45ce46,SRR6381,1765924535,51.0637,7.319,1828,314
45ce46,SRR6381,1765924536,51.0647,7.3173,1828,313
45ce46,SRR6381,1765924538,51.0656,7.3156,1828,310
45ce46,SRR6381,1765924538,51.0658,7.315,1828,308
45ce46,SRR6381,1765924539,51.0665,7.3134,1828,306
45ce46,SRR6381,1765924540,51.0672,7.3118,1828,304
45ce46,SRR6381,1765924541,51.0679,7.3101,1828,302
45ce46,SRR6381,1765924542,51.0684,7.3087,1828,301
45ce46,SRR6381,1765924625,51.1142,7.1821,1828,299
45ce46,SRR6381,1765924626,51.1148,7.1806,1828,299
45ce46,SRR6381,1765924689,51.1489,7.0834,1828,297
45ce46,SRR6381,1765924691,51.1497,7.0806,1828,294
45ce46,SRR6381,1765924692,51.1502,7.0787,1828,292
45ce46,SRR6381,1765924693,51.1506,7.077,1828,291
45ce46,SRR6381,1765924694,51.1509,7.0756,1828,289
45ce46,SRR6381,1765924695,51.1512,7.0739,1828,286
45ce46,SRR6381,1765924696,51.1514,7.0724,1828,284
45ce46,SRR6381,1765924697,51.1516,7.0707,1828,282
45ce46,SRR6381,1765924698,51.1517,7.069,1828,280
45ce46,SRR6381,1765924699,51.1519,7.067,1828,277
45ce46,SRR6381,1765924700,51.152,7.0653,1828,275
45ce46,SRR6381,1765924701,51.152,7.0636,1828,273
45ce46,SRR6381,1765924702,51.152,7.0619,1828,271
45ce46,SRR6381,1765924703,51.152,7.0602,1828,269
45ce46,SRR6381,1765924704,51.1519,7.0588,1828,267
45ce46,SRR6381,1765924705,51.1518,7.0571,1828,266
45ce46,SRR6381,1765924707,51.1516,7.0537,1828,263
45ce46,SRR6381,1765924709,51.1513,7.0504,1828,262
45ce46,SRR6381,1765924711,51.151,7.047,1524,261
45ce46,SRR6381,1765924783,51.1422,6.929,1524,263
45ce46,SRR6381,1765924785,51.1419,6.9259,1524,261
45ce46,SRR6381,1765924786,51.1417,6.9246,1524,259
45ce46,SRR6381,1765924787,51.1415,6.9233,1524,257
45ce46,SRR6381,1765924788,51.1412,6.9217,1524,255
45ce46,SRR6381,1765924789,51.1409,6.9202,1524,253
45ce46,SRR6381,1765924790,51.1406,6.9186,1524,251
45ce46,SRR6381,1765924792,51.1398,6.9159,1524,247
45ce46,SRR6381,1765924793,51.1396,6.9151,1524,244
45ce46,SRR6381,1765924794,51.1391,6.9138,1524,242
45ce46,SRR6381,1765924795,51.1385,6.9122,1524,240
45ce46,SRR6381,1765924796,51.138,6.9111,1524,237
45ce46,SRR6381,1765924797,51.1374,6.9098,1524,235
45ce46,SRR6381,1765924798,51.1369,6.9088,1524,233
45ce46,SRR6381,1765924799,51.1364,6.9078,1524,230
45ce46,SRR6381,1765924800,51.1356,6.9067,1524,227
45ce46,SRR6381,1765924801,51.135,6.9058,1524,225
45ce46,SRR6381,1765924802,51.1342,6.9046,1524,223
45ce46,SRR6381,1765924803,51.1336,6.9038,1524,221
45ce46,SRR6381,1765924804,51.1329,6.9031,1524,219
45ce46,SRR6381,1765924805,51.1321,6.9021,1219,217
45ce46,SRR6381,1765924806,51.1314,6.9013,1219,216
45ce46,SRR6381,1765924808,51.1299,6.8997,1219,213
45ce46,SRR6381,1765924811,51.1273,6.8972,1219,211
45ce46,SRR6381,1765924830,51.1123,6.8836,1219,209
45ce46,SRR6381,1765924832,51.1106,6.8823,1219,207
45ce46,SRR6381,1765924833,51.1097,6.8816,1219,206
45ce46,SRR6381,1765924834,51.1089,6.8812,1219,204
45ce46,SRR6381,1765924835,51.108,6.8806,1219,202
45ce46,SRR6381,1765924836,51.1071,6.8801,1219,200
45ce46,SRR6381,1765924837,51.1062,6.8797,1219,198
45ce46,SRR6381,1765924838,51.1053,6.8794,1219,196
45ce46,SRR6381,1765924839,51.1044,6.8791,1219,193
45ce46,SRR6381,1765924840,51.1033,6.8788,1219,191
45ce46,SRR6381,1765924841,51.1023,6.8787,1219,188
45ce46,SRR6381,1765924843,51.1008,6.8787,1219,188
45ce46,SRR6381,1765924844,51.0999,6.8787,1219,180
45ce46,SRR6381,1765924845,51.0985,6.8788,1219,178
45ce46,SRR6381,1765924846,51.0976,6.879,1219,183
45ce46,SRR6381,1765924847,51.0966,6.8793,1219,173
45ce46,SRR6381,1765924848,51.0957,6.8796,1219,191
45ce46,SRR6381,1765924849,51.0949,6.8799,1219,168
45ce46,SRR6381,1765924850,51.0939,6.8803,1219,166
45ce46,SRR6381,1765924851,51.093,6.8808,1219,165
45ce46,SRR6381,1765924852,51.0921,6.8812,1219,163
45ce46,SRR6381,1765924853,51.0912,6.8817,1219,162
45ce46,SRR6381,1765924854,51.0903,6.8822,1219,160
45ce46,SRR6381,1765924856,51.0884,6.8835,1219,159
45ce46,SRR6381,1765924928,51.0275,6.9238,914,157
45ce46,SRR6381,1765924936,51.0205,6.9288,914,154
45ce46,SRR6381,1765924938,51.0188,6.9302,914,152
45ce46,SRR6381,1765924940,51.0172,6.9317,914,150
45ce46,SRR6381,1765924942,51.0158,6.933,914,148
45ce46,SRR6381,1765924944,51.0141,6.9348,914,146
45ce46,SRR6381,1765924946,51.0125,6.9367,914,144
45ce46,SRR6381,1765924948,51.0111,6.9385,914,142
45ce46,SRR6381,1765924950,51.01,6.9399,914,140
45ce46,SRR6381,1765924952,51.0086,6.9419,914,138
45ce46,SRR6381,1765924954,51.0069,6.9445,914,136
45ce46,SRR6381,1765924965,50.9998,6.9564,914,134
45ce46,SRR6381,1765924970,50.9963,6.9619,914,136
45ce46,SRR6381,1765924990,50.9821,6.981,609,138
45ce46,SRR6381,1765925047,50.9448,7.0355,304,137
45ce46,SRR6381,1765925116,50.9079,7.0892,0,137
45ce46,SRR6381,1765925187,50.8783,7.1323,0,137
484555,KLM35W,1765916617,52.2982,4.761,0,238
484555,KLM35W,1765916648,52.2855,4.7282,304,237
484555,KLM35W,1765916688,52.2667,4.6811,609,236
484555,KLM35W,1765916708,52.2556,4.6532,914,238
484555,KLM35W,1765916709,52.2551,4.6516,914,237
484555,KLM35W,1765916715,52.2516,4.6433,914,235
484555,KLM35W,1765916718,52.2497,4.6391,914,232
484555,KLM35W,1765916721,52.2479,4.6352,914,230
484555,KLM35W,1765916723,52.2466,4.6329,914,228
484555,KLM35W,1765916724,52.2458,4.6315,1219,226
484555,KLM35W,1765916725,52.2451,4.6303,1219,225
484555,KLM35W,1765916726,52.2446,4.6297,1219,224
484555,KLM35W,1765916728,52.2428,4.627,1219,222
484555,KLM35W,1765916730,52.2413,4.6249,1219,219
484555,KLM35W,1765916731,52.2405,4.6239,1219,218
484555,KLM35W,1765916732,52.2397,4.6229,1219,216
484555,KLM35W,1765916733,52.2389,4.6219,1219,214
484555,KLM35W,1765916734,52.2379,4.621,1219,212
484555,KLM35W,1765916735,52.237,4.6201,1219,210
484555,KLM35W,1765916736,52.2365,4.6196,1219,208
484555,KLM35W,1765916737,52.2355,4.6188,1219,207
484555,KLM35W,1765916738,52.2344,4.6179,1219,205
484555,KLM35W,1765916739,52.2334,4.6172,1219,203
484555,KLM35W,1765916740,52.2324,4.6166,1219,201
484555,KLM35W,1765916741,52.2313,4.6159,1219,200
484555,KLM35W,1765916742,52.2304,4.6154,1219,198
484555,KLM35W,1765916743,52.2292,4.6149,1219,196
484555,KLM35W,1765916744,52.228,4.6143,1219,194
484555,KLM35W,1765916745,52.2269,4.6139,1219,192
484555,KLM35W,1765916746,52.2263,4.6137,1219,191
484555,KLM35W,1765916747,52.2251,4.6134,1219,190
484555,KLM35W,1765916748,52.224,4.613,1524,196
484555,KLM35W,1765916749,52.2228,4.6127,1524,189
484555,KLM35W,1765916769,52.2,4.6065,1828,189
484555,KLM35W,1765916786,52.1803,4.6001,1828,190
484555,KLM35W,1765916803,52.1609,4.5947,2438,189
484555,KLM35W,1765916821,52.1402,4.5892,2743,189
484555,KLM35W,1765916841,52.1167,4.5824,3048,190
484555,KLM35W,1765916863,52.0905,4.5744,3352,190
484555,KLM35W,1765916883,52.0664,4.5666,3657,192
484555,KLM35W,1765916902,52.0431,4.5578,3962,193
484555,KLM35W,1765916939,51.9949,4.5395,3962,192
484555,KLM35W,1765916961,51.9641,4.5284,4572,192
484555,KLM35W,1765916984,51.9315,4.5168,4876,192
484555,KLM35W,1765917008,51.8969,4.5045,5181,192
484555,KLM35W,1765917031,51.8625,4.4921,5486,192
484555,KLM35W,1765917054,51.8287,4.48,5791,192
484555,KLM35W,1765917073,51.8002,4.4699,6096,192
484555,KLM35W,1765917095,51.7672,4.458,6400,192
484555,KLM35W,1765917122,51.7264,4.4434,6705,192
484555,KLM35W,1765917149,51.6853,4.4286,7010,192
484555,KLM35W,1765917176,51.6437,4.4138,7315,192
484555,KLM35W,1765917207,51.5952,4.3967,7620,192
484555,KLM35W,1765917241,51.5416,4.3777,7924,192
484555,KLM35W,1765917272,51.4918,4.36,8229,192
484555,KLM35W,1765917307,51.4347,4.3399,8229,192
484555,KLM35W,1765917346,51.3705,4.3172,8839,192
484555,KLM35W,1765917368,51.3346,4.3043,8839,194
484555,KLM35W,1765917375,51.3225,4.2988,8839,196
484555,KLM35W,1765917380,51.3145,4.2946,8839,199
484555,KLM35W,1765917386,51.3044,4.2886,8839,201
484555,KLM35W,1765917393,51.2933,4.2814,8839,203
484555,KLM35W,1765917409,51.2678,4.2623,9144,205
484555,KLM35W,1765917464,51.178,4.194,9448,205
484555,KLM35W,1765917468,51.1708,4.1888,9448,204
484555,KLM35W,1765917474,51.1605,4.182,9448,201
484555,KLM35W,1765917527,51.0664,4.1299,9753,199
484555,KLM35W,1765917541,51.0413,4.1159,9753,200
484555,KLM35W,1765917584,50.9648,4.065,10058,203
484555,KLM35W,1765917647,50.8511,3.9889,10363,202
484555,KLM35W,1765917766,50.6355,3.8455,10668,202
484555,KLM35W,1765917812,50.5522,3.7907,10972,202
484555,KLM35W,1765917877,50.4368,3.7149,11277,202
484555,KLM35W,1765917956,50.2928,3.6209,11277,203
484555,KLM35W,1765917961,50.2838,3.6144,11277,205
484555,KLM35W,1765917967,50.2736,3.6063,11277,208
484555,KLM35W,1765917973,50.2629,3.5969,11277,210
484555,KLM35W,1765918185,49.906,3.254,11277,212
484555,KLM35W,1765918190,49.8972,3.2447,11277,215
484555,KLM35W,1765918196,49.8881,3.2343,11277,217
484555,KLM35W,1765918202,49.8789,3.223,11277,219
484555,KLM35W,1765918214,49.8604,3.1975,11277,221
484555,KLM35W,1765918215,49.859,3.1953,11277,224
484555,KLM35W,1765919154,48.53,1.1429,11277,225
484555,KLM35W,1765920667,46.1891,-2.1763,11277,222
484555,KLM35W,1765921671,44.4364,-4.4067,11277,220
484555,KLM35W,1765921678,44.423,-4.4217,11277,218
484555,KLM35W,1765921686,44.4076,-4.4378,11277,215
484555,KLM35W,1765921694,44.3913,-4.4535,11277,213
484555,KLM35W,1765922831,41.9553,-6.4261,11277,210
484555,KLM35W,1765922838,41.9412,-6.4381,11277,213
484555,KLM35W,1765923609,40.3795,-7.9497,10972,215
484555,KLM35W,1765923668,40.2582,-8.0624,10668,215
484555,KLM35W,1765923690,40.2126,-8.1047,10363,215
484555,KLM35W,1765923711,40.1687,-8.1456,10058,215
484555,KLM35W,1765923730,40.1286,-8.1832,9753,215
484555,KLM35W,1765923750,40.0867,-8.2224,9448,215
484555,KLM35W,1765923766,40.0539,-8.2527,9448,214
484555,KLM35W,1765923770,40.0445,-8.2605,9448,211
484555,KLM35W,1765923774,40.0368,-8.2664,9448,209
484555,KLM35W,1765923778,40.0276,-8.2729,9144,207
484555,KLM35W,1765923782,40.0183,-8.279,9144,205
484555,KLM35W,1765923786,40.0092,-8.2843,9144,203
484555,KLM35W,1765923791,39.9961,-8.2913,9144,201
484555,KLM35W,1765923795,39.9876,-8.2953,9144,199
484555,KLM35W,1765923799,39.9774,-8.2996,9144,196
484555,KLM35W,1765923804,39.9647,-8.3042,8839,194
484555,KLM35W,1765923806,39.9594,-8.3058,8839,193
484555,KLM35W,1765923810,39.95,-8.3085,8839,191
484555,KLM35W,1765923814,39.9396,-8.311,8839,189
484555,KLM35W,1765923833,39.8924,-8.3186,8229,187
484555,KLM35W,1765923841,39.8732,-8.3219,8229,188
484555,KLM35W,1765923845,39.8631,-8.3242,8229,190
484555,KLM35W,1765923849,39.8538,-8.3268,8229,193
484555,KLM35W,1765923853,39.8439,-8.3302,8229,195
484555,KLM35W,1765923857,39.8344,-8.334,8229,197
484555,KLM35W,1765923860,39.827,-8.3372,8229,199
484555,KLM35W,1765923864,39.8172,-8.342,8229,201
484555,KLM35W,1765923868,39.8084,-8.3468,8229,203
484555,KLM35W,1765923873,39.7973,-8.3535,8229,205
484555,KLM35W,1765923878,39.7865,-8.3607,8229,208
484555,KLM35W,1765923883,39.7756,-8.3687,8229,210
484555,KLM35W,1765923889,39.7632,-8.3787,7924,212
484555,KLM35W,1765923923,39.6951,-8.4347,7620,212
484555,KLM35W,1765923997,39.5559,-8.5473,7315,211
484555,KLM35W,1765924039,39.4804,-8.6061,7010,210
484555,KLM35W,1765924082,39.4056,-8.6642,6705,211
484555,KLM35W,1765924125,39.3338,-8.7208,6400,211
484555,KLM35W,1765924128,39.3282,-8.7253,6400,212
484555,KLM35W,1765924132,39.3225,-8.7302,6400,214
484555,KLM35W,1765924138,39.3125,-8.7395,6400,216
484555,KLM35W,1765924143,39.3054,-8.7468,6400,219
484555,KLM35W,1765924165,39.2741,-8.7821,6096,221
484555,KLM35W,1765924205,39.2194,-8.8447,5791,221
484555,KLM35W,1765924243,39.1688,-8.9024,5486,221
484555,KLM35W,1765924280,39.1203,-8.9581,5181,221
484555,KLM35W,1765924320,39.0698,-9.0155,4876,221
484555,KLM35W,1765924361,39.0191,-9.0734,4572,221
484555,KLM35W,1765924402,38.9702,-9.1292,3962,221
484555,KLM35W,1765924444,38.9204,-9.1857,3962,221
484555,KLM35W,1765924475,38.8844,-9.2266,3962,221
484555,KLM35W,1765924479,38.88,-9.2314,3962,219
484555,KLM35W,1765924481,38.8776,-9.2336,3962,216
484555,KLM35W,1765924482,38.8762,-9.2349,3962,215
484555,KLM35W,1765924483,38.875,-9.236,3962,213
484555,KLM35W,1765924484,38.8735,-9.2372,3962,212
484555,KLM35W,1765924485,38.8721,-9.2382,3962,211
484555,KLM35W,1765924487,38.8695,-9.2402,3657,209
484555,KLM35W,1765924530,38.8119,-9.2802,3352,208
484555,KLM35W,1765924566,38.7652,-9.313,3048,209
484555,KLM35W,1765924597,38.7257,-9.3405,2743,208
484555,KLM35W,1765924626,38.6883,-9.3663,2438,208
484555,KLM35W,1765924659,38.6454,-9.395,1828,207
484555,KLM35W,1765924697,38.597,-9.4266,1828,206
484555,KLM35W,1765924700,38.5937,-9.4286,1828,205
484555,KLM35W,1765924702,38.5913,-9.43,1828,203
484555,KLM35W,1765924703,38.59,-9.4306,1828,201
484555,KLM35W,1765924704,38.5887,-9.4312,1828,200
484555,KLM35W,1765924705,38.5873,-9.4318,1828,198
484555,KLM35W,1765924706,38.586,-9.4324,1828,196
484555,KLM35W,1765924707,38.5845,-9.4329,1828,195
484555,KLM35W,1765924709,38.5824,-9.4335,1828,191
484555,KLM35W,1765924710,38.5811,-9.4338,1828,190
484555,KLM35W,1765924711,38.5804,-9.434,1828,188
484555,KLM35W,1765924712,38.5784,-9.4343,1828,187
484555,KLM35W,1765924713,38.5769,-9.4344,1828,185
484555,KLM35W,1765924714,38.5763,-9.4346,1828,183
484555,KLM35W,1765924715,38.5743,-9.4347,1828,182
484555,KLM35W,1765924716,38.5736,-9.4347,1828,180
484555,KLM35W,1765924717,38.5717,-9.4347,1828,179
484555,KLM35W,1765924718,38.571,-9.4347,1828,177
484555,KLM35W,1765924719,38.5697,-9.4346,1828,176
484555,KLM35W,1765924720,38.5684,-9.4344,1828,174
484555,KLM35W,1765924721,38.5666,-9.4342,1828,172
484555,KLM35W,1765924722,38.5654,-9.4339,1828,170
484555,KLM35W,1765924723,38.5643,-9.4337,1828,169
484555,KLM35W,1765924724,38.5625,-9.4332,1828,167
484555,KLM35W,1765924725,38.5613,-9.4327,1828,165
484555,KLM35W,1765924726,38.5601,-9.4323,1828,163
484555,KLM35W,1765924727,38.5589,-9.4318,1828,161
484555,KLM35W,1765924728,38.5577,-9.4312,1828,160
484555,KLM35W,1765924729,38.557,-9.4309,1828,158
484555,KLM35W,1765924730,38.5558,-9.4302,1828,156
484555,KLM35W,1765924731,38.5547,-9.4296,1828,154
484555,KLM35W,1765924732,38.5532,-9.4286,1828,153
484555,KLM35W,1765924733,38.5526,-9.4282,1828,151
484555,KLM35W,1765924734,38.5516,-9.4275,1828,149
484555,KLM35W,1765924735,38.5501,-9.4263,1828,147
484555,KLM35W,1765924736,38.5491,-9.4255,1828,146
484555,KLM35W,1765924737,38.5482,-9.4246,1828,144
484555,KLM35W,1765924738,38.5473,-9.4237,1828,142
484555,KLM35W,1765924739,38.5464,-9.4227,1828,140
484555,KLM35W,1765924740,38.5453,-9.4216,1828,139
484555,KLM35W,1765924742,38.5444,-9.4206,1828,137
484555,KLM35W,1765924742,38.544,-9.42,1828,135
484555,KLM35W,1765924743,38.5432,-9.4189,1828,134
484555,KLM35W,1765924744,38.5421,-9.4174,1828,132
484555,KLM35W,1765924745,38.5417,-9.4168,1828,130
484555,KLM35W,1765924746,38.541,-9.4156,1828,128
484555,KLM35W,1765924747,38.54,-9.414,1828,126
484555,KLM35W,1765924748,38.5394,-9.4129,1828,124
484555,KLM35W,1765924749,38.5388,-9.4116,1828,122
484555,KLM35W,1765924750,38.5382,-9.4104,1828,120
484555,KLM35W,1765924751,38.5376,-9.4091,1828,119
484555,KLM35W,1765924753,38.5368,-9.4072,1828,117
484555,KLM35W,1765924756,38.5353,-9.4034,1524,115
484555,KLM35W,1765924760,38.5334,-9.3981,1524,114
484555,KLM35W,1765924784,38.523,-9.3672,1524,111
484555,KLM35W,1765924786,38.5223,-9.3645,1524,109
484555,KLM35W,1765924787,38.5219,-9.3631,1524,108
484555,KLM35W,1765924788,38.5216,-9.3618,1524,106
484555,KLM35W,1765924789,38.5214,-9.3604,1524,104
484555,KLM35W,1765924790,38.5211,-9.359,1524,102
484555,KLM35W,1765924791,38.5209,-9.3576,1524,100
484555,KLM35W,1765924792,38.5208,-9.3564,1524,98
484555,KLM35W,1765924793,38.5207,-9.355,1524,96
484555,KLM35W,1765924794,38.5206,-9.3537,1524,94
484555,KLM35W,1765924795,38.5206,-9.3529,1524,92
484555,KLM35W,1765924796,38.5206,-9.351,1524,89
484555,KLM35W,1765924797,38.5206,-9.3498,1524,87
484555,KLM35W,1765924798,38.5207,-9.3485,1524,85
484555,KLM35W,1765924799,38.5208,-9.3471,1524,83
484555,KLM35W,1765924800,38.521,-9.3458,1524,81
484555,KLM35W,1765924801,38.5211,-9.3446,1524,79
484555,KLM35W,1765924802,38.5214,-9.3433,1524,77
484555,KLM35W,1765924803,38.5216,-9.342,1524,75
484555,KLM35W,1765924804,38.5219,-9.3408,1524,73
484555,KLM35W,1765924805,38.5223,-9.3395,1524,70
484555,KLM35W,1765924806,38.5226,-9.3383,1524,69
484555,KLM35W,1765924807,38.5231,-9.337,1524,67
484555,KLM35W,1765924808,38.5235,-9.3358,1524,65
484555,KLM35W,1765924809,38.5239,-9.3347,1524,64
484555,KLM35W,1765924811,38.5247,-9.3324,1524,62
484555,KLM35W,1765924816,38.5272,-9.3267,1219,60
484555,KLM35W,1765924882,38.5588,-9.2544,1219,58
484555,KLM35W,1765924883,38.5595,-9.253,1219,56
484555,KLM35W,1765924884,38.56,-9.2522,1219,54
484555,KLM35W,1765924885,38.5604,-9.2516,1219,50
484555,KLM35W,1765924886,38.561,-9.2507,1219,47
484555,KLM35W,1765924887,38.5619,-9.2495,1219,45
484555,KLM35W,1765924888,38.5623,-9.2492,1219,41
484555,KLM35W,1765924889,38.563,-9.2484,1219,38
484555,KLM35W,1765924890,38.5637,-9.2478,1219,35
484555,KLM35W,1765924891,38.5645,-9.2471,1219,32
484555,KLM35W,1765924892,38.5653,-9.2465,1219,29
484555,KLM35W,1765924893,38.566,-9.246,1219,26
484555,KLM35W,1765924894,38.5671,-9.2455,1219,23
484555,KLM35W,1765924895,38.5675,-9.2453,1219,19
484555,KLM35W,1765924896,38.5687,-9.2448,1219,16
484555,KLM35W,1765924897,38.5695,-9.2446,1219,13
484555,KLM35W,1765924898,38.5703,-9.2444,1219,10
484555,KLM35W,1765924899,38.5712,-9.2442,1219,8
484555,KLM35W,1765924905,38.5759,-9.2434,1219,7
484555,KLM35W,1765924907,38.5777,-9.243,1219,9
484555,KLM35W,1765924909,38.5794,-9.2426,1219,12
484555,KLM35W,1765924911,38.5808,-9.2421,1219,14
484555,KLM35W,1765924913,38.5824,-9.2415,1219,17
484555,KLM35W,1765924916,38.5849,-9.2405,1219,18
484555,KLM35W,1765924922,38.5894,-9.2383,914,21
484555,KLM35W,1765924987,38.6366,-9.2132,609,22
484555,KLM35W,1765925062,38.6836,-9.1882,304,22
484555,KLM35W,1765925146,38.7313,-9.1627,0,23
484555,KLM35W,1765925190,38.757,-9.1489,0,23
47becb,DOC97,1765911734,55.7368,9.1753,0,78
47becb,DOC97,1765911736,55.7369,9.1762,0,71
47becb,DOC97,1765911737,55.7371,9.1767,0,64
47becb,DOC97,1765911738,55.7373,9.1772,0,61
47becb,DOC97,1765911739,55.7373,9.1775,0,54
47becb,DOC97,1765911742,55.738,9.1788,0,46
47becb,DOC97,1765911743,55.7384,9.1794,0,40
47becb,DOC97,1765911744,55.7387,9.1798,0,37
47becb,DOC97,1765911746,55.7393,9.1805,0,33
47becb,DOC97,1765911747,55.7396,9.1806,0,28
47becb,DOC97,1765911748,55.7396,9.1808,0,24
47becb,DOC97,1765911749,55.7403,9.1811,0,24
47becb,DOC97,1765911750,55.7404,9.1812,0,18
47becb,DOC97,1765911751,55.741,9.1816,0,15
47becb,DOC97,1765911752,55.7412,9.1816,0,15
47becb,DOC97,1765911754,55.7419,9.1819,0,11
47becb,DOC97,1765911756,55.7429,9.182,0,1
47becb,DOC97,1765911760,55.7444,9.1818,0,353
47becb,DOC97,1765911761,55.7448,9.1816,0,354
47becb,DOC97,1765911763,55.7459,9.1814,304,350
47becb,DOC97,1765911768,55.7484,9.1807,304,348
47becb,DOC97,1765911777,55.753,9.1787,304,346
47becb,DOC97,1765911778,55.7534,9.1786,304,344
47becb,DOC97,1765911780,55.7546,9.1781,304,343
47becb,DOC97,1765911788,55.7587,9.1757,304,341
47becb,DOC97,1765911792,55.7606,9.1743,304,338
47becb,DOC97,1765911794,55.7616,9.1732,304,332
47becb,DOC97,1765911796,55.7626,9.1724,304,331
47becb,DOC97,1765911998,55.8723,9.0572,304,329
47becb,DOC97,1765912002,55.8748,9.0556,304,346
47becb,DOC97,1765912006,55.8769,9.0553,304,355
47becb,DOC97,1765912009,55.8791,9.0561,304,17
47becb,DOC97,1765912010,55.88,9.0567,304,21
47becb,DOC97,1765912011,55.8803,9.057,304,28
47becb,DOC97,1765912012,55.8809,9.0575,304,32
47becb,DOC97,1765912013,55.8815,9.0583,304,32
47becb,DOC97,1765912015,55.8825,9.0598,304,43
47becb,DOC97,1765912017,55.8833,9.0618,304,52
47becb,DOC97,1765912019,55.8842,9.0638,304,52
47becb,DOC97,1765912021,55.8846,9.066,304,68
47becb,DOC97,1765912023,55.8849,9.0682,304,77
47becb,DOC97,1765912026,55.8852,9.0713,304,83
47becb,DOC97,1765912027,55.8852,9.0725,304,83
47becb,DOC97,1765912028,55.8852,9.0738,304,92
47becb,DOC97,1765912029,55.885,9.0753,304,98
47becb,DOC97,1765912030,55.8848,9.0765,304,101
47becb,DOC97,1765912032,55.8847,9.0781,304,102
47becb,DOC97,1765912033,55.8844,9.0791,304,108
47becb,DOC97,1765912034,55.8843,9.0803,304,112
47becb,DOC97,1765912036,55.8837,9.0824,304,112
47becb,DOC97,1765912037,55.8834,9.0832,304,118
47becb,DOC97,1765912039,55.8828,9.0852,304,120
47becb,DOC97,1765912043,55.8813,9.0889,304,122
47becb,DOC97,1765912045,55.8807,9.09,304,135
47becb,DOC97,1765912046,55.8804,9.0903,304,138
47becb,DOC97,1765912047,55.8798,9.0912,304,142
47becb,DOC97,1765912048,55.879,9.0921,304,142
47becb,DOC97,1765912049,55.8787,9.0926,304,148
47becb,DOC97,1765912051,55.8777,9.0934,304,154
47becb,DOC97,1765912052,55.8774,9.0936,304,158
47becb,DOC97,1765912053,55.8768,9.094,304,159
47becb,DOC97,1765912054,55.8762,9.0943,304,162
47becb,DOC97,1765912056,55.8752,9.0949,304,164
47becb,DOC97,1765912058,55.8742,9.0954,304,165
47becb,DOC97,1765912488,55.6551,9.1776,304,167
47becb,DOC97,1765912511,55.6458,9.1696,304,242
47becb,DOC97,1765912514,55.6456,9.1671,304,260
47becb,DOC97,1765912515,55.6454,9.1667,304,264
47becb,DOC97,1765912516,55.6454,9.1653,304,270
47becb,DOC97,1765912517,55.6454,9.1639,304,273
47becb,DOC97,1765912518,55.6456,9.163,304,277
47becb,DOC97,1765912519,55.6456,9.1619,304,281
47becb,DOC97,1765912520,55.6456,9.1615,304,283
47becb,DOC97,1765912522,55.6462,9.1595,304,291
47becb,DOC97,1765912523,55.6462,9.1589,304,294
47becb,DOC97,1765912524,55.6465,9.1579,304,297
47becb,DOC97,1765912525,55.6469,9.1572,304,299
47becb,DOC97,1765912527,55.6474,9.1554,304,307
47becb,DOC97,1765912528,55.6479,9.1546,304,310
47becb,DOC97,1765912529,55.6485,9.1533,304,312
47becb,DOC97,1765912530,55.649,9.1525,304,316
47becb,DOC97,1765912531,55.6495,9.1519,304,318
47becb,DOC97,1765912532,55.6499,9.1511,304,320
47becb,DOC97,1765912533,55.6504,9.1503,304,321
47becb,DOC97,1765912536,55.6516,9.1488,304,323
47becb,DOC97,1765912538,55.6529,9.1475,304,329
47becb,DOC97,1765912539,55.6532,9.1472,304,332
47becb,DOC97,1765912540,55.654,9.1465,304,335
47becb,DOC97,1765912541,55.6548,9.146,304,337
47becb,DOC97,1765912542,55.6552,9.1456,304,337
47becb,DOC97,1765912543,55.656,9.1451,304,341
47becb,DOC97,1765912544,55.6563,9.145,304,345
47becb,DOC97,1765912545,55.6573,9.1447,304,348
47becb,DOC97,1765912546,55.6578,9.1445,304,351
47becb,DOC97,1765912547,55.6582,9.1443,304,354
47becb,DOC97,1765912548,55.659,9.1442,304,355
47becb,DOC97,1765912550,55.6607,9.144,304,358
47becb,DOC97,1765912554,55.663,9.144,304,1
47becb,DOC97,1765912572,55.6758,9.1467,304,10
47becb,DOC97,1765912613,55.7043,9.1575,0,12
47becb,DOC97,1765912629,55.7148,9.1615,0,10
47becb,DOC97,1765912632,55.7166,9.1618,0,7
47becb,DOC97,1765912635,55.7184,9.1621,0,6
47becb,DOC97,1765912657,55.7311,9.1645,0,4
3c09f2,LHX6KW,1765920330,48.3422,11.7707,304,264
3c09f2,LHX6KW,1765920336,48.3418,11.7639,609,264
3c09f2,LHX6KW,1765920357,48.3405,11.743,914,264
3c09f2,LHX6KW,1765920395,48.3374,11.6978,1219,263
3c09f2,LHX6KW,1765920418,48.3349,11.6651,1524,263
3c09f2,LHX6KW,1765920427,48.3339,11.6506,1524,263
3c09f2,LHX6KW,1765920430,48.3337,11.6466,1524,266
3c09f2,LHX6KW,1765920431,48.3337,11.645,1524,267
3c09f2,LHX6KW,1765920432,48.3336,11.6434,1524,269
3c09f2,LHX6KW,1765920433,48.3337,11.6418,1524,270
3c09f2,LHX6KW,1765920434,48.3337,11.6402,1524,272
3c09f2,LHX6KW,1765920435,48.3338,11.6386,1524,274
3c09f2,LHX6KW,1765920436,48.3339,11.6369,1524,276
3c09f2,LHX6KW,1765920437,48.3341,11.6354,1524,278
3c09f2,LHX6KW,1765920438,48.3344,11.6336,1828,280
3c09f2,LHX6KW,1765920439,48.3346,11.6321,1828,282
3c09f2,LHX6KW,1765920440,48.3348,11.6308,1828,284
3c09f2,LHX6KW,1765920441,48.3352,11.6291,1828,286
3c09f2,LHX6KW,1765920446,48.3373,11.6216,1828,288
3c09f2,LHX6KW,1765920447,48.3378,11.6202,1828,297
3c09f2,LHX6KW,1765920448,48.3383,11.6189,1828,299
3c09f2,LHX6KW,1765920449,48.3389,11.6175,1828,301
3c09f2,LHX6KW,1765920450,48.3395,11.6159,1828,302
3c09f2,LHX6KW,1765920452,48.3408,11.6132,1828,303
3c09f2,LHX6KW,1765920458,48.345,11.6043,1828,305
3c09f2,LHX6KW,1765920483,48.363,11.5674,2438,306
3c09f2,LHX6KW,1765920502,48.378,11.5372,2743,306
3c09f2,LHX6KW,1765920519,48.3918,11.5095,3048,306
3c09f2,LHX6KW,1765920528,48.3992,11.495,3048,308
3c09f2,LHX6KW,1765920529,48.4002,11.4933,3048,310
3c09f2,LHX6KW,1765920531,48.4021,11.4902,3048,312
3c09f2,LHX6KW,1765920532,48.4032,11.4885,3048,313
3c09f2,LHX6KW,1765920533,48.4042,11.4871,3048,315
3c09f2,LHX6KW,1765920534,48.4052,11.4856,3048,316
3c09f2,LHX6KW,1765920535,48.4063,11.4841,3048,317
3c09f2,LHX6KW,1765920536,48.4075,11.4827,3048,320
3c09f2,LHX6KW,1765920537,48.4085,11.4814,3048,321
3c09f2,LHX6KW,1765920539,48.4105,11.4792,3048,323
3c09f2,LHX6KW,1765920540,48.4122,11.4775,3048,325
3c09f2,LHX6KW,1765920541,48.4132,11.4765,3048,326
3c09f2,LHX6KW,1765920542,48.4147,11.4752,3048,328
3c09f2,LHX6KW,1765920543,48.416,11.4741,3048,330
3c09f2,LHX6KW,1765920544,48.4175,11.473,3048,331
3c09f2,LHX6KW,1765920545,48.4189,11.472,3048,333
3c09f2,LHX6KW,1765920546,48.4196,11.4715,3048,335
3c09f2,LHX6KW,1765920551,48.4267,11.4669,3352,337
3c09f2,LHX6KW,1765920554,48.4311,11.4643,3352,338
3c09f2,LHX6KW,1765920578,48.4677,11.4452,3657,341
3c09f2,LHX6KW,1765920597,48.498,11.4293,3962,340
3c09f2,LHX6KW,1765920616,48.5282,11.4132,3962,340
3c09f2,LHX6KW,1765920639,48.5652,11.3934,4572,340
3c09f2,LHX6KW,1765920666,48.6104,11.369,4876,340
3c09f2,LHX6KW,1765920701,48.6728,11.3349,5181,340
3c09f2,LHX6KW,1765920728,48.7221,11.3081,5486,340
3c09f2,LHX6KW,1765920759,48.7812,11.276,5791,340
3c09f2,LHX6KW,1765920783,48.8274,11.2509,6096,340
3c09f2,LHX6KW,1765920810,48.8795,11.2225,6400,340
3c09f2,LHX6KW,1765920840,48.9392,11.1898,6705,340
3c09f2,LHX6KW,1765920870,48.9993,11.1567,7010,340
3c09f2,LHX6KW,1765920932,49.1228,11.0887,7315,340
3c09f2,LHX6KW,1765921056,49.3666,10.952,7315,340
3c09f2,LHX6KW,1765921065,49.3848,10.9425,7315,342
3c09f2,LHX6KW,1765921074,49.403,10.9342,7315,344
3c09f2,LHX6KW,1765921410,50.0977,10.6889,7315,346
3c09f2,LHX6KW,1765921419,50.1165,10.6812,7315,344
3c09f2,LHX6KW,1765921426,50.13,10.6748,7315,341
3c09f2,LHX6KW,1765921434,50.1463,10.6659,7315,339
3c09f2,LHX6KW,1765922106,51.4434,9.8147,7010,337
3c09f2,LHX6KW,1765922107,51.4456,9.8132,7315,337
3c09f2,LHX6KW,1765922136,51.5005,9.7761,7010,336
3c09f2,LHX6KW,1765922156,51.5392,9.7498,6705,336
3c09f2,LHX6KW,1765922167,51.5617,9.7343,6400,336
3c09f2,LHX6KW,1765922177,51.5816,9.7207,6096,336
3c09f2,LHX6KW,1765922193,51.6126,9.6996,5791,337
3c09f2,LHX6KW,1765922208,51.644,9.6782,5486,336
3c09f2,LHX6KW,1765922224,51.6757,9.6565,5181,336
3c09f2,LHX6KW,1765922242,51.7112,9.6321,4876,336
3c09f2,LHX6KW,1765922269,51.7622,9.5971,4572,337
3c09f2,LHX6KW,1765922287,51.7961,9.5737,3962,336
3c09f2,LHX6KW,1765922305,51.8286,9.5514,3962,337
3c09f2,LHX6KW,1765922326,51.8668,9.5251,3657,336
3c09f2,LHX6KW,1765922351,51.9099,9.4953,3352,336
3c09f2,LHX6KW,1765922356,51.9185,9.4894,3352,336
3c09f2,LHX6KW,1765922361,51.9272,9.4838,3352,339
3c09f2,LHX6KW,1765922364,51.9327,9.4807,3352,341
3c09f2,LHX6KW,1765922367,51.9379,9.4781,3352,343
3c09f2,LHX6KW,1765922370,51.9431,9.4758,3048,345
3c09f2,LHX6KW,1765922371,51.9452,9.4749,3048,345
3c09f2,LHX6KW,1765922374,51.9503,9.4732,3048,348
3c09f2,LHX6KW,1765922416,52.023,9.4526,2743,350
3c09f2,LHX6KW,1765922438,52.0577,9.4431,2743,351
3c09f2,LHX6KW,1765922442,52.0637,9.442,2743,353
3c09f2,LHX6KW,1765922445,52.0683,9.4414,2743,355
3c09f2,LHX6KW,1765922448,52.0724,9.441,2743,358
3c09f2,LHX6KW,1765922453,52.0801,9.4408,2743,359
3c09f2,LHX6KW,1765922458,52.0878,9.4408,2743,0
3c09f2,LHX6KW,1765922462,52.093,9.4408,2743,0
3c09f2,LHX6KW,1765922469,52.1031,9.4408,2743,0
3c09f2,LHX6KW,1765922470,52.1044,9.4408,2743,359
3c09f2,LHX6KW,1765922483,52.1226,9.4406,2438,359
3c09f2,LHX6KW,1765922496,52.14,9.4405,2438,359
3c09f2,LHX6KW,1765922500,52.1463,9.4406,2438,0
3c09f2,LHX6KW,1765922506,52.1543,9.4406,1828,0
3c09f2,LHX6KW,1765922511,52.1608,9.4406,1828,0
3c09f2,LHX6KW,1765922515,52.1664,9.4406,1828,0
3c09f2,LHX6KW,1765922520,52.1728,9.4405,1828,359
3c09f2,LHX6KW,1765922531,52.1882,9.4405,1828,359
3c09f2,LHX6KW,1765922556,52.2217,9.4402,1524,359
3c09f2,LHX6KW,1765922569,52.2389,9.44,1524,359
3c09f2,LHX6KW,1765922574,52.2455,9.44,1524,0
3c09f2,LHX6KW,1765922579,52.2521,9.44,1219,0
3c09f2,LHX6KW,1765922589,52.2652,9.44,1219,0
3c09f2,LHX6KW,1765922590,52.266,9.44,1219,359
3c09f2,LHX6KW,1765922593,52.2702,9.44,1219,359
3c09f2,LHX6KW,1765922619,52.3036,9.4398,914,359
3c09f2,LHX6KW,1765922622,52.3074,9.4398,914,359
3c09f2,LHX6KW,1765922627,52.3136,9.4398,914,0
3c09f2,LHX6KW,1765922647,52.3385,9.4398,914,0
3c09f2,LHX6KW,1765922649,52.3406,9.4398,914,359
3c09f2,LHX6KW,1765922659,52.3537,9.4396,609,359
3c09f2,LHX6KW,1765922715,52.4173,9.4389,609,359
3c09f2,LHX6KW,1765922717,52.42,9.4389,609,0
3c09f2,LHX6KW,1765922718,52.4211,9.4389,609,0
3c09f2,LHX6KW,1765922720,52.4227,9.4391,304,2
3c09f2,LHX6KW,1765922721,52.4241,9.4392,304,4
3c09f2,LHX6KW,1765922722,52.4249,9.4394,304,359
3c09f2,LHX6KW,1765922723,52.4263,9.4397,304,7
3c09f2,LHX6KW,1765922724,52.4271,9.4399,304,9
3c09f2,LHX6KW,1765922725,52.4283,9.4404,304,11
3c09f2,LHX6KW,1765922726,52.4293,9.4408,304,2
3c09f2,LHX6KW,1765922727,52.4303,9.4413,304,16
3c09f2,LHX6KW,1765922728,52.4313,9.4419,304,18
3c09f2,LHX6KW,1765922729,52.4323,9.4426,304,23
3c09f2,LHX6KW,1765922731,52.4337,9.4437,304,25
3c09f2,LHX6KW,1765922732,52.4345,9.4444,304,27
3c09f2,LHX6KW,1765922733,52.4353,9.4451,304,30
3c09f2,LHX6KW,1765922734,52.4365,9.4464,304,32
3c09f2,LHX6KW,1765922735,52.4373,9.4474,304,34
3c09f2,LHX6KW,1765922736,52.4379,9.4482,304,37
3c09f2,LHX6KW,1765922737,52.4387,9.4493,304,39
3c09f2,LHX6KW,1765922738,52.4393,9.4502,304,42
3c09f2,LHX6KW,1765922739,52.4399,9.4513,304,44
3c09f2,LHX6KW,1765922740,52.4406,9.4526,304,46
3c09f2,LHX6KW,1765922741,52.4411,9.4536,304,48
3c09f2,LHX6KW,1765922742,52.4417,9.4547,304,50
3c09f2,LHX6KW,1765922743,52.4422,9.4559,304,52
3c09f2,LHX6KW,1765922744,52.4427,9.457,304,53
3c09f2,LHX6KW,1765922746,52.4437,9.4595,304,55
3c09f2,LHX6KW,1765922748,52.4447,9.4619,304,57
3c09f2,LHX6KW,1765922752,52.4464,9.4667,609,59
3c09f2,LHX6KW,1765922762,52.4504,9.4782,304,60
3c09f2,LHX6KW,1765922763,52.4508,9.4795,609,60
3c09f2,LHX6KW,1765922764,52.4512,9.4805,304,61
3c09f2,LHX6KW,1765922777,52.4561,9.4951,304,61
3c09f2,LHX6KW,1765922779,52.4568,9.4974,304,62
3c09f2,LHX6KW,1765922780,52.4572,9.4987,304,64
3c09f2,LHX6KW,1765922781,52.4575,9.4999,304,65
3c09f2,LHX6KW,1765922782,52.4579,9.5012,304,67
3c09f2,LHX6KW,1765922783,52.4581,9.5025,304,69
3c09f2,LHX6KW,1765922784,52.4584,9.5036,304,71
3c09f2,LHX6KW,1765922785,52.4586,9.5049,304,73
3c09f2,LHX6KW,1765922786,52.4587,9.5062,304,75
3c09f2,LHX6KW,1765922787,52.4589,9.5075,304,77
3c09f2,LHX6KW,1765922788,52.4591,9.5088,304,79
3c09f2,LHX6KW,1765922789,52.4592,9.5101,304,80
3c09f2,LHX6KW,1765922790,52.4593,9.5111,304,82
3c09f2,LHX6KW,1765922791,52.4593,9.5124,304,84
3c09f2,LHX6KW,1765922792,52.4593,9.5135,304,85
3c09f2,LHX6KW,1765922793,52.4594,9.5153,304,87
3c09f2,LHX6KW,1765922794,52.4594,9.5166,304,88
3c09f2,LHX6KW,1765922796,52.4594,9.5191,304,91
3c09f2,LHX6KW,1765922879,52.4569,9.609,0,93
3c09f2,LHX6KW,1765922941,52.4553,9.6664,0,92
3c6490,EWG77F,1765911152,34.1071,-8.1592,10363,42
3c6490,EWG77F,1765911346,34.3771,-7.8666,10058,42
3c6490,EWG77F,1765911347,34.3784,-7.8653,10363,42
3c6490,EWG77F,1765911348,34.3805,-7.8629,10058,42
3c6490,EWG77F,1765911350,34.3824,-7.8608,10363,42
3c6490,EWG77F,1765911351,34.3846,-7.8584,10058,42
3c6490,EWG77F,1765911451,34.5221,-7.7083,10363,42
3c6490,EWG77F,1765911631,34.773,-7.4324,10058,42
3c6490,EWG77F,1765911632,34.7744,-7.4308,10363,42
3c6490,EWG77F,1765911633,34.7763,-7.4287,10058,42
3c6490,EWG77F,1765911791,34.9974,-7.1836,10363,42
3c6490,EWG77F,1765911792,34.9989,-7.1819,10058,42
3c6490,EWG77F,1765911793,34.9996,-7.1811,10363,42
3c6490,EWG77F,1765911850,35.0788,-7.093,10058,42
3c6490,EWG77F,1765911851,35.081,-7.0905,10363,42
3c6490,EWG77F,1765911852,35.0824,-7.0889,10058,42
3c6490,EWG77F,1765912000,35.2893,-6.8572,10363,42
3c6490,EWG77F,1765912003,35.2935,-6.8525,10058,42
3c6490,EWG77F,1765912005,35.2966,-6.849,10363,42
3c6490,EWG77F,1765912007,35.2989,-6.8465,10058,42
3c6490,EWG77F,1765912008,35.3008,-6.8442,10363,42
3c6490,EWG77F,1765912166,35.5228,-6.5939,10058,42
3c6490,EWG77F,1765912169,35.5269,-6.5893,10363,42
3c6490,EWG77F,1765912171,35.5297,-6.5861,10058,42
3c6490,EWG77F,1765912175,35.5352,-6.5799,10363,42
3c6490,EWG77F,1765912176,35.5364,-6.5785,10058,42
3c6490,EWG77F,1765912178,35.5394,-6.5751,10363,42
3c6490,EWG77F,1765912179,35.5414,-6.5729,10058,42
3c6490,EWG77F,1765912181,35.5435,-6.5705,10363,42
3c6490,EWG77F,1765912358,35.7924,-6.2868,10363,42
3c6490,EWG77F,1765912369,35.8079,-6.2702,10363,40
3c6490,EWG77F,1765912379,35.8226,-6.2559,10363,37
3c6490,EWG77F,1765912389,35.8376,-6.2424,10363,35
3c6490,EWG77F,1765912400,35.8546,-6.2283,10363,33
3c6490,EWG77F,1765912411,35.8725,-6.2149,10363,30
3c6490,EWG77F,1765912422,35.8902,-6.2028,10363,28
3c6490,EWG77F,1765912431,35.9052,-6.1936,10058,25
3c6490,EWG77F,1765912432,35.9074,-6.1924,10363,25
3c6490,EWG77F,1765912433,35.9091,-6.1914,10058,25
3c6490,EWG77F,1765912440,35.9208,-6.1851,10058,23
3c6490,EWG77F,1765912448,35.9349,-6.1783,10058,20
3c6490,EWG77F,1765912533,36.0834,-6.118,10363,18
3c6490,EWG77F,1765912534,36.0854,-6.1172,10058,18
3c6490,EWG77F,1765912538,36.0924,-6.1143,10363,18
3c6490,EWG77F,1765912539,36.094,-6.1137,10058,18
3c6490,EWG77F,1765912541,36.0974,-6.1123,10363,18
3c6490,EWG77F,1765912542,36.0994,-6.1115,10058,18
3c6490,EWG77F,1765912544,36.103,-6.11,10363,18
3c6490,EWG77F,1765912545,36.1047,-6.1093,10058,18
3c6490,EWG77F,1765912547,36.1088,-6.1077,10363,18
3c6490,EWG77F,1765912549,36.1121,-6.1064,10058,18
3c6490,EWG77F,1765912550,36.1139,-6.1056,10363,18
3c6490,EWG77F,1765912807,36.5666,-5.9205,10058,18
3c6490,EWG77F,1765912808,36.5687,-5.9196,10363,18
3c6490,EWG77F,1765912813,36.577,-5.9162,10058,18
3c6490,EWG77F,1765912815,36.5814,-5.9144,10363,18
3c6490,EWG77F,1765912816,36.5829,-5.9137,10058,18
3c6490,EWG77F,1765912817,36.5849,-5.9129,10363,18
3c6490,EWG77F,1765912825,36.5984,-5.9073,10058,18
3c6490,EWG77F,1765912826,36.6002,-5.9066,10363,18
3c6490,EWG77F,1765912828,36.6037,-5.9052,10058,18
3c6490,EWG77F,1765912835,36.6166,-5.8998,10363,18
3c6490,EWG77F,1765912836,36.6183,-5.8991,10058,18
3c6490,EWG77F,1765912946,36.8119,-5.8192,10363,18
3c6490,EWG77F,1765912947,36.8137,-5.8185,10058,18
3c6490,EWG77F,1765912950,36.8197,-5.816,10363,18
3c6490,EWG77F,1765912955,36.828,-5.8126,10058,18
3c6490,EWG77F,1765912956,36.8297,-5.8119,10363,18
3c6490,EWG77F,1765912960,36.8367,-5.809,10058,18
3c6490,EWG77F,1765912963,36.8421,-5.8068,10363,18
3c6490,EWG77F,1765913253,37.3548,-5.5928,10058,18
3c6490,EWG77F,1765913254,37.3565,-5.5921,10363,18
3c6490,EWG77F,1765913255,37.3579,-5.5915,10058,18
3c6490,EWG77F,1765913257,37.3619,-5.5898,10363,18
3c6490,EWG77F,1765913258,37.3628,-5.5895,10058,18
3c6490,EWG77F,1765913448,37.6939,-5.4496,10363,18
3c6490,EWG77F,1765913449,37.6958,-5.4488,10058,18
3c6490,EWG77F,1765913450,37.6976,-5.448,10363,18
3c6490,EWG77F,1765913451,37.6992,-5.4474,10058,18
3c6490,EWG77F,1765913455,37.7065,-5.4443,10363,18
3c6490,EWG77F,1765913458,37.7111,-5.4423,10058,18
3c6490,EWG77F,1765913459,37.7138,-5.4412,10363,18
3c6490,EWG77F,1765913472,37.7364,-5.4316,10058,18
3c6490,EWG77F,1765913473,37.7383,-5.4308,10363,18
3c6490,EWG77F,1765913474,37.7402,-5.43,10058,18
3c6490,EWG77F,1765913475,37.7417,-5.4293,10363,18
3c6490,EWG77F,1765913691,38.1239,-5.2661,10058,18
3c6490,EWG77F,1765913757,38.2408,-5.2158,10058,18
3c6490,EWG77F,1765913764,38.2533,-5.2097,10058,21
3c6490,EWG77F,1765913768,38.2604,-5.2059,10058,23
3c6490,EWG77F,1765913773,38.2686,-5.2009,10058,25
3c6490,EWG77F,1765913777,38.2753,-5.1964,10058,28
3c6490,EWG77F,1765913781,38.2822,-5.1913,10363,30
3c6490,EWG77F,1765913783,38.2856,-5.1887,10058,31
3c6490,EWG77F,1765913784,38.2874,-5.1872,10363,31
3c6490,EWG77F,1765913786,38.2905,-5.1846,10363,32
3c6490,EWG77F,1765913790,38.2964,-5.1793,10363,35
3c6490,EWG77F,1765914135,38.8167,-4.6759,10058,37
3c6490,EWG77F,1765914137,38.8198,-4.6728,10363,37
3c6490,EWG77F,1765914138,38.8214,-4.6712,10058,37
3c6490,EWG77F,1765914139,38.8223,-4.6704,10363,37
3c6490,EWG77F,1765914140,38.8231,-4.6696,10058,37
3c6490,EWG77F,1765914141,38.8255,-4.6673,10363,37
3c6490,EWG77F,1765914145,38.8319,-4.661,10058,37
3c6490,EWG77F,1765914146,38.8333,-4.6597,10363,37
3c6490,EWG77F,1765914149,38.837,-4.656,10058,37
3c6490,EWG77F,1765914150,38.8392,-4.6538,10363,37
3c6490,EWG77F,1765914152,38.8423,-4.6509,10058,37
3c6490,EWG77F,1765914153,38.8439,-4.6492,10363,37
3c6490,EWG77F,1765914157,38.8496,-4.6437,10058,37
3c6490,EWG77F,1765914159,38.8524,-4.6409,10363,37
3c6490,EWG77F,1765914161,38.8559,-4.6375,10058,37
3c6490,EWG77F,1765914162,38.8559,-4.6375,10363,37
3c6490,EWG77F,1765914164,38.8598,-4.6337,10058,37
3c6490,EWG77F,1765914168,38.866,-4.6275,10363,37
3c6490,EWG77F,1765914169,38.8674,-4.6262,10058,37
3c6490,EWG77F,1765914170,38.869,-4.6246,10363,37
3c6490,EWG77F,1765914171,38.8704,-4.6233,10058,37
3c6490,EWG77F,1765914173,38.8735,-4.6202,10363,37
3c6490,EWG77F,1765914174,38.875,-4.6187,10058,37
3c6490,EWG77F,1765914183,38.8881,-4.6059,10363,37
3c6490,EWG77F,1765914185,38.8917,-4.6024,10058,37
3c6490,EWG77F,1765914187,38.8947,-4.5994,10363,37
3c6490,EWG77F,1765914189,38.8977,-4.5965,10058,37
3c6490,EWG77F,1765914192,38.9016,-4.5926,10363,37
3c6490,EWG77F,1765914194,38.9048,-4.5896,10058,37
3c6490,EWG77F,1765914215,38.9364,-4.5586,10058,36
3c6490,EWG77F,1765914223,38.9491,-4.5475,10058,33
3c6490,EWG77F,1765914230,38.9585,-4.54,10058,31
3c6490,EWG77F,1765914237,38.9717,-4.5303,10058,29
3c6490,EWG77F,1765914254,39.0007,-4.511,10363,27
3c6490,EWG77F,1765914255,39.0026,-4.5098,10058,27
3c6490,EWG77F,1765914257,39.0061,-4.5074,10363,27
3c6490,EWG77F,1765914506,39.4315,-4.2239,10058,27
3c6490,EWG77F,1765914507,39.4332,-4.2228,10363,27
3c6490,EWG77F,1765914512,39.4413,-4.2173,10058,27
3c6490,EWG77F,1765914615,39.6163,-4.0996,10363,27
3c6490,EWG77F,1765914848,40.009,-3.8331,10363,26
3c6490,EWG77F,1765914859,40.0286,-3.8213,10363,23
3c6490,EWG77F,1765914945,40.1816,-3.7425,10058,21
3c6490,EWG77F,1765914946,40.1826,-3.7419,10363,21
3c6490,EWG77F,1765914947,40.1846,-3.741,10058,21
3c6490,EWG77F,1765914948,40.1862,-3.7402,10363,21
3c6490,EWG77F,1765914949,40.1881,-3.7392,10058,21
3c6490,EWG77F,1765915028,40.3268,-3.6681,10363,21
3c6490,EWG77F,1765915030,40.3305,-3.6662,10058,21
3c6490,EWG77F,1765915031,40.3323,-3.6653,10363,21
3c6490,EWG77F,1765915055,40.3753,-3.6431,10058,21
3c6490,EWG77F,1765915056,40.3769,-3.6423,10363,21
3c6490,EWG77F,1765915438,41.0591,-3.2863,10058,21
3c6490,EWG77F,1765915439,41.0608,-3.2853,10363,21
3c6490,EWG77F,1765915440,41.0631,-3.2842,10058,21
3c6490,EWG77F,1765915441,41.0651,-3.2831,10363,21
3c6490,EWG77F,1765915443,41.0678,-3.2817,10058,21
3c6490,EWG77F,1765915445,41.0718,-3.2795,10363,21
3c6490,EWG77F,1765915447,41.0754,-3.2777,10058,21
3c6490,EWG77F,1765915511,41.1891,-3.2167,10058,23
3c6490,EWG77F,1765915526,41.2155,-3.2006,10363,25
3c6490,EWG77F,1765915647,41.425,-3.0676,10058,25
3c6490,EWG77F,1765915648,41.4259,-3.067,10363,25
3c6490,EWG77F,1765915650,41.4303,-3.0642,10058,25
3c6490,EWG77F,1765915653,41.4354,-3.0609,10363,25
3c6490,EWG77F,1765915655,41.4397,-3.0583,10058,25
3c6490,EWG77F,1765915721,41.5545,-2.9848,10363,25
3c6490,EWG77F,1765915722,41.5556,-2.9842,10058,25
3c6490,EWG77F,1765915725,41.5599,-2.9814,10363,25
3c6490,EWG77F,1765915805,41.7005,-2.8912,10058,25
3c6490,EWG77F,1765915806,41.7023,-2.89,10363,25
3c6490,EWG77F,1765915811,41.7115,-2.884,10058,25
3c6490,EWG77F,1765915812,41.7135,-2.8828,10363,25
3c6490,EWG77F,1765915823,41.7318,-2.8711,10058,25
3c6490,EWG77F,1765915824,41.7342,-2.8695,10363,25
3c6490,EWG77F,1765915938,41.9341,-2.7402,10668,25
3c6490,EWG77F,1765916006,42.0503,-2.6645,10972,25
3c6490,EWG77F,1765916007,42.0513,-2.6639,10668,25
3c6490,EWG77F,1765916008,42.0534,-2.6625,10972,25
3c6490,EWG77F,1765916009,42.0548,-2.6616,10668,25
3c6490,EWG77F,1765916010,42.0572,-2.6601,10972,25
3c6490,EWG77F,1765916365,42.6718,-2.2548,10972,28
3c6490,EWG77F,1765916443,42.8031,-2.1512,10668,30
3c6490,EWG77F,1765916560,42.9991,-1.9943,10972,30
3c6490,EWG77F,1765916562,43.0023,-1.9918,10668,30
3c6490,EWG77F,1765916563,43.0042,-1.9903,10972,30
3c6490,EWG77F,1765916567,43.0111,-1.9848,10668,30
3c6490,EWG77F,1765916568,43.0126,-1.9836,10972,30
3c6490,EWG77F,1765916626,43.1102,-1.9053,10972,29
3c6490,EWG77F,1765916637,43.1292,-1.8912,10972,27
3c6490,EWG77F,1765916976,43.7373,-1.5003,10668,25
3c6490,EWG77F,1765916977,43.7391,-1.4991,10972,25
3c6490,EWG77F,1765916979,43.7425,-1.497,10668,25
3c6490,EWG77F,1765916981,43.7444,-1.4956,10972,25
3c6490,EWG77F,1765916981,43.7462,-1.4945,10668,25
3c6490,EWG77F,1765917143,44.0368,-1.305,10972,25
3c6490,EWG77F,1765917144,44.0388,-1.3036,10668,25
3c6490,EWG77F,1765917145,44.0406,-1.3025,10972,25
3c6490,EWG77F,1765917146,44.0424,-1.3013,10668,25
3c6490,EWG77F,1765917147,44.0446,-1.2998,10972,25
3c6490,EWG77F,1765917148,44.046,-1.2989,10668,25
3c6490,EWG77F,1765917150,44.0494,-1.2966,10972,25
3c6490,EWG77F,1765917151,44.0506,-1.2959,10668,25
3c6490,EWG77F,1765917152,44.0531,-1.2942,10972,25
3c6490,EWG77F,1765917153,44.0551,-1.2929,10668,25
3c6490,EWG77F,1765917155,44.0591,-1.2903,10972,25
3c6490,EWG77F,1765917157,44.0625,-1.288,10668,25
3c6490,EWG77F,1765917158,44.0641,-1.2869,10972,25
3c6490,EWG77F,1765917165,44.0771,-1.2783,10668,25
3c6490,EWG77F,1765917166,44.079,-1.2771,10972,25
3c6490,EWG77F,1765917435,44.5703,-0.9513,10668,25
3c6490,EWG77F,1765917436,44.5722,-0.9501,10972,25
3c6490,EWG77F,1765917438,44.5759,-0.9476,10668,25
3c6490,EWG77F,1765917440,44.5797,-0.9451,10972,25
3c6490,EWG77F,1765917442,44.5833,-0.9427,10668,25
3c6490,EWG77F,1765917443,44.5851,-0.9415,10972,25
3c6490,EWG77F,1765917444,44.5871,-0.9401,10668,25
3c6490,EWG77F,1765917446,44.5907,-0.9378,10972,25
3c6490,EWG77F,1765917448,44.5947,-0.935,10668,25
3c6490,EWG77F,1765917449,44.5966,-0.9338,10972,25
3c6490,EWG77F,1765917450,44.5984,-0.9326,10668,25
3c6490,EWG77F,1765917454,44.6058,-0.9276,10972,25
3c6490,EWG77F,1765917455,44.6077,-0.9264,10668,25
3c6490,EWG77F,1765917458,44.613,-0.9228,10972,25
3c6490,EWG77F,1765917459,44.6149,-0.9215,10668,25
3c6490,EWG77F,1765917460,44.6167,-0.9203,10972,25
3c6490,EWG77F,1765917755,45.165,-0.5484,10668,25
3c6490,EWG77F,1765917848,45.3375,-0.4299,10972,25
3c6490,EWG77F,1765918081,45.7723,-0.127,10668,26
3c6490,EWG77F,1765918082,45.7744,-0.1256,10972,26
3c6490,EWG77F,1765918083,45.7761,-0.1244,10668,26
3c6490,EWG77F,1765918087,45.7838,-0.119,10972,26
3c6490,EWG77F,1765918088,45.7857,-0.1177,10668,26
3c6490,EWG77F,1765918090,45.7898,-0.1148,10972,26
3c6490,EWG77F,1765918091,45.7917,-0.1135,10668,26
3c6490,EWG77F,1765918170,45.94,-0.0089,10972,26
3c6490,EWG77F,1765918534,46.63,0.4858,10668,26
3c6490,EWG77F,1765918535,46.6325,0.4876,10972,26
3c6490,EWG77F,1765918537,46.6361,0.4902,10668,26
3c6490,EWG77F,1765918538,46.6374,0.4912,10972,26
3c6490,EWG77F,1765918540,46.6412,0.4939,10668,26
3c6490,EWG77F,1765918545,46.6507,0.5008,10972,26
3c6490,EWG77F,1765918547,46.655,0.504,10668,26
3c6490,EWG77F,1765918548,46.6563,0.505,10972,26
3c6490,EWG77F,1765918550,46.6603,0.5078,10668,26
3c6490,EWG77F,1765918551,46.6621,0.5091,10972,26
3c6490,EWG77F,1765918554,46.6685,0.5137,10668,26
3c6490,EWG77F,1765918555,46.6706,0.5153,10972,26
3c6490,EWG77F,1765918572,46.7022,0.5383,10668,26
3c6490,EWG77F,1765918573,46.7043,0.5398,10972,26
3c6490,EWG77F,1765918575,46.708,0.5427,10668,26
3c6490,EWG77F,1765918671,46.8906,0.6764,10972,26
3c6490,EWG77F,1765918672,46.8923,0.6776,10668,26
3c6490,EWG77F,1765918674,46.896,0.6803,10972,26
3c6490,EWG77F,1765918851,47.2338,0.9303,10668,26
3c6490,EWG77F,1765918852,47.2345,0.931,10972,26
3c6490,EWG77F,1765918854,47.2391,0.9343,10668,26
3c6490,EWG77F,1765918863,47.2565,0.9473,10972,26
3c6490,EWG77F,1765918864,47.2586,0.9488,10668,26
3c6490,EWG77F,1765918870,47.2697,0.9571,10972,26
3c6490,EWG77F,1765918871,47.2718,0.9587,10668,26
3c6490,EWG77F,1765918889,47.307,0.985,10972,27
3c6490,EWG77F,1765918890,47.3087,0.9863,10668,27
3c6490,EWG77F,1765918898,47.3232,0.9972,10972,27
3c6490,EWG77F,1765918899,47.3252,0.9987,10668,27
3c6490,EWG77F,1765918902,47.3309,1.003,10972,27
3c6490,EWG77F,1765919232,47.9593,1.4799,10668,27
3c6490,EWG77F,1765919233,47.9612,1.4814,10972,27
3c6490,EWG77F,1765919235,47.9655,1.4847,10668,27
3c6490,EWG77F,1765919236,47.9676,1.4863,10972,27
3c6490,EWG77F,1765919237,47.9697,1.4879,10668,27
3c6490,EWG77F,1765919238,47.9712,1.4891,10972,27
3c6490,EWG77F,1765919239,47.9731,1.4905,10668,27
3c6490,EWG77F,1765919241,47.9772,1.4937,10972,27
3c6490,EWG77F,1765919244,47.9829,1.498,10668,27
3c6490,EWG77F,1765919247,47.9881,1.5021,10972,27
3c6490,EWG77F,1765919248,47.9897,1.5033,10668,27
3c6490,EWG77F,1765919249,47.9917,1.5049,10972,27
3c6490,EWG77F,1765919250,47.9934,1.5063,10668,28
3c6490,EWG77F,1765919252,47.9973,1.5095,10668,28
3c6490,EWG77F,1765919260,48.012,1.5222,10668,30
3c6490,EWG77F,1765919276,48.0401,1.5507,10668,33
3c6490,EWG77F,1765919277,48.0422,1.553,10668,36
3c6490,EWG77F,1765919280,48.0474,1.5591,10668,37
3c6490,EWG77F,1765919315,48.1044,1.6302,10972,40
3c6490,EWG77F,1765919316,48.1062,1.6325,10668,40
3c6490,EWG77F,1765919320,48.1127,1.6407,10972,40
3c6490,EWG77F,1765919322,48.1158,1.6446,10668,40
3c6490,EWG77F,1765919324,48.1189,1.6485,10972,40
3c6490,EWG77F,1765919325,48.1205,1.6506,10668,40
3c6490,EWG77F,1765919326,48.1223,1.6528,10972,40
3c6490,EWG77F,1765919329,48.1274,1.6592,10668,40
3c6490,EWG77F,1765919331,48.1308,1.6635,10972,40
3c6490,EWG77F,1765919332,48.1326,1.6657,10668,40
3c6490,EWG77F,1765919333,48.1339,1.6674,10972,40
3c6490,EWG77F,1765919336,48.1388,1.6736,10668,40
3c6490,EWG77F,1765919337,48.1404,1.6756,10972,40
3c6490,EWG77F,1765919340,48.1448,1.6812,10668,40
3c6490,EWG77F,1765919342,48.1482,1.6855,10972,40
3c6490,EWG77F,1765919417,48.2707,1.8406,10668,40
3c6490,EWG77F,1765919418,48.272,1.8423,10972,40
3c6490,EWG77F,1765919419,48.2736,1.8443,10668,40
3c6490,EWG77F,1765919446,48.3177,1.9003,10972,40
3c6490,EWG77F,1765919447,48.3193,1.9024,10668,40
3c6490,EWG77F,1765919449,48.3224,1.9063,10972,40
3c6490,EWG77F,1765919450,48.3247,1.9092,10668,40
3c6490,EWG77F,1765919471,48.3582,1.9528,10668,42
3c6490,EWG77F,1765919484,48.3787,1.9823,10972,44
3c6490,EWG77F,1765919485,48.3801,1.9843,10668,44
3c6490,EWG77F,1765919486,48.3815,1.9866,10972,45
3c6490,EWG77F,1765919487,48.3828,1.9885,10668,45
3c6490,EWG77F,1765919488,48.3849,1.9917,10972,45
3c6490,EWG77F,1765919492,48.3904,2.0004,10668,46
3c6490,EWG77F,1765919494,48.3939,2.0059,10972,46
3c6490,EWG77F,1765919500,48.4023,2.0199,10668,47
3c6490,EWG77F,1765919501,48.4041,2.0228,10972,48
3c6490,EWG77F,1765919755,48.7613,2.6529,10668,49
3c6490,EWG77F,1765919756,48.7628,2.6557,10972,49
3c6490,EWG77F,1765919757,48.7642,2.6582,10668,49
3c6490,EWG77F,1765919861,48.9108,2.9214,10972,50
3c6490,EWG77F,1765919862,48.9129,2.9253,10668,50
3c6490,EWG77F,1765919863,48.9135,2.9263,10972,50
3c6490,EWG77F,1765920117,49.2728,3.5819,10668,50
3c6490,EWG77F,1765920118,49.274,3.5842,10972,50
3c6490,EWG77F,1765920121,49.2785,3.5925,10668,50
3c6490,EWG77F,1765920125,49.2842,3.6032,10972,50
3c6490,EWG77F,1765920126,49.2856,3.6058,10668,50
3c6490,EWG77F,1765920229,49.4299,3.8758,10972,50
3c6490,EWG77F,1765920231,49.4324,3.8806,10668,50
3c6490,EWG77F,1765920233,49.4352,3.8858,10972,50
3c6490,EWG77F,1765920234,49.4366,3.8885,10668,50
3c6490,EWG77F,1765920235,49.4384,3.8919,10972,50
3c6490,EWG77F,1765920236,49.4393,3.8935,10668,50
3c6490,EWG77F,1765920239,49.4436,3.9017,10972,50
3c6490,EWG77F,1765920241,49.4458,3.9056,10668,50
3c6490,EWG77F,1765920243,49.4491,3.9119,10972,50
3c6490,EWG77F,1765920477,49.7762,4.5356,10668,51
3c6490,EWG77F,1765920478,49.777,4.5372,10972,51
3c6490,EWG77F,1765920721,50.1133,5.1944,10668,51
3c6490,EWG77F,1765920759,50.1654,5.2977,10363,52
3c6490,EWG77F,1765920776,50.1887,5.3439,10058,51
3c6490,EWG77F,1765920807,50.2313,5.4288,9753,51
3c6490,EWG77F,1765920825,50.2556,5.4768,9448,51
3c6490,EWG77F,1765920837,50.2716,5.5086,9144,51
3c6490,EWG77F,1765920862,50.3063,5.5785,8839,52
3c6490,EWG77F,1765920896,50.3515,5.6695,8229,52
3c6490,EWG77F,1765920919,50.3817,5.7302,8229,51
3c6490,EWG77F,1765920927,50.393,5.7512,8229,49
3c6490,EWG77F,1765920936,50.4057,5.7728,8229,46
3c6490,EWG77F,1765920943,50.4161,5.7889,8229,44
3c6490,EWG77F,1765920944,50.4177,5.7915,8229,43
3c6490,EWG77F,1765920951,50.4289,5.8073,7924,41
3c6490,EWG77F,1765920981,50.4765,5.872,7620,41
3c6490,EWG77F,1765920997,50.5017,5.9066,7315,41
3c6490,EWG77F,1765921015,50.5297,5.9452,7010,41
3c6490,EWG77F,1765921030,50.5542,5.9789,6705,41
3c6490,EWG77F,1765921044,50.5768,6.0099,6400,41
3c6490,EWG77F,1765921060,50.6032,6.0461,6096,41
3c6490,EWG77F,1765921080,50.6358,6.0908,5791,41
3c6490,EWG77F,1765921101,50.6695,6.1374,5486,41
3c6490,EWG77F,1765921123,50.7044,6.1859,5181,41
3c6490,EWG77F,1765921149,50.7448,6.2419,4876,41
3c6490,EWG77F,1765921171,50.7787,6.2889,4572,41
3c6490,EWG77F,1765921194,50.8128,6.3364,3962,41
3c6490,EWG77F,1765921218,50.848,6.3856,3962,41
3c6490,EWG77F,1765921241,50.881,6.4318,3657,41
3c6490,EWG77F,1765921293,50.952,6.5312,3352,41
3c6490,EWG77F,1765921372,51.0443,6.6615,3048,41
3c6490,EWG77F,1765921419,51.0941,6.7318,2743,41
3c6490,EWG77F,1765921462,51.1377,6.7936,2438,41
3c6490,EWG77F,1765921503,51.1784,6.8517,1828,42
3c6490,EWG77F,1765921536,51.211,6.8982,1828,42
3c6490,EWG77F,1765921581,51.2552,6.9615,1524,41
3c6490,EWG77F,1765921614,51.2873,7.0075,1524,41
3c6490,EWG77F,1765921618,51.2911,7.0124,1219,39
3c6490,EWG77F,1765921619,51.292,7.0135,1219,38
3c6490,EWG77F,1765921623,51.2963,7.0186,1219,36
3c6490,EWG77F,1765921627,51.3005,7.0232,1219,34
3c6490,EWG77F,1765921691,51.3663,7.0908,1219,32
3c6490,EWG77F,1765921693,51.3683,7.0926,914,30
3c6490,EWG77F,1765921694,51.3693,7.0934,914,29
3c6490,EWG77F,1765921695,51.3702,7.0941,914,28
3c6490,EWG77F,1765921696,51.3714,7.095,914,26
3c6490,EWG77F,1765921697,51.3719,7.0953,914,25
3c6490,EWG77F,1765921698,51.3731,7.0961,914,23
3c6490,EWG77F,1765921699,51.3743,7.0967,914,21
3c6490,EWG77F,1765921700,51.3756,7.0974,914,19
3c6490,EWG77F,1765921701,51.3761,7.0976,914,17
3c6490,EWG77F,1765921702,51.3773,7.0981,914,15
3c6490,EWG77F,1765921703,51.3784,7.0984,914,13
3c6490,EWG77F,1765921704,51.3794,7.0987,914,11
3c6490,EWG77F,1765921705,51.381,7.0991,914,9
3c6490,EWG77F,1765921706,51.3815,7.0991,914,7
3c6490,EWG77F,1765921707,51.3831,7.0992,914,5
3c6490,EWG77F,1765921708,51.3837,7.0992,914,3
3c6490,EWG77F,1765921709,51.3844,7.0993,914,1
3c6490,EWG77F,1765921710,51.3859,7.0992,914,359
3c6490,EWG77F,1765921711,51.3871,7.099,914,357
3c6490,EWG77F,1765921712,51.3882,7.0988,914,355
3c6490,EWG77F,1765921713,51.3893,7.0986,914,353
3c6490,EWG77F,1765921714,51.3906,7.0982,914,351
3c6490,EWG77F,1765921715,51.3917,7.0978,914,349
3c6490,EWG77F,1765921716,51.3921,7.0975,914,347
3c6490,EWG77F,1765921717,51.3936,7.0969,914,345
3c6490,EWG77F,1765921718,51.3941,7.0965,914,343
3c6490,EWG77F,1765921719,51.3953,7.0958,914,340
3c6490,EWG77F,1765921720,51.3962,7.0952,914,338
3c6490,EWG77F,1765921721,51.397,7.0945,914,336
3c6490,EWG77F,1765921722,51.3979,7.0937,914,333
3c6490,EWG77F,1765921723,51.3989,7.0927,914,330
3c6490,EWG77F,1765921724,51.3996,7.0919,914,327
3c6490,EWG77F,1765921725,51.4004,7.0909,914,325
3c6490,EWG77F,1765921726,51.4012,7.0898,914,322
3c6490,EWG77F,1765921727,51.402,7.0886,914,319
3c6490,EWG77F,1765921728,51.4027,7.0875,914,316
3c6490,EWG77F,1765921729,51.4034,7.0862,914,313
3c6490,EWG77F,1765921730,51.4039,7.0852,914,310
3c6490,EWG77F,1765921731,51.4044,7.0839,914,307
3c6490,EWG77F,1765921732,51.405,7.0825,914,304
3c6490,EWG77F,1765921733,51.4054,7.0812,914,302
3c6490,EWG77F,1765921734,51.4059,7.0798,914,299
3c6490,EWG77F,1765921735,51.4062,7.0785,914,296
3c6490,EWG77F,1765921736,51.4066,7.0771,914,294
3c6490,EWG77F,1765921737,51.407,7.0756,914,292
3c6490,EWG77F,1765921738,51.4072,7.0742,914,290
3c6490,EWG77F,1765921739,51.4075,7.0726,914,288
3c6490,EWG77F,1765921740,51.4078,7.0712,914,286
3c6490,EWG77F,1765921741,51.408,7.0697,914,285
3c6490,EWG77F,1765921742,51.4081,7.0684,914,283
3c6490,EWG77F,1765921743,51.4083,7.0668,914,282
3c6490,EWG77F,1765921744,51.4085,7.0654,914,280
3c6490,EWG77F,1765921745,51.4086,7.064,914,279
3c6490,EWG77F,1765921746,51.4087,7.0627,914,277
3c6490,EWG77F,1765921747,51.4088,7.0612,914,276
3c6490,EWG77F,1765921749,51.4089,7.0583,914,274
3c6490,EWG77F,1765921750,51.4089,7.0569,914,272
3c6490,EWG77F,1765921751,51.4089,7.0554,914,271
3c6490,EWG77F,1765921753,51.4089,7.0523,914,269
3c6490,EWG77F,1765921755,51.4088,7.0502,914,267
3c6490,EWG77F,1765921757,51.4086,7.0467,914,264
3c6490,EWG77F,1765921759,51.4083,7.0443,914,262
3c6490,EWG77F,1765921761,51.408,7.0416,914,260
3c6490,EWG77F,1765921763,51.4076,7.0385,914,258
3c6490,EWG77F,1765921765,51.4072,7.0361,914,256
3c6490,EWG77F,1765921767,51.4066,7.0329,914,254
3c6490,EWG77F,1765921769,51.4061,7.0303,914,251
3c6490,EWG77F,1765921771,51.4054,7.0278,914,249
3c6490,EWG77F,1765921773,51.4048,7.0253,914,247
3c6490,EWG77F,1765921775,51.4041,7.0229,914,245
3c6490,EWG77F,1765921778,51.4028,7.0191,914,242
3c6490,EWG77F,1765921782,51.401,7.0139,914,241
3c6490,EWG77F,1765921792,51.3966,7.002,609,238
3c6490,EWG77F,1765921793,51.3961,7.0007,914,240
3c6490,EWG77F,1765921794,51.3957,6.9994,914,238
3c6490,EWG77F,1765921799,51.3933,6.9935,914,237
3c6490,EWG77F,1765921808,51.3884,6.9823,609,234
3c6490,EWG77F,1765921881,51.3505,6.9012,304,232
3c6490,EWG77F,1765921958,51.3206,6.8381,0,232
3c6490,EWG77F,1765922008,51.301,6.7969,0,232
3e0feb,CHX42,1765921290,54.7911,9.4259,0,33
3e0feb,CHX42,1765921293,54.7911,9.4259,0,33
3e0feb,CHX42,1765921294,54.7911,9.4259,0,33
3e0feb,CHX42,1765921296,54.7911,9.4259,0,45
3e0feb,CHX42,1765921299,54.7912,9.4259,0,45
3e0feb,CHX42,1765921300,54.7912,9.426,0,45
3e0feb,CHX42,1765921301,54.7912,9.426,0,33
3e0feb,CHX42,1765921303,54.7912,9.426,0,33
3e0feb,CHX42,1765921304,54.7913,9.426,0,45
3e0feb,CHX42,1765921307,54.7913,9.4261,0,45
3e0feb,CHX42,1765921308,54.7913,9.4261,0,206
3e0feb,CHX42,1765921310,54.7912,9.426,0,216
3e0feb,CHX42,1765921313,54.7911,9.4258,0,215
3e0feb,CHX42,1765921318,54.7905,9.4251,0,214
3e0feb,CHX42,1765921321,54.79,9.4246,0,212
3e0feb,CHX42,1765921322,54.7898,9.4244,0,210
3e0feb,CHX42,1765921323,54.7897,9.4242,0,208
3e0feb,CHX42,1765921324,54.7895,9.424,0,205
3e0feb,CHX42,1765921325,54.7892,9.4238,0,202
3e0feb,CHX42,1765921326,54.789,9.4237,0,199
3e0feb,CHX42,1765921327,54.7888,9.4235,0,197
3e0feb,CHX42,1765921328,54.7887,9.4235,0,194
3e0feb,CHX42,1765921329,54.7884,9.4234,0,191
3e0feb,CHX42,1765921330,54.7881,9.4233,0,188
3e0feb,CHX42,1765921331,54.7879,9.4233,0,186
3e0feb,CHX42,1765921332,54.7876,9.4232,0,184
3e0feb,CHX42,1765921333,54.7874,9.4232,0,182
3e0feb,CHX42,1765921334,54.7871,9.4232,0,180
3e0feb,CHX42,1765921335,54.7869,9.4232,0,177
3e0feb,CHX42,1765921336,54.7867,9.4232,0,176
3e0feb,CHX42,1765921337,54.7864,9.4233,0,174
3e0feb,CHX42,1765921339,54.7859,9.4234,0,172
3e0feb,CHX42,1765921340,54.7857,9.4234,0,169
3e0feb,CHX42,1765921342,54.7853,9.4235,0,168
3e0feb,CHX42,1765921345,54.7845,9.4239,0,166
3e0feb,CHX42,1765921353,54.7826,9.4247,304,164
3e0feb,CHX42,1765921385,54.7728,9.4297,304,165
3e0feb,CHX42,1765921403,54.767,9.4322,304,167
3e0feb,CHX42,1765921415,54.763,9.4336,609,168
3e0feb,CHX42,1765921565,54.6905,9.4563,609,169
3e0feb,CHX42,1765921568,54.689,9.4569,609,167
3e0feb,CHX42,1765922278,54.3306,9.6235,304,165
3e0feb,CHX42,1765922386,54.2729,9.65,0,165
3e0feb,CHX42,1765922390,54.271,9.6508,0,167
3e0feb,CHX42,1765922391,54.2703,9.6511,0,169
3e0feb,CHX42,1765922392,54.2699,9.6512,0,172
3e0feb,CHX42,1765922393,54.2693,9.6513,0,174
3e0feb,CHX42,1765922394,54.2688,9.6513,0,176
3e0feb,CHX42,1765922395,54.2683,9.6514,0,179
3e0feb,CHX42,1765922396,54.2678,9.6514,0,181
3e0feb,CHX42,1765922397,54.2673,9.6513,0,183
3e0feb,CHX42,1765922398,54.2668,9.6513,0,184
3e0feb,CHX42,1765922404,54.2644,9.6504,0,197
3e0feb,CHX42,1765922405,54.2639,9.6502,0,198
3e0feb,CHX42,1765922406,54.2632,9.6497,0,201
3e0feb,CHX42,1765922407,54.2627,9.6493,0,203
3e0feb,CHX42,1765922408,54.2625,9.6491,0,204
3e0feb,CHX42,1765922409,54.262,9.6488,0,207
3e0feb,CHX42,1765922410,54.2614,9.6482,0,209
3e0feb,CHX42,1765922412,54.2607,9.6475,0,210
3e0feb,CHX42,1765922414,54.2599,9.6466,0,212
3e0feb,CHX42,1765922465,54.2427,9.6261,0,214
3e0feb,CHX42,1765918698,54.9243,8.3124,0,138
3e0feb,CHX42,1765918738,54.917,8.3245,0,136
3e0feb,CHX42,1765918739,54.9168,8.3249,0,133
3e0feb,CHX42,1765918741,54.9164,8.3257,0,128
3e0feb,CHX42,1765918742,54.9162,8.3262,0,125
3e0feb,CHX42,1765918743,54.916,8.3268,304,122
3e0feb,CHX42,1765918744,54.9158,8.327,304,120
3e0feb,CHX42,1765918745,54.9157,8.3276,304,117
3e0feb,CHX42,1765918746,54.9155,8.3281,304,115
3e0feb,CHX42,1765918747,54.9153,8.3288,304,113
3e0feb,CHX42,1765918748,54.9152,8.3296,304,111
3e0feb,CHX42,1765918749,54.9151,8.3301,304,110
3e0feb,CHX42,1765918750,54.915,8.3304,304,109
3e0feb,CHX42,1765918753,54.9147,8.3324,304,106
3e0feb,CHX42,1765918758,54.9141,8.3356,304,104
3e0feb,CHX42,1765918772,54.9129,8.3447,304,102
3e0feb,CHX42,1765918806,54.9099,8.3723,609,100
3e0feb,CHX42,1765919041,54.8838,8.6126,609,100
3e0feb,CHX42,1765919569,54.821,9.1661,609,103
3e0feb,CHX42,1765919691,54.8014,9.2903,304,105
3e0feb,CHX42,1765919714,54.7976,9.3142,304,105
3e0feb,CHX42,1765919779,54.7853,9.38,304,108
3e0feb,CHX42,1765919794,54.7826,9.3943,304,105
3e0feb,CHX42,1765919796,54.7823,9.3965,304,103
3e0feb,CHX42,1765919799,54.782,9.3994,304,101
3e0feb,CHX42,1765919802,54.7816,9.4021,304,99
3e0feb,CHX42,1765919806,54.7814,9.4057,304,97
3e0feb,CHX42,1765919808,54.7812,9.4074,304,96
3e0feb,CHX42,1765919816,54.7809,9.4146,304,94
3e0feb,CHX42,1765919820,54.7808,9.4177,304,92
3e0feb,CHX42,1765919822,54.7807,9.4196,304,90
3e0feb,CHX42,1765919824,54.7808,9.4211,304,87
3e0feb,CHX42,1765919825,54.7808,9.4219,304,86
3e0feb,CHX42,1765919826,54.7808,9.4228,304,84
3e0feb,CHX42,1765919827,54.7809,9.4237,304,83
3e0feb,CHX42,1765919828,54.7809,9.4245,304,81
3e0feb,CHX42,1765919830,54.7811,9.4259,304,79
3e0feb,CHX42,1765919831,54.7812,9.4268,304,77
3e0feb,CHX42,1765919832,54.7813,9.4276,304,76
3e0feb,CHX42,1765919833,54.7814,9.4284,304,74
3e0feb,CHX42,1765919834,54.7816,9.4293,304,72
3e0feb,CHX42,1765919835,54.7817,9.4299,304,71
3e0feb,CHX42,1765919836,54.7819,9.4306,304,69
3e0feb,CHX42,1765919838,54.7822,9.432,304,67
3e0feb,CHX42,1765919839,54.7824,9.4327,304,65
3e0feb,CHX42,1765919841,54.7828,9.4343,0,63
3e0feb,CHX42,1765919842,54.783,9.435,0,61
3e0feb,CHX42,1765919843,54.7832,9.4356,0,60
3e0feb,CHX42,1765919844,54.7834,9.4362,0,58
3e0feb,CHX42,1765919845,54.7838,9.4373,0,55
3e0feb,CHX42,1765919846,54.7839,9.4375,0,54
3e0feb,CHX42,1765919847,54.7844,9.4385,0,50
3e0feb,CHX42,1765919848,54.7846,9.4388,0,48
3e0feb,CHX42,1765919849,54.7847,9.4391,0,45
3e0feb,CHX42,1765919850,54.7852,9.4399,0,42
3e0feb,CHX42,1765919851,54.7856,9.4405,0,38
3e0feb,CHX42,1765919852,54.786,9.441,0,35
3e0feb,CHX42,1765919853,54.7863,9.4413,0,32
3e0feb,CHX42,1765919854,54.7867,9.4418,0,28
3e0feb,CHX42,1765919855,54.787,9.442,0,25
3e0feb,CHX42,1765919856,54.7875,9.4423,0,20
3e0feb,CHX42,1765919857,54.7878,9.4425,0,17
3e0feb,CHX42,1765919858,54.7882,9.4427,0,13
3e0feb,CHX42,1765919859,54.7886,9.4428,0,9
3e0feb,CHX42,1765919860,54.789,9.4429,0,6
3e0feb,CHX42,1765919861,54.7893,9.4429,0,2
3e0feb,CHX42,1765919862,54.7896,9.4429,0,358
3e0feb,CHX42,1765919864,54.7905,9.4427,0,349
3e0feb,CHX42,1765919865,54.7908,9.4426,0,345
3e0feb,CHX42,1765919866,54.7912,9.4424,0,341
3e0feb,CHX42,1765919867,54.7915,9.4422,0,337
3e0feb,CHX42,1765919868,54.7918,9.4419,0,333
3e0feb,CHX42,1765919869,54.7921,9.4417,0,329
3e0feb,CHX42,1765919870,54.7924,9.4414,0,323
3e0feb,CHX42,1765919871,54.7926,9.441,0,321
3e0feb,CHX42,1765919872,54.7928,9.4407,0,316
3e0feb,CHX42,1765919873,54.793,9.4403,0,313
3e0feb,CHX42,1765919874,54.7932,9.4399,0,307
3e0feb,CHX42,1765919875,54.7934,9.4396,0,305
3e0feb,CHX42,1765919876,54.7935,9.4392,0,301
3e0feb,CHX42,1765919877,54.7937,9.4388,0,298
3e0feb,CHX42,1765919878,54.7938,9.4382,0,294
3e0feb,CHX42,1765919879,54.7939,9.4378,0,291
3e0feb,CHX42,1765919880,54.794,9.4373,0,286
3e0feb,CHX42,1765919881,54.794,9.437,0,283
3e0feb,CHX42,1765919882,54.7941,9.4366,0,279
3e0feb,CHX42,1765919883,54.7941,9.4363,0,276
3e0feb,CHX42,1765919884,54.7941,9.4359,0,273
3e0feb,CHX42,1765919885,54.7941,9.4355,0,268
3e0feb,CHX42,1765919886,54.7941,9.435,0,263
3e0feb,CHX42,1765919887,54.7941,9.4347,0,258
3e0feb,CHX42,1765919888,54.794,9.4343,0,256
3e0feb,CHX42,1765919889,54.794,9.4341,0,253
3e0feb,CHX42,1765919890,54.7939,9.4339,0,251
3e0feb,CHX42,1765919891,54.7939,9.4335,0,249
3e0feb,CHX42,1765919892,54.7938,9.4333,0,247
3e0feb,CHX42,1765919893,54.7938,9.433,0,245
3e0feb,CHX42,1765919895,54.7936,9.4325,0,244
3e0feb,CHX42,1765919898,54.7934,9.4319,0,242
3e0feb,CHX42,1765919910,54.7928,9.4298,0,240
3e0feb,CHX42,1765919911,54.7928,9.4297,0,237
3e0feb,CHX42,1765919914,54.7926,9.4292,0,234
3e0feb,CHX42,1765919921,54.7922,9.4284,0,234
3e0feb,CHX42,1765919938,54.7918,9.4274,0,236
3e0feb,CHX42,1765919939,54.7915,9.4268,0,228
3e0feb,CHX42,1765919941,54.7914,9.4266,0,228
3e0feb,CHX42,1765919942,54.7914,9.4265,0,225
3e0feb,CHX42,1765919945,54.7913,9.4264,0,225
3e0feb,CHX42,1765914767,54.2173,9.5957,0,322
3e0feb,CHX42,1765914772,54.2162,9.5939,0,226
3e0feb,CHX42,1765914776,54.2154,9.5921,0,226
3e0feb,CHX42,1765914777,54.2152,9.5916,0,238
3e0feb,CHX42,1765914779,54.2148,9.5906,0,242
3e0feb,CHX42,1765914780,54.2147,9.59,0,242
3e0feb,CHX42,1765914781,54.2145,9.5893,0,248
3e0feb,CHX42,1765914782,54.2144,9.5888,0,251
3e0feb,CHX42,1765914783,54.2143,9.5882,0,253
3e0feb,CHX42,1765914784,54.2142,9.5875,0,257
3e0feb,CHX42,1765914785,54.2141,9.5868,0,260
3e0feb,CHX42,1765914786,54.2141,9.5861,0,264
3e0feb,CHX42,1765914787,54.2141,9.5857,0,264
3e0feb,CHX42,1765914788,54.2141,9.585,0,269
3e0feb,CHX42,1765914789,54.2141,9.5843,0,272
3e0feb,CHX42,1765914790,54.2141,9.5833,0,277
3e0feb,CHX42,1765914791,54.2141,9.583,0,277
3e0feb,CHX42,1765914792,54.2143,9.582,0,283
3e0feb,CHX42,1765914794,54.2145,9.581,0,284
3e0feb,CHX42,1765914795,54.2147,9.58,0,292
3e0feb,CHX42,1765914796,54.2149,9.5794,0,296
3e0feb,CHX42,1765914797,54.2151,9.5788,0,298
3e0feb,CHX42,1765914798,54.2153,9.5781,0,301
3e0feb,CHX42,1765914799,54.2154,9.5777,0,302
3e0feb,CHX42,1765914800,54.2157,9.5772,0,305
3e0feb,CHX42,1765914801,54.2159,9.5765,0,306
3e0feb,CHX42,1765914803,54.2165,9.5754,0,308
3e0feb,CHX42,1765914807,54.2177,9.573,0,311
3e0feb,CHX42,1765914812,54.2189,9.5705,0,313
3e0feb,CHX42,1765914821,54.2218,9.5656,304,315
3e0feb,CHX42,1765914858,54.233,9.5472,304,315
3e0feb,CHX42,1765914891,54.2423,9.5311,609,313
3e0feb,CHX42,1765914896,54.2438,9.5284,609,312
3e0feb,CHX42,1765914919,54.2515,9.5137,609,310
3e0feb,CHX42,1765915604,54.48,9.0013,609,307
3e0feb,CHX42,1765915606,54.4807,8.9996,609,310
3e0feb,CHX42,1765915608,54.4813,8.9985,609,311
3e0feb,CHX42,1765915610,54.4823,8.9968,609,314
3e0feb,CHX42,1765915612,54.4831,8.9955,609,315
3e0feb,CHX42,1765915813,54.5685,8.8643,609,317
3e0feb,CHX42,1765915926,54.6175,8.7888,609,315
3e0feb,CHX42,1765915928,54.6182,8.7874,609,314
3e0feb,CHX42,1765915932,54.6197,8.7847,609,312
3e0feb,CHX42,1765915938,54.622,8.7802,609,309
3e0feb,CHX42,1765915952,54.627,8.7694,609,307
3e0feb,CHX42,1765915956,54.6283,8.7663,609,305
3e0feb,CHX42,1765915960,54.6296,8.7629,609,302
3e0feb,CHX42,1765915974,54.6336,8.7513,304,300
3e0feb,CHX42,1765915976,54.6343,8.7494,304,300
3e0feb,CHX42,1765916086,54.6691,8.655,0,302
3e0feb,CHX42,1765916120,54.6796,8.6267,0,300
3e0feb,CHX42,1765916121,54.68,8.6254,0,298
3e0feb,CHX42,1765916122,54.6801,8.6249,0,297
3e0feb,CHX42,1765916123,54.6804,8.6237,0,294
3e0feb,CHX42,1765916124,54.6807,8.6228,0,292
3e0feb,CHX42,1765916125,54.6809,8.6219,0,290
3e0feb,CHX42,1765916126,54.6811,8.621,0,287
3e0feb,CHX42,1765916127,54.6812,8.6201,0,285
3e0feb,CHX42,1765916128,54.6813,8.6194,0,284
3e0feb,CHX42,1765916129,54.6814,8.6184,0,281
3e0feb,CHX42,1765916130,54.6815,8.6176,0,279
3e0feb,CHX42,1765916132,54.6817,8.6158,0,277
3e0feb,CHX42,1765916136,54.6819,8.6123,0,275
3e0feb,CHX42,1765916189,54.683,8.5735,0,273
3e0feb,CHX42,1765916223,54.6839,8.5547,0,275
3e0feb,CHX42,1765916224,54.684,8.5542,0,273
3e0feb,CHX42,1765916239,54.6841,8.548,0,272
3e0feb,CHX42,1765916256,54.6842,8.5422,0,270
3e0feb,CHX42,1765916268,54.6841,8.5382,0,268
3e0feb,CHX42,1765916269,54.6841,8.5379,0,271
3e0feb,CHX42,1765916527,54.6842,8.5291,0,271
3e0feb,CHX42,1765916532,54.6833,8.5279,0,205
3e0feb,CHX42,1765916538,54.6816,8.5275,0,176
3e0feb,CHX42,1765916540,54.6812,8.5276,0,158
3e0feb,CHX42,1765916541,54.681,8.5279,0,156
3e0feb,CHX42,1765916542,54.6806,8.5282,0,146
3e0feb,CHX42,1765916543,54.6804,8.5285,0,141
3e0feb,CHX42,1765916544,54.6802,8.5288,0,133
3e0feb,CHX42,1765916549,54.6793,8.5311,0,133
3e0feb,CHX42,1765916550,54.6792,8.5313,0,114
3e0feb,CHX42,1765916552,54.679,8.5324,0,109
3e0feb,CHX42,1765916554,54.6786,8.5342,0,106
3e0feb,CHX42,1765916556,54.6784,8.5353,0,105
3e0feb,CHX42,1765916557,54.6783,8.5362,0,103
3e0feb,CHX42,1765916560,54.6781,8.538,0,101
3e0feb,CHX42,1765916562,54.6779,8.5397,0,99
3e0feb,CHX42,1765916564,54.6778,8.5408,0,97
3e0feb,CHX42,1765916566,54.6777,8.5425,0,96
3e0feb,CHX42,1765916568,54.6776,8.5442,0,94
3e0feb,CHX42,1765916572,54.6774,8.5474,0,92
3e0feb,CHX42,1765916576,54.6774,8.5506,0,90
3e0feb,CHX42,1765916580,54.6774,8.5542,0,88
3e0feb,CHX42,1765916585,54.6776,8.559,0,86
3e0feb,CHX42,1765916589,54.6777,8.5621,0,83
3e0feb,CHX42,1765916590,54.6778,8.5637,0,81
3e0feb,CHX42,1765916591,54.6779,8.5646,0,79
3e0feb,CHX42,1765916592,54.678,8.5654,0,77
3e0feb,CHX42,1765916593,54.6782,8.5663,0,75
3e0feb,CHX42,1765916594,54.6783,8.5672,0,73
3e0feb,CHX42,1765916595,54.6785,8.5681,0,70
3e0feb,CHX42,1765916596,54.6787,8.569,0,68
3e0feb,CHX42,1765916597,54.679,8.57,0,64
3e0feb,CHX42,1765916598,54.6792,8.5709,0,62
3e0feb,CHX42,1765916599,54.6795,8.5717,0,59
3e0feb,CHX42,1765916600,54.6798,8.5726,0,57
3e0feb,CHX42,1765916601,54.6801,8.5735,0,54
3e0feb,CHX42,1765916602,54.6805,8.5742,0,52
3e0feb,CHX42,1765916603,54.6809,8.5752,0,49
3e0feb,CHX42,1765916604,54.6811,8.5756,0,46
3e0feb,CHX42,1765916605,54.6816,8.5765,0,45
3e0feb,CHX42,1765916606,54.6818,8.5768,0,42
3e0feb,CHX42,1765916607,54.6824,8.5778,0,40
3e0feb,CHX42,1765916608,54.6829,8.5784,0,38
3e0feb,CHX42,1765916609,54.6834,8.579,0,35
3e0feb,CHX42,1765916610,54.6838,8.5796,0,32
3e0feb,CHX42,1765916611,54.6844,8.5801,0,29
3e0feb,CHX42,1765916612,54.6848,8.5805,0,27
3e0feb,CHX42,1765916613,54.6853,8.5809,0,25
3e0feb,CHX42,1765916614,54.6859,8.5813,304,22
3e0feb,CHX42,1765916615,54.6865,8.5817,304,19
3e0feb,CHX42,1765916616,54.6868,8.5819,304,19
3e0feb,CHX42,1765916617,54.6874,8.5822,304,16
3e0feb,CHX42,1765916618,54.6877,8.5823,304,13
3e0feb,CHX42,1765916619,54.6886,8.5827,304,10
3e0feb,CHX42,1765916620,54.6892,8.5828,304,7
3e0feb,CHX42,1765916621,54.6897,8.583,304,6
3e0feb,CHX42,1765916622,54.6904,8.583,304,2
3e0feb,CHX42,1765916623,54.6909,8.5831,304,0
3e0feb,CHX42,1765916625,54.6915,8.583,304,355
3e0feb,CHX42,1765916626,54.692,8.5829,304,353
3e0feb,CHX42,1765916627,54.693,8.5827,304,350
3e0feb,CHX42,1765916628,54.6933,8.5826,304,347
3e0feb,CHX42,1765916629,54.6941,8.5822,304,344
3e0feb,CHX42,1765916630,54.6943,8.5822,304,343
3e0feb,CHX42,1765916631,54.695,8.5817,304,339
3e0feb,CHX42,1765916632,54.6955,8.5814,304,336
3e0feb,CHX42,1765916633,54.6959,8.5811,304,335
3e0feb,CHX42,1765916635,54.6966,8.5804,304,331
3e0feb,CHX42,1765916636,54.6972,8.5798,304,329
3e0feb,CHX42,1765916637,54.6977,8.5793,304,326
3e0feb,CHX42,1765916638,54.6981,8.5788,304,325
3e0feb,CHX42,1765916639,54.6983,8.5785,304,323
3e0feb,CHX42,1765916641,54.6994,8.5771,304,321
3e0feb,CHX42,1765916645,54.7009,8.5749,304,319
3e0feb,CHX42,1765916648,54.7021,8.5732,304,321
3e0feb,CHX42,1765916652,54.7037,8.5712,304,323
3e0feb,CHX42,1765916734,54.7393,8.5307,609,326
3e0feb,CHX42,1765916979,54.8545,8.3968,304,325
3e0feb,CHX42,1765917027,54.879,8.368,304,327
3e0feb,CHX42,1765917034,54.8826,8.3642,304,329
3e0feb,CHX42,1765917049,54.89,8.357,304,331
3e0feb,CHX42,1765917081,54.9062,8.3427,0,333
3e0feb,CHX42,1765917082,54.9065,8.3425,0,333
3e0feb,CHX42,1765917094,54.9125,8.3371,0,330
3e0feb,CHX42,1765917095,54.9129,8.3368,0,329
3e0feb,CHX42,1765917097,54.9137,8.3359,0,327
3e0feb,CHX42,1765917098,54.9141,8.3354,0,325
3e0feb,CHX42,1765917099,54.9145,8.3349,0,323
3e0feb,CHX42,1765917100,54.9149,8.3344,0,322
3e0feb,CHX42,1765917101,54.9153,8.3338,0,319
3e0feb,CHX42,1765917102,54.9156,8.3333,0,317
3e0feb,CHX42,1765917103,54.9159,8.3328,0,316
3e0feb,CHX42,1765917104,54.9163,8.3322,0,314
3e0feb,CHX42,1765917105,54.9166,8.3315,0,312
3e0feb,CHX42,1765917106,54.9169,8.3311,0,311
3e0feb,CHX42,1765917107,54.9171,8.3306,0,309
3e0feb,CHX42,1765917109,54.9176,8.3295,0,307
3e0feb,CHX42,1765917110,54.9179,8.3289,0,304
3e0feb,CHX42,1765917112,54.9182,8.3279,0,302
3e0feb,CHX42,1765917113,54.9184,8.3274,0,301
3e0feb,CHX42,1765917114,54.9186,8.3267,0,299
3e0feb,CHX42,1765917115,54.9188,8.3261,0,298
3e0feb,CHX42,1765917117,54.9191,8.3251,0,296
3e0feb,CHX42,1765917118,54.9193,8.3245,0,295
3e0feb,CHX42,1765917131,54.9208,8.3183,0,293
3e0feb,CHX42,1765917154,54.9233,8.3073,0,291
3e0feb,CHX42,1765917155,54.9234,8.3067,0,294
3e0feb,CHX42,1765917158,54.9235,8.3064,0,299
3e0feb,CHX42,1765917159,54.924,8.3053,0,314
3e0feb,CHX42,1765917160,54.9242,8.305,0,322
3e0feb,CHX42,1765917161,54.9244,8.3049,0,327
3e0feb,CHX42,1765917162,54.9246,8.3046,0,335
3e0feb,CHX42,1765917163,54.9248,8.3045,0,341
3e0feb,CHX42,1765917164,54.925,8.3045,0,348
3e0feb,CHX42,1765917165,54.9251,8.3044,0,357
3e0feb,CHX42,1765917166,54.9252,8.3045,0,4
3e0feb,CHX42,1765917167,54.9255,8.3045,0,18
3e0feb,CHX42,1765917168,54.9256,8.3047,0,32
3e0feb,CHX42,1765917169,54.9257,8.3048,0,45
3e0feb,CHX42,1765917170,54.9258,8.3049,0,52
3e0feb,CHX42,1765917171,54.9259,8.3051,0,62
3e0feb,CHX42,1765917172,54.9259,8.3053,0,77
3e0feb,CHX42,1765917173,54.9259,8.3056,0,81
3e0feb,CHX42,1765917174,54.9259,8.3058,0,87
3e0feb,CHX42,1765917175,54.9259,8.3061,0,94
3e0feb,CHX42,1765917176,54.9259,8.3062,0,96
3e0feb,CHX42,1765917177,54.9259,8.3065,0,105
3e0feb,CHX42,1765917178,54.9259,8.3066,0,107
3e0feb,CHX42,1765917179,54.9258,8.3068,0,109
3e0feb,CHX42,1765917181,54.9257,8.3072,0,110
3e0feb,CHX42,1765917182,54.9257,8.3075,0,120
3e0feb,CHX42,1765917183,54.9256,8.3077,0,122
3e0feb,CHX42,1765917184,54.9256,8.3078,0,117
3e0feb,CHX42,1765917186,54.9254,8.3082,0,118
3e0feb,CHX42,1765917187,54.9254,8.3083,0,115
3e0feb,CHX42,1765917188,54.9253,8.3085,0,111
3e0feb,CHX42,1765917190,54.9253,8.3088,0,110
3e0feb,CHX42,1765917197,54.9251,8.3096,0,108
3e0feb,CHX42,1765917198,54.9251,8.3099,0,102
3e0feb,CHX42,1765917199,54.9251,8.3099,0,98
3e0feb,CHX42,1765917200,54.9251,8.31,0,90
3e0feb,CHX42,1765917201,54.925,8.3101,0,94
3e0feb,CHX42,1765917202,54.9251,8.3102,0,94
3e0feb,CHX42,1765917203,54.925,8.3102,0,99
3e0feb,CHX42,1765917206,54.925,8.3105,0,101
3e0feb,CHX42,1765917207,54.925,8.3107,0,119
3e0feb,CHX42,1765917209,54.925,8.3107,0,98
3e0feb,CHX42,1765917211,54.925,8.3109,0,98
3e0feb,CHX42,1765917214,54.925,8.311,0,105
3e0feb,CHX42,1765917215,54.9249,8.3111,0,113
4b181a,SWR438A,1765908338,51.4776,-0.4617,0,269
4b181a,SWR438A,1765908355,51.4774,-0.4798,304,268
4b181a,SWR438A,1765908385,51.4775,-0.5157,304,269
4b181a,SWR438A,1765908387,51.4774,-0.5175,304,266
4b181a,SWR438A,1765908389,51.4772,-0.5212,304,263
4b181a,SWR438A,1765908390,51.477,-0.5227,304,263
4b181a,SWR438A,1765908391,51.4769,-0.5242,304,260
4b181a,SWR438A,1765908392,51.4767,-0.5258,304,258
4b181a,SWR438A,1765908393,51.4764,-0.5273,304,256
4b181a,SWR438A,1765908394,51.4762,-0.5285,609,254
4b181a,SWR438A,1765908395,51.4759,-0.5299,609,252
4b181a,SWR438A,1765908396,51.4756,-0.531,609,250
4b181a,SWR438A,1765908397,51.4753,-0.5326,609,248
4b181a,SWR438A,1765908398,51.4748,-0.5344,609,246
4b181a,SWR438A,1765908399,51.4743,-0.5357,609,243
4b181a,SWR438A,1765908400,51.4739,-0.537,609,241
4b181a,SWR438A,1765908401,51.4733,-0.5386,609,238
4b181a,SWR438A,1765908402,51.4728,-0.5396,609,236
4b181a,SWR438A,1765908403,51.4722,-0.5408,609,233
4b181a,SWR438A,1765908404,51.4716,-0.5421,609,231
4b181a,SWR438A,1765908405,51.471,-0.5432,609,228
4b181a,SWR438A,1765908406,51.4702,-0.5444,609,225
4b181a,SWR438A,1765908407,51.4694,-0.5455,609,223
4b181a,SWR438A,1765908408,51.4688,-0.5465,609,220
4b181a,SWR438A,1765908409,51.4676,-0.5479,609,217
4b181a,SWR438A,1765908410,51.4669,-0.5487,609,215
4b181a,SWR438A,1765908411,51.466,-0.5495,609,212
4b181a,SWR438A,1765908412,51.4655,-0.5499,609,209
4b181a,SWR438A,1765908413,51.464,-0.5511,609,206
4b181a,SWR438A,1765908414,51.4635,-0.5515,609,204
4b181a,SWR438A,1765908415,51.4622,-0.5523,609,201
4b181a,SWR438A,1765908416,51.4616,-0.5526,914,199
4b181a,SWR438A,1765908417,51.4606,-0.5531,914,197
4b181a,SWR438A,1765908418,51.4595,-0.5535,914,194
4b181a,SWR438A,1765908419,51.4584,-0.5539,914,192
4b181a,SWR438A,1765908420,51.4574,-0.5542,914,190
4b181a,SWR438A,1765908421,51.4564,-0.5544,914,188
4b181a,SWR438A,1765908422,51.4554,-0.5546,914,186
4b181a,SWR438A,1765908423,51.4542,-0.5547,914,183
4b181a,SWR438A,1765908424,51.453,-0.5547,914,181
4b181a,SWR438A,1765908425,51.452,-0.5547,914,179
4b181a,SWR438A,1765908426,51.4509,-0.5547,914,177
4b181a,SWR438A,1765908427,51.45,-0.5544,914,174
4b181a,SWR438A,1765908428,51.4492,-0.5543,914,172
4b181a,SWR438A,1765908429,51.448,-0.554,914,170
4b181a,SWR438A,1765908430,51.447,-0.5536,914,169
4b181a,SWR438A,1765908431,51.446,-0.5533,914,167
4b181a,SWR438A,1765908432,51.4449,-0.5529,914,166
4b181a,SWR438A,1765908434,51.4429,-0.552,914,164
4b181a,SWR438A,1765908436,51.4409,-0.551,914,162
4b181a,SWR438A,1765908438,51.4387,-0.5498,914,160
4b181a,SWR438A,1765908440,51.4369,-0.5486,914,158
4b181a,SWR438A,1765908441,51.4358,-0.5479,914,157
4b181a,SWR438A,1765908442,51.435,-0.5473,914,155
4b181a,SWR438A,1765908443,51.4342,-0.5466,914,153
4b181a,SWR438A,1765908444,51.4334,-0.5459,914,151
4b181a,SWR438A,1765908445,51.4326,-0.5452,914,149
4b181a,SWR438A,1765908446,51.4319,-0.5444,1219,147
4b181a,SWR438A,1765908447,51.4309,-0.5434,1219,145
4b181a,SWR438A,1765908448,51.4302,-0.5424,1219,143
4b181a,SWR438A,1765908449,51.4293,-0.5414,1219,141
4b181a,SWR438A,1765908450,51.4286,-0.5404,1219,140
4b181a,SWR438A,1765908451,51.4276,-0.5389,1219,138
4b181a,SWR438A,1765908453,51.4262,-0.5367,1219,135
4b181a,SWR438A,1765908465,51.4179,-0.523,1219,133
4b181a,SWR438A,1765908484,51.4035,-0.5002,1524,136
4b181a,SWR438A,1765908537,51.355,-0.4263,1828,136
4b181a,SWR438A,1765908584,51.3115,-0.3594,1828,134
4b181a,SWR438A,1765908587,51.3088,-0.3548,1828,132
4b181a,SWR438A,1765908590,51.306,-0.3496,1828,129
4b181a,SWR438A,1765908594,51.3028,-0.3432,1828,127
4b181a,SWR438A,1765908604,51.2953,-0.3268,1828,125
4b181a,SWR438A,1765908655,51.2571,-0.2401,1828,123
4b181a,SWR438A,1765908657,51.2558,-0.2365,1828,120
4b181a,SWR438A,1765908658,51.2551,-0.2345,1828,119
4b181a,SWR438A,1765908659,51.2547,-0.2334,1828,117
4b181a,SWR438A,1765908660,51.2541,-0.2313,1828,116
4b181a,SWR438A,1765908661,51.2536,-0.2294,1828,114
4b181a,SWR438A,1765908662,51.2532,-0.2278,1828,112
4b181a,SWR438A,1765908663,51.2527,-0.2257,1828,111
4b181a,SWR438A,1765908664,51.2522,-0.2235,1828,109
4b181a,SWR438A,1765908665,51.2518,-0.2216,1828,107
4b181a,SWR438A,1765908666,51.2514,-0.2193,1828,105
4b181a,SWR438A,1765908667,51.2511,-0.2173,1828,104
4b181a,SWR438A,1765908668,51.2508,-0.215,1828,102
4b181a,SWR438A,1765908669,51.2505,-0.2127,1828,100
4b181a,SWR438A,1765908670,51.2504,-0.2107,1828,99
4b181a,SWR438A,1765908671,51.2503,-0.2099,1828,97
4b181a,SWR438A,1765908672,51.2502,-0.2073,1828,96
4b181a,SWR438A,1765908673,51.25,-0.205,1828,94
4b181a,SWR438A,1765908675,51.2499,-0.2008,2438,92
4b181a,SWR438A,1765908676,51.2499,-0.1987,2438,92
4b181a,SWR438A,1765908680,51.2498,-0.1904,2438,90
4b181a,SWR438A,1765908693,51.2503,-0.1623,2743,87
4b181a,SWR438A,1765908710,51.2514,-0.125,3048,87
4b181a,SWR438A,1765908740,51.2532,-0.0555,3352,87
4b181a,SWR438A,1765908766,51.2552,0.0109,3657,87
4b181a,SWR438A,1765908784,51.2564,0.0576,3962,87
4b181a,SWR438A,1765908803,51.2579,0.1082,3962,86
4b181a,SWR438A,1765908826,51.2599,0.1679,4572,86
4b181a,SWR438A,1765908861,51.2632,0.2666,4876,86
4b181a,SWR438A,1765908887,51.2656,0.3381,4876,88
4b181a,SWR438A,1765908892,51.2657,0.3526,4876,90
4b181a,SWR438A,1765908896,51.2655,0.3629,4876,92
4b181a,SWR438A,1765908900,51.265,0.3754,5181,94
4b181a,SWR438A,1765908924,51.2599,0.4416,5486,97
4b181a,SWR438A,1765908950,51.2542,0.5166,5791,96
4b181a,SWR438A,1765908968,51.2502,0.5687,6096,96
4b181a,SWR438A,1765908990,51.2453,0.6322,6400,97
4b181a,SWR438A,1765909016,51.2393,0.7074,6705,97
4b181a,SWR438A,1765909044,51.2327,0.7918,7010,97
4b181a,SWR438A,1765909075,51.2252,0.886,7315,97
4b181a,SWR438A,1765909106,51.2176,0.9807,7620,97
4b181a,SWR438A,1765909134,51.2102,1.0716,7924,97
4b181a,SWR438A,1765909162,51.2029,1.1597,8229,97
4b181a,SWR438A,1765909200,51.1928,1.2815,8229,97
4b181a,SWR438A,1765909235,51.1834,1.3939,8839,97
4b181a,SWR438A,1765909274,51.1726,1.5211,9144,97
4b181a,SWR438A,1765909317,51.1606,1.6604,9448,97
4b181a,SWR438A,1765909326,51.1578,1.6912,9448,99
4b181a,SWR438A,1765909332,51.1555,1.7108,9448,101
4b181a,SWR438A,1765909338,51.1526,1.7308,9448,103
4b181a,SWR438A,1765909344,51.1494,1.7496,9448,106
4b181a,SWR438A,1765909349,51.1463,1.765,9448,108
4b181a,SWR438A,1765909355,51.142,1.7838,9448,110
4b181a,SWR438A,1765909361,51.1374,1.8018,9448,113
4b181a,SWR438A,1765909367,51.1323,1.8193,9448,115
4b181a,SWR438A,1765909376,51.1235,1.8463,9753,117
4b181a,SWR438A,1765909439,51.0624,2.0296,10058,118
4b181a,SWR438A,1765909492,51.01,2.1858,10363,118
4b181a,SWR438A,1765909530,50.9719,2.2984,10668,118
4b181a,SWR438A,1765909549,50.9538,2.3518,10972,118
4b181a,SWR438A,1765909681,50.8248,2.7289,11277,118
4b181a,SWR438A,1765909717,50.7885,2.8334,11582,118
4b181a,SWR438A,1765909845,50.6612,3.1993,11887,118
4b181a,SWR438A,1765909853,50.6536,3.2211,11582,118
4b181a,SWR438A,1765909854,50.652,3.2255,11887,118
4b181a,SWR438A,1765910330,50.1554,4.5985,11582,119
4b181a,SWR438A,1765910385,50.0986,4.7514,11582,120
4b181a,SWR438A,1765910394,50.0884,4.7767,11582,123
4b181a,SWR438A,1765910403,50.0779,4.8004,11582,125
4b181a,SWR438A,1765910411,50.0679,4.821,11582,127
4b181a,SWR438A,1765910419,50.0576,4.8406,11887,130
4b181a,SWR438A,1765910421,50.0549,4.8455,11582,130
4b181a,SWR438A,1765910423,50.0524,4.85,11887,130
4b181a,SWR438A,1765910505,49.944,5.0463,11582,130
4b181a,SWR438A,1765910506,49.9427,5.0487,11887,130
4b181a,SWR438A,1765910507,49.9413,5.051,11582,130
4b181a,SWR438A,1765910619,49.7912,5.3199,11887,130
4b181a,SWR438A,1765910829,49.5053,5.8245,11582,131
4b181a,SWR438A,1765910830,49.5041,5.8266,11887,131
4b181a,SWR438A,1765910832,49.5014,5.8314,11582,131
4b181a,SWR438A,1765910944,49.35,6.0947,11887,131
4b181a,SWR438A,1765910970,49.3151,6.1539,11887,133
4b181a,SWR438A,1765910976,49.3064,6.1671,11887,136
4b181a,SWR438A,1765910982,49.2971,6.1801,11887,138
4b181a,SWR438A,1765910987,49.2894,6.1899,11887,140
4b181a,SWR438A,1765910992,49.2816,6.1992,11887,142
4b181a,SWR438A,1765910997,49.2743,6.2071,11887,145
4b181a,SWR438A,1765911002,49.2654,6.2162,11887,147
4b181a,SWR438A,1765911007,49.2574,6.2235,11887,149
4b181a,SWR438A,1765911032,49.2141,6.2592,11582,151
4b181a,SWR438A,1765911038,49.204,6.2674,11887,151
4b181a,SWR438A,1765911039,49.2014,6.2695,11582,151
4b181a,SWR438A,1765911150,49.0103,6.4238,11887,152
4b181a,SWR438A,1765911161,48.9906,6.4396,11582,152
4b181a,SWR438A,1765911225,48.8791,6.5291,11277,152
4b181a,SWR438A,1765911286,48.7714,6.6153,10972,151
4b181a,SWR438A,1765911348,48.6625,6.702,10668,152
4b181a,SWR438A,1765911386,48.5991,6.7523,10363,152
4b181a,SWR438A,1765911418,48.5471,6.7932,10058,152
4b181a,SWR438A,1765911449,48.4984,6.8315,9753,152
4b181a,SWR438A,1765911479,48.4525,6.8677,9448,152
4b181a,SWR438A,1765911509,48.4083,6.9022,9144,152
4b181a,SWR438A,1765911538,48.3657,6.9356,8839,152
4b181a,SWR438A,1765911567,48.324,6.9683,8229,152
4b181a,SWR438A,1765911597,48.2816,7.0013,8229,152
4b181a,SWR438A,1765911627,48.2404,7.0335,7924,152
4b181a,SWR438A,1765911657,48.1989,7.0658,7620,152
4b181a,SWR438A,1765911687,48.1582,7.0969,7315,153
4b181a,SWR438A,1765911718,48.1164,7.1276,7010,154
4b181a,SWR438A,1765911816,47.9888,7.2193,6705,154
4b181a,SWR438A,1765911836,47.9625,7.2381,6705,152
4b181a,SWR438A,1765911881,47.9052,7.2837,6400,151
4b181a,SWR438A,1765911938,47.8336,7.3406,6096,151
4b181a,SWR438A,1765911998,47.7584,7.4003,5791,151
4b181a,SWR438A,1765912057,47.6851,7.4583,5486,152
4b181a,SWR438A,1765912080,47.6568,7.4805,5486,151
4b181a,SWR438A,1765912084,47.6518,7.4847,5486,149
4b181a,SWR438A,1765912086,47.6495,7.4868,5486,147
4b181a,SWR438A,1765912088,47.6468,7.4896,5486,144
4b181a,SWR438A,1765912090,47.6448,7.4919,5486,142
4b181a,SWR438A,1765912092,47.6428,7.4944,5486,139
4b181a,SWR438A,1765912094,47.6402,7.4978,5486,137
4b181a,SWR438A,1765912095,47.6391,7.4995,5486,136
4b181a,SWR438A,1765912096,47.6381,7.501,5486,134
4b181a,SWR438A,1765912097,47.6372,7.5024,5486,133
4b181a,SWR438A,1765912098,47.6366,7.5034,5486,132
4b181a,SWR438A,1765912099,47.6357,7.505,5486,130
4b181a,SWR438A,1765912100,47.6345,7.5072,5486,129
4b181a,SWR438A,1765912101,47.6336,7.5089,5486,137
4b181a,SWR438A,1765912102,47.6329,7.5106,5486,126
4b181a,SWR438A,1765912103,47.632,7.5123,5486,124
4b181a,SWR438A,1765912104,47.6311,7.5144,5486,123
4b181a,SWR438A,1765912105,47.6303,7.5164,5486,121
4b181a,SWR438A,1765912106,47.6296,7.5182,5486,120
4b181a,SWR438A,1765912107,47.6289,7.5201,5486,118
4b181a,SWR438A,1765912108,47.6282,7.5223,5486,116
4b181a,SWR438A,1765912109,47.6277,7.5241,5486,115
4b181a,SWR438A,1765912110,47.6271,7.5261,5486,114
4b181a,SWR438A,1765912112,47.6259,7.5302,5486,111
4b181a,SWR438A,1765912115,47.6244,7.5362,5181,110
4b181a,SWR438A,1765912119,47.6223,7.5451,5181,109
4b181a,SWR438A,1765912124,47.62,7.5555,5181,106
4b181a,SWR438A,1765912126,47.6192,7.56,5181,105
4b181a,SWR438A,1765912128,47.6185,7.5647,5181,102
4b181a,SWR438A,1765912130,47.6179,7.5691,5181,100
4b181a,SWR438A,1765912132,47.6174,7.5733,5181,98
4b181a,SWR438A,1765912134,47.6172,7.5769,5181,96
4b181a,SWR438A,1765912136,47.6168,7.5828,5181,95
4b181a,SWR438A,1765912138,47.6167,7.586,5181,93
4b181a,SWR438A,1765912141,47.6166,7.594,5181,90
4b181a,SWR438A,1765912151,47.6168,7.617,4876,88
4b181a,SWR438A,1765912169,47.6177,7.6594,4572,88
4b181a,SWR438A,1765912192,47.6187,7.7151,3962,88
4b181a,SWR438A,1765912213,47.6197,7.7662,3962,88
4b181a,SWR438A,1765912233,47.6207,7.8146,3657,88
4b181a,SWR438A,1765912256,47.6216,7.8686,3352,88
4b181a,SWR438A,1765912277,47.6224,7.9171,3048,88
4b181a,SWR438A,1765912315,47.6238,8.0009,2743,88
4b181a,SWR438A,1765912345,47.6245,8.0592,2438,89
4b181a,SWR438A,1765912379,47.6255,8.1266,1828,88
4b181a,SWR438A,1765912414,47.6265,8.1961,1828,88
4b181a,SWR438A,1765912441,47.6266,8.2481,1524,90
4b181a,SWR438A,1765912464,47.6261,8.2939,1524,91
4b181a,SWR438A,1765912467,47.6259,8.2997,1524,94
4b181a,SWR438A,1765912469,47.6255,8.304,1524,96
4b181a,SWR438A,1765912470,47.6254,8.3049,1524,97
4b181a,SWR438A,1765912472,47.6249,8.3096,1524,100
4b181a,SWR438A,1765912473,47.6246,8.3112,1524,102
4b181a,SWR438A,1765912474,47.6243,8.3131,1524,103
4b181a,SWR438A,1765912476,47.6236,8.3166,1524,105
4b181a,SWR438A,1765912478,47.6228,8.3202,1524,107
4b181a,SWR438A,1765912481,47.6217,8.3251,1219,110
4b181a,SWR438A,1765912486,47.6192,8.3343,1219,111
4b181a,SWR438A,1765912491,47.6167,8.343,1219,114
4b181a,SWR438A,1765912492,47.6163,8.3443,1219,115
4b181a,SWR438A,1765912494,47.6152,8.3474,1219,117
4b181a,SWR438A,1765912495,47.6145,8.3491,1219,119
4b181a,SWR438A,1765912496,47.614,8.3505,1219,120
4b181a,SWR438A,1765912497,47.6134,8.3519,1219,122
4b181a,SWR438A,1765912498,47.6124,8.3541,1219,123
4b181a,SWR438A,1765912499,47.6117,8.3555,1219,125
4b181a,SWR438A,1765912500,47.611,8.3569,1219,126
4b181a,SWR438A,1765912501,47.6102,8.3584,1219,127
4b181a,SWR438A,1765912503,47.6087,8.3611,1219,129
4b181a,SWR438A,1765912504,47.6079,8.3624,1219,130
4b181a,SWR438A,1765912506,47.6064,8.3649,1219,132
4b181a,SWR438A,1765912510,47.6028,8.3703,1219,134
4b181a,SWR438A,1765912524,47.5915,8.3864,914,136
4b181a,SWR438A,1765912591,47.5412,8.4552,609,137
4b181a,SWR438A,1765912655,47.5058,8.5037,304,137
4b181a,SWR438A,1765912802,47.4628,8.5589,304,137
4bb856,PGT1983,1765909535,35.1508,33.5088,0,292
4bb856,PGT1983,1765909536,35.1512,33.5076,0,291
4bb856,PGT1983,1765909546,35.1532,33.5007,304,289
4bb856,PGT1983,1765909547,35.1534,33.5,304,289
4bb856,PGT1983,1765909549,35.1539,33.4986,304,292
4bb856,PGT1983,1765909551,35.1542,33.4975,304,294
4bb856,PGT1983,1765909553,35.1548,33.4962,304,296
4bb856,PGT1983,1765909555,35.1555,33.4946,304,298
4bb856,PGT1983,1765909557,35.1561,33.4933,304,300
4bb856,PGT1983,1765909559,35.1567,33.4922,304,302
4bb856,PGT1983,1765909561,35.1573,33.4909,304,303
4bb856,PGT1983,1765909564,35.1585,33.4889,304,305
4bb856,PGT1983,1765909568,35.1601,33.4863,304,307
4bb856,PGT1983,1765909573,35.1623,33.4831,304,310
4bb856,PGT1983,1765909580,35.1656,33.4785,609,312
4bb856,PGT1983,1765909588,35.17,33.4729,609,314
4bb856,PGT1983,1765909610,35.1832,33.4571,914,316
4bb856,PGT1983,1765909633,35.1992,33.4379,1219,315
4bb856,PGT1983,1765909649,35.2107,33.4237,1524,314
4bb856,PGT1983,1765909660,35.2187,33.4136,1524,315
4bb856,PGT1983,1765909662,35.2201,33.4119,1524,317
4bb856,PGT1983,1765909663,35.2209,33.4111,1524,319
4bb856,PGT1983,1765909664,35.2218,33.4102,1524,320
4bb856,PGT1983,1765909665,35.2226,33.4095,1524,323
4bb856,PGT1983,1765909666,35.2235,33.4087,1828,325
4bb856,PGT1983,1765909667,35.2244,33.4081,1828,327
4bb856,PGT1983,1765909668,35.2255,33.4073,1828,329
4bb856,PGT1983,1765909669,35.2265,33.4066,1828,331
4bb856,PGT1983,1765909670,35.2275,33.4061,1828,334
4bb856,PGT1983,1765909671,35.2284,33.4055,1828,335
4bb856,PGT1983,1765909672,35.2293,33.4051,1828,337
4bb856,PGT1983,1765909673,35.2303,33.4046,1828,338
4bb856,PGT1983,1765909674,35.2313,33.4042,1828,340
4bb856,PGT1983,1765909675,35.2324,33.4038,1828,341
4bb856,PGT1983,1765909677,35.2344,33.403,1828,343
4bb856,PGT1983,1765909679,35.2365,33.4024,1828,344
4bb856,PGT1983,1765909689,35.2462,33.3995,2438,346
4bb856,PGT1983,1765909705,35.2622,33.3942,2743,344
4bb856,PGT1983,1765909711,35.2682,33.3923,2743,346
4bb856,PGT1983,1765909713,35.2705,33.3917,2743,348
4bb856,PGT1983,1765909715,35.2726,33.3913,2743,350
4bb856,PGT1983,1765909717,35.2746,33.3909,2743,352
4bb856,PGT1983,1765909719,35.2766,33.3907,2743,354
4bb856,PGT1983,1765909722,35.2798,33.3904,3048,355
4bb856,PGT1983,1765909752,35.3137,33.3885,3352,357
4bb856,PGT1983,1765909757,35.3203,33.3881,3352,357
4bb856,PGT1983,1765909760,35.3242,33.3878,3352,354
4bb856,PGT1983,1765909762,35.3269,33.3873,3352,352
4bb856,PGT1983,1765909763,35.3283,33.387,3352,350
4bb856,PGT1983,1765909764,35.329,33.3869,3352,349
4bb856,PGT1983,1765909765,35.3305,33.3865,3352,347
4bb856,PGT1983,1765909766,35.3319,33.3861,3352,345
4bb856,PGT1983,1765909767,35.3332,33.3856,3352,344
4bb856,PGT1983,1765909769,35.3357,33.3846,3352,342
4bb856,PGT1983,1765909770,35.3369,33.3841,3352,340
4bb856,PGT1983,1765909771,35.3386,33.3832,3352,337
4bb856,PGT1983,1765909772,35.3399,33.3825,3352,337
4bb856,PGT1983,1765909773,35.3405,33.3822,3352,333
4bb856,PGT1983,1765909775,35.3431,33.3804,3352,331
4bb856,PGT1983,1765909778,35.3469,33.3777,3352,328
4bb856,PGT1983,1765909789,35.3606,33.3669,3657,326
4bb856,PGT1983,1765909807,35.3828,33.3489,3962,326
4bb856,PGT1983,1765909823,35.4031,33.3326,3962,326
4bb856,PGT1983,1765909837,35.4203,33.3188,4572,327
4bb856,PGT1983,1765909852,35.4385,33.3046,4876,327
4bb856,PGT1983,1765909872,35.4625,33.2858,5181,327
4bb856,PGT1983,1765909894,35.4911,33.2636,5486,327
4bb856,PGT1983,1765909918,35.5224,33.2392,5791,327
4bb856,PGT1983,1765909943,35.5557,33.2132,6096,327
4bb856,PGT1983,1765909965,35.5847,33.1905,6400,327
4bb856,PGT1983,1765909992,35.6222,33.1613,6705,327
4bb856,PGT1983,1765910014,35.6525,33.1376,7010,327
4bb856,PGT1983,1765910037,35.684,33.113,7315,327
4bb856,PGT1983,1765910063,35.7202,33.0846,7620,327
4bb856,PGT1983,1765910086,35.7521,33.0596,7924,327
4bb856,PGT1983,1765910112,35.7871,33.0321,8229,327
4bb856,PGT1983,1765910148,35.8362,32.9936,8229,327
4bb856,PGT1983,1765910189,35.8935,32.9487,8839,327
4bb856,PGT1983,1765910226,35.9445,32.9085,9144,327
4bb856,PGT1983,1765910270,36.0063,32.8596,9448,327
4bb856,PGT1983,1765910314,36.0689,32.81,9753,327
4bb856,PGT1983,1765910376,36.1577,32.7397,10058,327
4bb856,PGT1983,1765910394,36.1837,32.719,10363,327
4bb856,PGT1983,1765910460,36.2768,32.6453,10668,327
4bb856,PGT1983,1765910518,36.3615,32.5777,10972,326
4bb856,PGT1983,1765910581,36.4523,32.5045,11277,327
4bb856,PGT1983,1765910670,36.5784,32.4038,11582,327
4bb856,PGT1983,1765910672,36.5812,32.4015,11277,327
4bb856,PGT1983,1765910674,36.5839,32.3994,11582,327
4bb856,PGT1983,1765910675,36.5855,32.3981,11277,327
4bb856,PGT1983,1765910676,36.5868,32.3971,11582,327
4bb856,PGT1983,1765910681,36.5938,32.3914,11277,327
4bb856,PGT1983,1765910682,36.5951,32.3904,11582,327
4bb856,PGT1983,1765910714,36.6398,32.3544,11277,326
4bb856,PGT1983,1765910715,36.6413,32.3532,11582,326
4bb856,PGT1983,1765910716,36.6426,32.3521,11277,326
4bb856,PGT1983,1765910717,36.6442,32.3508,11582,326
4bb856,PGT1983,1765910718,36.6457,32.3496,11277,326
4bb856,PGT1983,1765910719,36.6469,32.3486,11582,327
4bb856,PGT1983,1765910720,36.6482,32.3476,11277,327
4bb856,PGT1983,1765910723,36.6526,32.344,11582,327
4bb856,PGT1983,1765910724,36.6534,32.3434,11277,327
4bb856,PGT1983,1765910727,36.6579,32.3398,11582,327
4bb856,PGT1983,1765910728,36.6594,32.3387,11277,327
4bb856,PGT1983,1765910730,36.6621,32.3365,11582,327
4bb856,PGT1983,1765910735,36.6695,32.3305,11277,326
4bb856,PGT1983,1765910737,36.6717,32.3287,11582,327
4bb856,PGT1983,1765910741,36.6773,32.3242,11277,327
4bb856,PGT1983,1765910743,36.6801,32.3219,11582,326
4bb856,PGT1983,1765910746,36.6845,32.3183,11277,326
4bb856,PGT1983,1765910748,36.6873,32.3161,11582,326
4bb856,PGT1983,1765910751,36.6917,32.3126,11277,327
4bb856,PGT1983,1765910752,36.6928,32.3116,11582,327
4bb856,PGT1983,1765910764,36.7101,32.2977,11277,326
4bb856,PGT1983,1765910765,36.7115,32.2965,11582,326
4bb856,PGT1983,1765910779,36.7313,32.2804,11277,326
4bb856,PGT1983,1765910780,36.7328,32.2792,11582,326
4bb856,PGT1983,1765910781,36.7343,32.278,11277,326
4bb856,PGT1983,1765910782,36.7352,32.2773,11582,326
4bb856,PGT1983,1765910783,36.7374,32.2755,11277,326
4bb856,PGT1983,1765910987,37.0312,32.0366,11582,326
4bb856,PGT1983,1765910991,37.0369,32.032,11277,326
4bb856,PGT1983,1765910992,37.0382,32.0309,11582,326
4bb856,PGT1983,1765911200,37.3464,31.7778,11277,326
4bb856,PGT1983,1765911201,37.3485,31.7762,11582,326
4bb856,PGT1983,1765911203,37.3507,31.7744,11277,326
4bb856,PGT1983,1765911204,37.3529,31.7725,11582,326
4bb856,PGT1983,1765911206,37.3559,31.7701,11277,326
4bb856,PGT1983,1765911213,37.3666,31.7612,11582,326
4bb856,PGT1983,1765911214,37.3683,31.7598,11277,326
4bb856,PGT1983,1765911219,37.375,31.7542,11582,326
4bb856,PGT1983,1765911220,37.3774,31.7523,11277,326
4bb856,PGT1983,1765911224,37.3832,31.7474,11582,326
4bb856,PGT1983,1765911225,37.3839,31.7469,11277,326
4bb856,PGT1983,1765911226,37.3861,31.7451,11582,326
4bb856,PGT1983,1765911260,37.4385,31.7017,11277,326
4bb856,PGT1983,1765911261,37.4399,31.7005,11582,326
4bb856,PGT1983,1765911273,37.4581,31.6855,11277,326
4bb856,PGT1983,1765911276,37.462,31.6822,11582,326
4bb856,PGT1983,1765911277,37.4635,31.681,11277,326
4bb856,PGT1983,1765911282,37.4717,31.6743,11582,326
4bb856,PGT1983,1765911283,37.4731,31.6731,11277,326
4bb856,PGT1983,1765911284,37.4744,31.6721,11582,326
4bb856,PGT1983,1765911285,37.4759,31.6708,11277,326
4bb856,PGT1983,1765911289,37.4821,31.6657,11582,326
4bb856,PGT1983,1765911290,37.483,31.665,11277,326
4bb856,PGT1983,1765911292,37.4866,31.6621,11582,326
4bb856,PGT1983,1765911293,37.4874,31.6614,11277,326
4bb856,PGT1983,1765911294,37.4896,31.6596,11582,326
4bb856,PGT1983,1765911295,37.4902,31.6591,11277,326
4bb856,PGT1983,1765911296,37.4919,31.6577,11582,326
4bb856,PGT1983,1765911298,37.4952,31.655,11277,326
4bb856,PGT1983,1765911300,37.4981,31.6526,11582,326
4bb856,PGT1983,1765911302,37.5012,31.65,11277,326
4bb856,PGT1983,1765911305,37.5055,31.6465,11582,326
4bb856,PGT1983,1765911307,37.5088,31.6438,11277,326
4bb856,PGT1983,1765911311,37.5135,31.64,11582,326
4bb856,PGT1983,1765911313,37.5173,31.6368,11277,326
4bb856,PGT1983,1765911314,37.5188,31.6356,11582,326
4bb856,PGT1983,1765911353,37.5775,31.5871,11277,326
4bb856,PGT1983,1765911354,37.5791,31.5858,11582,326
4bb856,PGT1983,1765911355,37.5807,31.5845,11277,326
4bb856,PGT1983,1765911359,37.5862,31.5799,11582,326
4bb856,PGT1983,1765911360,37.5877,31.5786,11277,326
4bb856,PGT1983,1765911363,37.5922,31.5749,11582,326
4bb856,PGT1983,1765911364,37.5936,31.5737,11277,326
4bb856,PGT1983,1765911366,37.5966,31.5712,11582,326
4bb856,PGT1983,1765911367,37.5981,31.57,11277,326
4bb856,PGT1983,1765911369,37.6016,31.5671,11582,326
4bb856,PGT1983,1765911370,37.6032,31.5657,11277,326
4bb856,PGT1983,1765911373,37.6075,31.5621,11582,326
4bb856,PGT1983,1765911375,37.6102,31.5599,11277,326
4bb856,PGT1983,1765911378,37.615,31.5558,11582,326
4bb856,PGT1983,1765911416,37.6721,31.5082,11277,326
4bb856,PGT1983,1765911417,37.6729,31.5076,11582,326
4bb856,PGT1983,1765911420,37.6782,31.5031,11277,326
4bb856,PGT1983,1765911422,37.6811,31.5007,11582,326
4bb856,PGT1983,1765911429,37.6907,31.4927,11277,326
4bb856,PGT1983,1765911430,37.693,31.4908,11582,326
4bb856,PGT1983,1765911577,37.9158,31.3042,11277,326
4bb856,PGT1983,1765911578,37.9179,31.3024,11582,326
4bb856,PGT1983,1765911579,37.9203,31.3005,11277,326
4bb856,PGT1983,1765911580,37.921,31.2998,11582,326
4bb856,PGT1983,1765911581,37.9227,31.2984,11277,326
4bb856,PGT1983,1765911680,38.0742,31.171,11582,326
4bb856,PGT1983,1765911942,38.4716,30.8331,11277,325
4bb856,PGT1983,1765912055,38.6376,30.6904,11582,326
4bb856,PGT1983,1765912056,38.6384,30.6898,11277,326
4bb856,PGT1983,1765912057,38.6406,30.6879,11582,326
4bb856,PGT1983,1765912076,38.6687,30.6638,11277,325
4bb856,PGT1983,1765912077,38.6693,30.6632,11582,325
4bb856,PGT1983,1765912159,38.7889,30.5601,11582,326
4bb856,PGT1983,1765912170,38.8048,30.5474,11582,328
4bb856,PGT1983,1765912178,38.8172,30.5384,11582,331
4bb856,PGT1983,1765912241,38.9165,30.475,11277,333
4bb856,PGT1983,1765912243,38.9202,30.4727,11582,333
4bb856,PGT1983,1765912246,38.9235,30.4705,11277,333
4bb856,PGT1983,1765912248,38.9286,30.4672,11582,333
4bb856,PGT1983,1765912291,38.9965,30.4237,11277,333
4bb856,PGT1983,1765912292,38.999,30.4221,11582,333
4bb856,PGT1983,1765912299,39.0098,30.4152,11277,333
4bb856,PGT1983,1765912300,39.0105,30.4147,11582,333
4bb856,PGT1983,1765912304,39.0181,30.4099,11277,333
4bb856,PGT1983,1765912308,39.0237,30.4063,11582,333
4bb856,PGT1983,1765912310,39.0277,30.4036,11277,333
4bb856,PGT1983,1765912312,39.0306,30.4018,11582,333
4bb856,PGT1983,1765912313,39.0315,30.4012,11277,333
4bb856,PGT1983,1765912314,39.034,30.3996,11582,333
4bb856,PGT1983,1765912348,39.0878,30.3651,11277,333
4bb856,PGT1983,1765912414,39.1932,30.2972,10972,333
4bb856,PGT1983,1765912501,39.3295,30.2092,10668,333
4bb856,PGT1983,1765912544,39.3979,30.1648,10363,333
4bb856,PGT1983,1765912584,39.4627,30.1229,10363,334
4bb856,PGT1983,1765912604,39.496,30.1042,10058,336
4bb856,PGT1983,1765912666,39.6009,30.0459,9753,336
4bb856,PGT1983,1765912728,39.7071,29.9866,9448,336
4bb856,PGT1983,1765912772,39.7827,29.9444,9144,336
4bb856,PGT1983,1765912786,39.8076,29.9304,8839,336
4bb856,PGT1983,1765912806,39.842,29.911,8229,336
4bb856,PGT1983,1765912837,39.8928,29.8823,8229,336
4bb856,PGT1983,1765912844,39.9051,29.8758,8229,339
4bb856,PGT1983,1765912846,39.9073,29.8749,8229,341
4bb856,PGT1983,1765912849,39.9123,29.873,8229,344
4bb856,PGT1983,1765912850,39.9148,29.8722,8229,346
4bb856,PGT1983,1765912851,39.9158,29.8719,8229,347
4bb856,PGT1983,1765912854,39.9206,29.8707,8229,349
4bb856,PGT1983,1765912855,39.922,29.8705,8229,351
4bb856,PGT1983,1765912856,39.9247,29.87,8229,352
4bb856,PGT1983,1765912860,39.931,29.8693,8229,354
4bb856,PGT1983,1765912862,39.9343,29.8691,8229,358
4bb856,PGT1983,1765912868,39.9444,29.8691,8229,0
4bb856,PGT1983,1765912897,39.993,29.8697,7924,0
4bb856,PGT1983,1765912922,40.035,29.8698,7924,0
4bb856,PGT1983,1765912924,40.0386,29.8698,7924,359
4bb856,PGT1983,1765912944,40.0724,29.8696,7620,359
4bb856,PGT1983,1765912993,40.1525,29.8693,7315,359
4bb856,PGT1983,1765912999,40.1634,29.8693,7315,0
4bb856,PGT1983,1765913021,40.1988,29.8693,7315,0
4bb856,PGT1983,1765913025,40.2051,29.8693,7315,359
4bb856,PGT1983,1765913039,40.2272,29.8692,7010,359
4bb856,PGT1983,1765913072,40.2817,29.869,7010,359
4bb856,PGT1983,1765913086,40.3038,29.869,6705,0
4bb856,PGT1983,1765913130,40.3746,29.869,6400,0
4bb856,PGT1983,1765913140,40.3905,29.869,6400,0
4bb856,PGT1983,1765913142,40.3927,29.8691,6400,2
4bb856,PGT1983,1765913144,40.3967,29.8695,6400,4
4bb856,PGT1983,1765913145,40.3981,29.8697,6400,5
4bb856,PGT1983,1765913147,40.4015,29.8703,6400,7
4bb856,PGT1983,1765913148,40.403,29.8706,6400,9
4bb856,PGT1983,1765913150,40.4053,29.8712,6400,10
4bb856,PGT1983,1765913152,40.4091,29.8724,6400,13
4bb856,PGT1983,1765913154,40.4123,29.8738,6400,13
4bb856,PGT1983,1765913156,40.4144,29.8747,6400,19
4bb856,PGT1983,1765913157,40.4167,29.8758,6400,20
4bb856,PGT1983,1765913158,40.4181,29.8766,6400,22
4bb856,PGT1983,1765913159,40.4195,29.8774,6400,23
4bb856,PGT1983,1765913162,40.4227,29.8794,6400,25
4bb856,PGT1983,1765913165,40.428,29.8834,6400,30
4bb856,PGT1983,1765913167,40.4307,29.8857,6400,33
4bb856,PGT1983,1765913168,40.4319,29.8867,6400,33
4bb856,PGT1983,1765913179,40.4451,29.8994,6096,36
4bb856,PGT1983,1765913214,40.4867,29.9379,6096,34
4bb856,PGT1983,1765913236,40.5114,29.96,6096,32
4bb856,PGT1983,1765913239,40.516,29.9635,6096,31
4bb856,PGT1983,1765913241,40.5185,29.965,6096,25
4bb856,PGT1983,1765913243,40.521,29.9662,6096,25
4bb856,PGT1983,1765913245,40.5224,29.9669,6096,17
4bb856,PGT1983,1765913250,40.5305,29.9691,6096,7
4bb856,PGT1983,1765913252,40.533,29.9695,6096,6
4bb856,PGT1983,1765913254,40.5344,29.9696,6096,4
4bb856,PGT1983,1765913255,40.5371,29.9696,6096,1
4bb856,PGT1983,1765913258,40.5399,29.9697,6096,0
4bb856,PGT1983,1765913259,40.5425,29.9696,6096,359
4bb856,PGT1983,1765913269,40.5567,29.9692,5791,358
4bb856,PGT1983,1765913314,40.6177,29.9683,5791,359
4bb856,PGT1983,1765913319,40.6243,29.9683,5791,0
4bb856,PGT1983,1765913320,40.6258,29.9683,5486,0
4bb856,PGT1983,1765913348,40.664,29.9684,5486,0
4bb856,PGT1983,1765913349,40.6653,29.9684,5486,359
4bb856,PGT1983,1765913353,40.6706,29.9681,5181,357
4bb856,PGT1983,1765913354,40.672,29.968,5181,355
4bb856,PGT1983,1765913355,40.6734,29.9678,5181,354
4bb856,PGT1983,1765913358,40.6767,29.9671,5181,351
4bb856,PGT1983,1765913359,40.6787,29.9666,5181,349
4bb856,PGT1983,1765913360,40.6802,29.9661,5181,349
4bb856,PGT1983,1765913362,40.6817,29.9656,5181,346
4bb856,PGT1983,1765913364,40.6849,29.9644,5181,344
4bb856,PGT1983,1765913366,40.6875,29.9633,5181,341
4bb856,PGT1983,1765913390,40.7185,29.9487,4876,340
4bb856,PGT1983,1765913449,40.7937,29.9135,4572,340
4bb856,PGT1983,1765913480,40.8332,29.8951,4572,338
4bb856,PGT1983,1765913481,40.8351,29.894,4572,336
4bb856,PGT1983,1765913482,40.8358,29.8936,4572,335
4bb856,PGT1983,1765913485,40.8394,29.8912,4572,333
4bb856,PGT1983,1765913486,40.8407,29.8901,4572,330
4bb856,PGT1983,1765913488,40.8425,29.8888,4572,329
4bb856,PGT1983,1765913489,40.843,29.8883,4572,326
4bb856,PGT1983,1765913490,40.8447,29.8868,4572,325
4bb856,PGT1983,1765913491,40.8457,29.8859,4572,323
4bb856,PGT1983,1765913492,40.8476,29.8839,4572,322
4bb856,PGT1983,1765913493,40.8482,29.8834,4572,321
4bb856,PGT1983,1765913495,40.851,29.88,4572,319
4bb856,PGT1983,1765913496,40.8516,29.8793,4572,316
4bb856,PGT1983,1765913498,40.8535,29.8768,4572,313
4bb856,PGT1983,1765913499,40.8549,29.8748,4572,313
4bb856,PGT1983,1765913500,40.8558,29.8733,4572,310
4bb856,PGT1983,1765913501,40.8562,29.8726,4572,310
4bb856,PGT1983,1765913502,40.8574,29.8706,4572,307
4bb856,PGT1983,1765913504,40.8586,29.8685,4572,304
4bb856,PGT1983,1765913505,40.8594,29.8669,3962,303
4bb856,PGT1983,1765913507,40.861,29.8635,3962,300
4bb856,PGT1983,1765913509,40.8628,29.8592,3962,298
4bb856,PGT1983,1765913510,40.8634,29.8576,3962,295
4bb856,PGT1983,1765913511,40.8637,29.8566,3962,294
4bb856,PGT1983,1765913513,40.8652,29.8518,3962,291
4bb856,PGT1983,1765913514,40.8656,29.8503,3962,289
4bb856,PGT1983,1765913516,40.8663,29.8473,3962,288
4bb856,PGT1983,1765913518,40.8673,29.8428,3962,283
4bb856,PGT1983,1765913520,40.8677,29.8398,3962,281
4bb856,PGT1983,1765913521,40.868,29.8378,3962,278
4bb856,PGT1983,1765913523,40.8685,29.8328,3962,278
4bb856,PGT1983,1765913524,40.8686,29.8307,3962,274
4bb856,PGT1983,1765913526,40.8687,29.8267,3962,272
4bb856,PGT1983,1765913530,40.8687,29.8183,3962,268
4bb856,PGT1983,1765913552,40.8673,29.7737,3962,267
4bb856,PGT1983,1765913568,40.8666,29.7428,3962,268
4bb856,PGT1983,1765913584,40.8663,29.7116,3962,271
4bb856,PGT1983,1765913587,40.8664,29.7058,3962,272
4bb856,PGT1983,1765913604,40.8685,29.6722,3657,274
4bb856,PGT1983,1765913665,40.8754,29.5614,3352,274
4bb856,PGT1983,1765913726,40.8826,29.4555,3048,275
4bb856,PGT1983,1765913780,40.8886,29.3641,2743,274
4bb856,PGT1983,1765913824,40.8934,29.2904,2438,275
4bb856,PGT1983,1765913866,40.8981,29.2188,1828,274
4bb856,PGT1983,1765913905,40.9023,29.1503,1828,274
4bb856,PGT1983,1765913953,40.9073,29.0707,1524,274
4bb856,PGT1983,1765913984,40.9103,29.0207,1524,274
4bb856,PGT1983,1765913988,40.9105,29.0146,1524,271
4bb856,PGT1983,1765913990,40.9104,29.0114,1524,268
4bb856,PGT1983,1765913991,40.9104,29.0098,1524,267
4bb856,PGT1983,1765913992,40.9103,29.0084,1524,265
4bb856,PGT1983,1765913993,40.9102,29.0069,1524,264
4bb856,PGT1983,1765913994,40.91,29.0054,1524,262
4bb856,PGT1983,1765913996,40.9097,29.0026,1524,259
4bb856,PGT1983,1765913997,40.9094,29.001,1524,259
4bb856,PGT1983,1765913998,40.9091,28.9996,1524,257
4bb856,PGT1983,1765914001,40.9083,28.9954,1524,255
4bb856,PGT1983,1765914027,40.8997,28.9563,1524,253
4bb856,PGT1983,1765914062,40.8933,28.9048,1524,256
4bb856,PGT1983,1765914066,40.8946,28.8991,1524,287
4bb856,PGT1983,1765914104,40.9084,28.8458,1219,287
4bb856,PGT1983,1765914150,40.9238,28.7823,1219,289
4bb856,PGT1983,1765914155,40.9261,28.7761,1219,297
4bb856,PGT1983,1765914161,40.9306,28.7689,1219,297
4bb856,PGT1983,1765914164,40.9327,28.7666,1219,323
4bb856,PGT1983,1765914165,40.9335,28.7658,1219,323
4bb856,PGT1983,1765914167,40.9359,28.7638,1219,325
4bb856,PGT1983,1765914172,40.9404,28.7606,1219,325
4bb856,PGT1983,1765914173,40.9413,28.7599,1219,332
4bb856,PGT1983,1765914184,40.9504,28.7537,1219,331
4bb856,PGT1983,1765914209,40.9721,28.7367,1219,329
4bb856,PGT1983,1765914215,40.9779,28.7338,1219,345
4bb856,PGT1983,1765914226,40.9881,28.733,1219,0
4bb856,PGT1983,1765914231,40.9928,28.733,1219,0
4bb856,PGT1983,1765914233,40.9947,28.733,1219,359
4bb856,PGT1983,1765914312,41.065,28.7317,914,359
4bb856,PGT1983,1765914366,41.1123,28.7307,609,359
4bb856,PGT1983,1765914430,41.1623,28.7297,304,358
4bb856,PGT1983,1765914500,41.2062,28.7289,304,359
4baa90,THY2GR,1765909171,41.3185,28.7699,304,37
4baa90,THY2GR,1765909188,41.3294,28.7815,609,38
4baa90,THY2GR,1765909230,41.3654,28.8132,914,38
4baa90,THY2GR,1765909233,41.3683,28.8154,914,38
4baa90,THY2GR,1765909235,41.3708,28.8173,914,29
4baa90,THY2GR,1765909240,41.3755,28.8207,914,28
4baa90,THY2GR,1765909242,41.3773,28.8218,914,25
4baa90,THY2GR,1765909244,41.3794,28.8229,914,25
4baa90,THY2GR,1765909245,41.3804,28.8234,914,21
4baa90,THY2GR,1765909247,41.3829,28.8244,1219,17
4baa90,THY2GR,1765909248,41.3839,28.8247,1219,15
4baa90,THY2GR,1765909249,41.3846,28.825,1219,13
4baa90,THY2GR,1765909250,41.3863,28.8254,1219,11
4baa90,THY2GR,1765909251,41.3875,28.8256,1219,10
4baa90,THY2GR,1765909253,41.3894,28.8258,1219,6
4baa90,THY2GR,1765909256,41.393,28.8259,1219,4
4baa90,THY2GR,1765909258,41.3947,28.8258,1219,359
4baa90,THY2GR,1765909259,41.3963,28.8256,1219,356
4baa90,THY2GR,1765909261,41.3986,28.8253,1219,354
4baa90,THY2GR,1765909265,41.4033,28.8243,1219,349
4baa90,THY2GR,1765909269,41.4084,28.8225,1219,347
4baa90,THY2GR,1765909270,41.409,28.8222,1219,343
4baa90,THY2GR,1765909272,41.4119,28.8209,1524,342
4baa90,THY2GR,1765909274,41.4134,28.8201,1524,338
4baa90,THY2GR,1765909275,41.4144,28.8195,1524,338
4baa90,THY2GR,1765909277,41.4172,28.8176,1524,334
4baa90,THY2GR,1765909278,41.4176,28.8174,1524,334
4baa90,THY2GR,1765909280,41.4199,28.8155,1524,330
4baa90,THY2GR,1765909281,41.4209,28.8146,1524,328
4baa90,THY2GR,1765909282,41.4214,28.8143,1524,327
4baa90,THY2GR,1765909284,41.4243,28.8115,1524,324
4baa90,THY2GR,1765909286,41.4256,28.81,1524,322
4baa90,THY2GR,1765909287,41.4266,28.8088,1524,319
4baa90,THY2GR,1765909288,41.4275,28.8075,1524,317
4baa90,THY2GR,1765909289,41.4288,28.8059,1524,316
4baa90,THY2GR,1765909291,41.43,28.804,1524,313
4baa90,THY2GR,1765909292,41.4307,28.803,1524,311
4baa90,THY2GR,1765909293,41.4319,28.801,1828,310
4baa90,THY2GR,1765909294,41.4326,28.7998,1828,308
4baa90,THY2GR,1765909316,41.4491,28.7703,1828,306
4baa90,THY2GR,1765909341,41.4681,28.7373,2438,307
4baa90,THY2GR,1765909364,41.4869,28.7047,2743,307
4baa90,THY2GR,1765909385,41.5036,28.6751,3048,306
4baa90,THY2GR,1765909432,41.5421,28.6019,3352,304
4baa90,THY2GR,1765909457,41.5639,28.5592,3657,304
4baa90,THY2GR,1765909484,41.5873,28.5139,3962,304
4baa90,THY2GR,1765909508,41.6092,28.4719,3962,304
4baa90,THY2GR,1765909536,41.6345,28.4234,4572,304
4baa90,THY2GR,1765909564,41.6607,28.373,4876,304
4baa90,THY2GR,1765909594,41.6886,28.3191,5181,304
4baa90,THY2GR,1765909623,41.716,28.2663,5486,304
4baa90,THY2GR,1765909653,41.7448,28.2104,5791,304
4baa90,THY2GR,1765909664,41.7556,28.1899,5791,305
4baa90,THY2GR,1765909669,41.7611,28.1804,5791,308
4baa90,THY2GR,1765909673,41.7654,28.1737,5791,310
4baa90,THY2GR,1765909687,41.7816,28.1501,6096,312
4baa90,THY2GR,1765909727,41.8283,28.0822,6400,312
4baa90,THY2GR,1765909759,41.8652,28.028,6705,312
4baa90,THY2GR,1765909798,41.9116,27.9596,7010,312
4baa90,THY2GR,1765909838,41.9598,27.8883,7315,312
4baa90,THY2GR,1765909874,42.0034,27.8237,7620,312
4baa90,THY2GR,1765909929,42.0702,27.7248,7924,312
4baa90,THY2GR,1765909979,42.132,27.6322,8229,310
4baa90,THY2GR,1765909983,42.1365,27.6245,8229,308
4baa90,THY2GR,1765910036,42.1967,27.5158,8229,306
4baa90,THY2GR,1765910099,42.2686,27.3858,8839,306
4baa90,THY2GR,1765910165,42.3455,27.246,9144,306
4baa90,THY2GR,1765910225,42.4156,27.1182,9448,306
4baa90,THY2GR,1765910291,42.4928,26.9766,9753,306
4baa90,THY2GR,1765910438,42.6666,26.6554,9448,306
4baa90,THY2GR,1765910439,42.6678,26.6532,9753,306
4baa90,THY2GR,1765910444,42.6736,26.6425,9448,306
4baa90,THY2GR,1765910491,42.7293,26.5389,9753,306
4baa90,THY2GR,1765910492,42.7299,26.5379,9448,306
4baa90,THY2GR,1765910496,42.7347,26.5289,9753,306
4baa90,THY2GR,1765910502,42.7422,26.5149,9448,306
4baa90,THY2GR,1765910596,42.8526,26.3082,9753,305
4baa90,THY2GR,1765910597,42.8537,26.3063,9448,305
4baa90,THY2GR,1765910603,42.8607,26.293,9753,305
4baa90,THY2GR,1765910604,42.862,26.2905,9448,305
4baa90,THY2GR,1765910608,42.8663,26.2824,9753,305
4baa90,THY2GR,1765910609,42.8676,26.28,9448,305
4baa90,THY2GR,1765910611,42.87,26.2756,9753,305
4baa90,THY2GR,1765910612,42.8713,26.2732,9448,305
4baa90,THY2GR,1765910613,42.8725,26.2709,9753,305
4baa90,THY2GR,1765910617,42.8768,26.2628,9448,305
4baa90,THY2GR,1765910618,42.8779,26.2606,9753,305
4baa90,THY2GR,1765911017,43.3465,25.3655,9448,305
4baa90,THY2GR,1765911018,43.3477,25.3632,9753,305
4baa90,THY2GR,1765911020,43.35,25.3587,9448,305
4baa90,THY2GR,1765911022,43.3522,25.3544,9753,305
4baa90,THY2GR,1765911024,43.3544,25.35,9448,305
4baa90,THY2GR,1765911025,43.3555,25.348,9753,305
4baa90,THY2GR,1765911026,43.3566,25.3458,9448,305
4baa90,THY2GR,1765911028,43.3595,25.3403,9753,305
4baa90,THY2GR,1765911030,43.3617,25.336,9448,305
4baa90,THY2GR,1765911031,43.3629,25.3335,9753,305
4baa90,THY2GR,1765911032,43.364,25.3315,9448,305
4baa90,THY2GR,1765911043,43.3767,25.3067,9753,305
4baa90,THY2GR,1765911044,43.378,25.3043,9448,305
4baa90,THY2GR,1765911045,43.3793,25.3018,9753,305
4baa90,THY2GR,1765911181,43.5367,24.994,9753,305
4baa90,THY2GR,1765911187,43.5444,24.9802,9753,307
4baa90,THY2GR,1765911192,43.5504,24.9703,9753,310
4baa90,THY2GR,1765911265,43.6488,24.8213,9448,312
4baa90,THY2GR,1765911266,43.6495,24.8203,9753,312
4baa90,THY2GR,1765911268,43.6523,24.816,9448,312
4baa90,THY2GR,1765911270,43.6551,24.8117,9753,312
4baa90,THY2GR,1765911271,43.6562,24.8101,9448,312
4baa90,THY2GR,1765911412,43.8451,24.5208,9753,311
4baa90,THY2GR,1765911413,43.8463,24.519,9448,311
4baa90,THY2GR,1765911416,43.8502,24.513,9753,311
4baa90,THY2GR,1765911484,43.9413,24.3724,10058,311
4baa90,THY2GR,1765911546,44.0222,24.2471,10363,311
4baa90,THY2GR,1765911609,44.1039,24.1202,10668,311
4baa90,THY2GR,1765911698,44.2176,23.9423,10972,311
4baa90,THY2GR,1765911717,44.2418,23.9044,10668,311
4baa90,THY2GR,1765911718,44.243,23.9023,10972,311
4baa90,THY2GR,1765911719,44.2442,23.9005,10668,311
4baa90,THY2GR,1765911720,44.2456,23.8983,10972,311
4baa90,THY2GR,1765912185,44.8382,22.9508,10668,310
4baa90,THY2GR,1765912186,44.8396,22.9486,10972,310
4baa90,THY2GR,1765912193,44.8487,22.9339,10668,310
4baa90,THY2GR,1765912194,44.8493,22.9328,10972,310
4baa90,THY2GR,1765912196,44.8525,22.9277,10668,310
4baa90,THY2GR,1765912197,44.8539,22.9254,10972,310
4baa90,THY2GR,1765912201,44.8588,22.9175,10668,310
4baa90,THY2GR,1765912203,44.8614,22.9132,10972,310
4baa90,THY2GR,1765912209,44.8688,22.9011,10668,310
4baa90,THY2GR,1765912210,44.8699,22.8993,10972,310
4baa90,THY2GR,1765912212,44.8726,22.8949,10668,310
4baa90,THY2GR,1765912216,44.8777,22.8866,10972,310
4baa90,THY2GR,1765912218,44.8794,22.8839,10668,310
4baa90,THY2GR,1765912220,44.8829,22.878,10972,310
4baa90,THY2GR,1765912221,44.884,22.8764,10668,310
4baa90,THY2GR,1765912231,44.895,22.8583,10972,310
4baa90,THY2GR,1765912236,44.903,22.8452,10668,310
4baa90,THY2GR,1765912270,44.9467,22.774,10972,310
4baa90,THY2GR,1765912272,44.9486,22.7709,10668,310
4baa90,THY2GR,1765912274,44.9521,22.7652,10972,310
4baa90,THY2GR,1765912276,44.9545,22.7613,10668,310
4baa90,THY2GR,1765912284,44.964,22.7458,10972,310
4baa90,THY2GR,1765912287,44.9684,22.7384,10668,310
4baa90,THY2GR,1765912291,44.9726,22.7315,10972,310
4baa90,THY2GR,1765912912,45.7646,21.4025,10668,309
4baa90,THY2GR,1765912913,45.7661,21.4001,10972,309
4baa90,THY2GR,1765912923,45.7791,21.3778,10668,309
4baa90,THY2GR,1765912924,45.7804,21.3754,10972,309
4baa90,THY2GR,1765912934,45.7922,21.3553,10668,309
4baa90,THY2GR,1765912935,45.7935,21.3531,10972,309
4baa90,THY2GR,1765913062,45.9563,21.0708,10972,308
4baa90,THY2GR,1765913067,45.962,21.0597,10972,306
4baa90,THY2GR,1765913072,45.9672,21.0485,10972,303
4baa90,THY2GR,1765913077,45.9728,21.0354,10972,301
4baa90,THY2GR,1765913372,46.265,20.2988,10668,299
4baa90,THY2GR,1765913373,46.2656,20.2974,10972,299
4baa90,THY2GR,1765913374,46.2668,20.2941,10668,299
4baa90,THY2GR,1765913478,46.3693,20.0311,10972,299
4baa90,THY2GR,1765913479,46.3702,20.0288,10668,299
4baa90,THY2GR,1765913480,46.3711,20.0265,10972,299
4baa90,THY2GR,1765913633,46.524,19.6299,10668,299
4baa90,THY2GR,1765913634,46.5249,19.6276,10972,299
4baa90,THY2GR,1765913640,46.5308,19.612,10668,298
4baa90,THY2GR,1765913641,46.5318,19.6094,10972,298
4baa90,THY2GR,1765913644,46.5348,19.6017,10668,298
4baa90,THY2GR,1765913645,46.5357,19.5993,10972,298
4baa90,THY2GR,1765913646,46.5368,19.5965,10668,298
4baa90,THY2GR,1765913649,46.5399,19.5885,10972,298
4baa90,THY2GR,1765913650,46.5409,19.5856,10668,298
4baa90,THY2GR,1765913652,46.5429,19.5805,10972,298
4baa90,THY2GR,1765913655,46.546,19.5724,10668,298
4baa90,THY2GR,1765913656,46.5469,19.5701,10972,298
4baa90,THY2GR,1765913657,46.5478,19.5677,10668,298
4baa90,THY2GR,1765913660,46.5508,19.5597,10972,298
4baa90,THY2GR,1765913661,46.5516,19.5577,10668,299
4baa90,THY2GR,1765913785,46.6744,19.234,10972,298
4baa90,THY2GR,1765914080,46.9654,18.4506,10668,298
4baa90,THY2GR,1765914081,46.9666,18.4474,10972,298
4baa90,THY2GR,1765914121,47.0058,18.34,10668,298
4baa90,THY2GR,1765914122,47.0067,18.3376,10972,298
4baa90,THY2GR,1765914353,47.2303,17.7175,10668,297
4baa90,THY2GR,1765914355,47.2323,17.7119,10972,297
4baa90,THY2GR,1765914356,47.2331,17.7095,10668,297
4baa90,THY2GR,1765914535,47.402,17.2311,10972,297
4baa90,THY2GR,1765914702,47.5588,16.7788,10972,296
4baa90,THY2GR,1765914715,47.5701,16.7433,10972,294
4baa90,THY2GR,1765914798,47.6329,16.5125,10668,291
4baa90,THY2GR,1765914799,47.6336,16.5099,10972,291
4baa90,THY2GR,1765914800,47.6344,16.5072,10668,291
4baa90,THY2GR,1765914801,47.6352,16.5041,10972,291
4baa90,THY2GR,1765914804,47.6374,16.496,10668,291
4baa90,THY2GR,1765914807,47.6394,16.4888,10972,291
4baa90,THY2GR,1765914809,47.641,16.4829,10668,291
4baa90,THY2GR,1765914810,47.6417,16.4802,10972,291
4baa90,THY2GR,1765914812,47.6433,16.4743,10668,291
4baa90,THY2GR,1765914813,47.6443,16.4707,10972,291
4baa90,THY2GR,1765914979,47.7678,16.0096,10668,291
4baa90,THY2GR,1765915112,47.8653,15.6383,10972,291
4baa90,THY2GR,1765915113,47.866,15.6355,10668,291
4baa90,THY2GR,1765915114,47.8671,15.6313,10972,291
4baa90,THY2GR,1765915330,48.0239,15.0227,10668,290
4baa90,THY2GR,1765915331,48.0246,15.0199,10972,290
4baa90,THY2GR,1765915333,48.0263,15.0134,10668,290
4baa90,THY2GR,1765915334,48.0269,15.0109,10972,290
4baa90,THY2GR,1765915335,48.0277,15.0078,10668,290
4baa90,THY2GR,1765915388,48.0652,14.8597,10972,290
4baa90,THY2GR,1765915389,48.066,14.8566,10668,290
4baa90,THY2GR,1765915391,48.0674,14.851,10972,290
4baa90,THY2GR,1765915392,48.0681,14.8482,10668,290
4baa90,THY2GR,1765915393,48.0688,14.8456,10972,290
4baa90,THY2GR,1765915407,48.0788,14.806,10668,290
4baa90,THY2GR,1765915408,48.0796,14.8029,10972,290
4baa90,THY2GR,1765915416,48.0851,14.7807,10668,290
4baa90,THY2GR,1765915417,48.0858,14.7782,10972,290
4baa90,THY2GR,1765915419,48.0873,14.7719,10668,290
4baa90,THY2GR,1765915420,48.0881,14.7689,10972,290
4baa90,THY2GR,1765915421,48.0888,14.7664,10668,290
4baa90,THY2GR,1765915422,48.0895,14.7635,10972,290
4baa90,THY2GR,1765915423,48.0902,14.7607,10668,290
4baa90,THY2GR,1765915424,48.0907,14.7585,10972,290
4baa90,THY2GR,1765915449,48.1083,14.6885,10668,290
4baa90,THY2GR,1765915478,48.1287,14.606,10972,290
4baa90,THY2GR,1765915479,48.1295,14.6029,10668,290
4baa90,THY2GR,1765915480,48.13,14.6009,10972,290
4baa90,THY2GR,1765915599,48.2132,14.2643,10668,290
4baa90,THY2GR,1765915603,48.216,14.2533,10972,290
4baa90,THY2GR,1765915604,48.2167,14.2505,10668,290
4baa90,THY2GR,1765915612,48.222,14.2288,10972,290
4baa90,THY2GR,1765915613,48.2228,14.2257,10668,290
4baa90,THY2GR,1765915615,48.2244,14.2192,10972,290
4baa90,THY2GR,1765915711,48.2904,13.9488,10668,289
4baa90,THY2GR,1765915712,48.2911,13.9457,10972,289
4baa90,THY2GR,1765915730,48.3034,13.895,10668,289
4baa90,THY2GR,1765915731,48.3038,13.8933,10972,289
4baa90,THY2GR,1765915775,48.3339,13.7682,10668,289
4baa90,THY2GR,1765915776,48.3346,13.7654,10972,289
4baa90,THY2GR,1765915778,48.336,13.7597,10668,289
4baa90,THY2GR,1765915779,48.3367,13.7566,10972,289
4baa90,THY2GR,1765915780,48.3373,13.754,10668,289
4baa90,THY2GR,1765915783,48.3394,13.7456,10972,289
4baa90,THY2GR,1765915784,48.34,13.7428,10668,289
4baa90,THY2GR,1765915830,48.371,13.6137,10972,289
4baa90,THY2GR,1765915831,48.3717,13.6106,10668,290
4baa90,THY2GR,1765915832,48.3723,13.6083,10972,290
4baa90,THY2GR,1765915833,48.373,13.6058,10668,290
4baa90,THY2GR,1765915836,48.3753,13.5971,10668,291
4baa90,THY2GR,1765915841,48.3793,13.5835,10668,294
4baa90,THY2GR,1765915845,48.383,13.5719,10668,295
4baa90,THY2GR,1765915850,48.3876,13.5587,10668,298
4baa90,THY2GR,1765915859,48.3971,13.5339,10972,300
4baa90,THY2GR,1765915861,48.3991,13.5289,10668,300
4baa90,THY2GR,1765915863,48.4012,13.5235,10972,300
4baa90,THY2GR,1765915865,48.4032,13.5182,10668,300
4baa90,THY2GR,1765915904,48.4429,13.4143,10972,299
4baa90,THY2GR,1765915905,48.4438,13.4119,10668,299
4baa90,THY2GR,1765915906,48.4454,13.4079,10972,299
4baa90,THY2GR,1765915907,48.4464,13.4052,10668,299
4baa90,THY2GR,1765915909,48.4479,13.4011,10972,299
4baa90,THY2GR,1765916237,48.7705,12.5066,10668,297
4baa90,THY2GR,1765916238,48.7718,12.5028,10972,297
4baa90,THY2GR,1765916240,48.7738,12.497,10668,297
4baa90,THY2GR,1765916241,48.7746,12.4948,10972,297
4baa90,THY2GR,1765916242,48.7755,12.4921,10668,297
4baa90,THY2GR,1765916263,48.7957,12.4343,10972,297
4baa90,THY2GR,1765916266,48.7984,12.4267,10668,298
4baa90,THY2GR,1765916268,48.8003,12.4212,10972,298
4baa90,THY2GR,1765916273,48.8052,12.4075,10668,298
4baa90,THY2GR,1765916274,48.8062,12.4048,10972,298
4baa90,THY2GR,1765916279,48.8109,12.3914,10668,298
4baa90,THY2GR,1765916280,48.8119,12.3887,10972,298
4baa90,THY2GR,1765916313,48.8437,12.2983,10668,297
4baa90,THY2GR,1765916359,48.8863,12.1716,10363,296
4baa90,THY2GR,1765916362,48.8888,12.164,10668,296
4baa90,THY2GR,1765916363,48.8896,12.1614,10363,296
4baa90,THY2GR,1765916399,48.9214,12.0618,10058,295
4baa90,THY2GR,1765916439,48.9556,11.9509,9753,294
4baa90,THY2GR,1765916451,48.9653,11.9193,9753,295
4baa90,THY2GR,1765916460,48.9738,11.8942,9753,297
4baa90,THY2GR,1765916490,49.0038,11.8139,9448,300
4baa90,THY2GR,1765916506,49.0198,11.7717,9448,299
4baa90,THY2GR,1765916529,49.0433,11.7091,9144,299
4baa90,THY2GR,1765916570,49.0838,11.5984,8839,298
4baa90,THY2GR,1765916608,49.1202,11.4972,8229,298
4baa90,THY2GR,1765916664,49.1731,11.3495,8229,298
4baa90,THY2GR,1765916716,49.2218,11.2128,7924,298
4baa90,THY2GR,1765916765,49.2676,11.084,7620,298
4baa90,THY2GR,1765916820,49.3182,10.9415,7315,298
4baa90,THY2GR,1765916988,49.4679,10.5123,7010,298
4baa90,THY2GR,1765917036,49.5096,10.3915,6705,297
4baa90,THY2GR,1765917077,49.5449,10.2887,6400,297
4baa90,THY2GR,1765917117,49.5786,10.1913,6096,297
4baa90,THY2GR,1765917157,49.6127,10.0914,5791,297
4baa90,THY2GR,1765917196,49.6446,9.9975,5486,297
4baa90,THY2GR,1765917238,49.6782,9.8982,5181,297
4baa90,THY2GR,1765917264,49.6981,9.8389,5181,296
4baa90,THY2GR,1765917269,49.7018,9.8262,5181,293
4baa90,THY2GR,1765917278,49.7072,9.8057,4876,291
4baa90,THY2GR,1765917318,49.7314,9.7107,4572,291
4baa90,THY2GR,1765917359,49.7555,9.617,3962,291
4baa90,THY2GR,1765917400,49.7791,9.525,3962,291
4baa90,THY2GR,1765917440,49.8017,9.436,3657,291
4baa90,THY2GR,1765917479,49.824,9.3486,3352,291
4baa90,THY2GR,1765917707,49.9512,8.8427,3048,291
4baa90,THY2GR,1765917756,49.9769,8.7382,3048,288
4baa90,THY2GR,1765917758,49.9775,8.7352,3048,286
4baa90,THY2GR,1765917759,49.978,8.7321,3048,285
4baa90,THY2GR,1765917760,49.9783,8.7298,3048,284
4baa90,THY2GR,1765917761,49.9786,8.7276,3048,282
4baa90,THY2GR,1765917762,49.9789,8.7252,3048,281
4baa90,THY2GR,1765917763,49.979,8.7235,3048,279
4baa90,THY2GR,1765917764,49.9792,8.7209,3048,277
4baa90,THY2GR,1765917765,49.9792,8.7201,2743,276
4baa90,THY2GR,1765917766,49.9793,8.7169,2743,274
4baa90,THY2GR,1765917767,49.9793,8.7158,2743,272
4baa90,THY2GR,1765917769,49.9792,8.7106,2743,269
4baa90,THY2GR,1765917770,49.9791,8.7082,2743,267
4baa90,THY2GR,1765917771,49.9789,8.7057,2743,265
4baa90,THY2GR,1765917772,49.9788,8.7047,2743,263
4baa90,THY2GR,1765917773,49.9785,8.7017,2743,261
4baa90,THY2GR,1765917774,49.9782,8.6996,2743,260
4baa90,THY2GR,1765917775,49.978,8.6984,2743,258
4baa90,THY2GR,1765917777,49.9771,8.6936,2743,256
4baa90,THY2GR,1765917778,49.9767,8.6916,2743,253
4baa90,THY2GR,1765917779,49.9763,8.6896,2743,252
4baa90,THY2GR,1765917781,49.9755,8.6862,2743,251
4baa90,THY2GR,1765917806,49.9632,8.6368,2438,248
4baa90,THY2GR,1765917903,49.919,8.4549,1828,249
4baa90,THY2GR,1765917946,49.9,8.3758,1828,249
4baa90,THY2GR,1765917984,49.8833,8.3067,1524,249
4baa90,THY2GR,1765917988,49.8819,8.3004,1524,251
4baa90,THY2GR,1765917990,49.881,8.2956,1524,253
4baa90,THY2GR,1765917991,49.8809,8.2947,1524,254
4baa90,THY2GR,1765917992,49.8806,8.2929,1524,256
4baa90,THY2GR,1765917993,49.8804,8.291,1524,258
4baa90,THY2GR,1765917994,49.8803,8.2891,1524,259
4baa90,THY2GR,1765917996,49.88,8.2853,1524,263
4baa90,THY2GR,1765917997,49.88,8.2835,1524,265
4baa90,THY2GR,1765917998,49.8799,8.2815,1524,267
4baa90,THY2GR,1765917999,49.88,8.2795,1524,269
4baa90,THY2GR,1765918000,49.88,8.2787,1524,249
4baa90,THY2GR,1765918002,49.8803,8.2739,1524,249
4baa90,THY2GR,1765918004,49.8807,8.2698,1524,278
4baa90,THY2GR,1765918005,49.881,8.268,1524,280
4baa90,THY2GR,1765918006,49.8813,8.2662,1524,282
4baa90,THY2GR,1765918008,49.882,8.2628,1524,286
4baa90,THY2GR,1765918009,49.8821,8.2622,1524,287
4baa90,THY2GR,1765918010,49.8825,8.2604,1524,289
4baa90,THY2GR,1765918011,49.8832,8.2579,1524,291
4baa90,THY2GR,1765918012,49.8836,8.2567,1524,293
4baa90,THY2GR,1765918013,49.8843,8.2544,1524,295
4baa90,THY2GR,1765918014,49.8849,8.2526,1524,297
4baa90,THY2GR,1765918017,49.8865,8.2487,1524,302
4baa90,THY2GR,1765918019,49.8883,8.245,1524,305
4baa90,THY2GR,1765918020,49.889,8.2438,1524,307
4baa90,THY2GR,1765918021,49.8897,8.2426,1524,309
4baa90,THY2GR,1765918022,49.8902,8.2417,1524,311
4baa90,THY2GR,1765918023,49.8913,8.24,1524,313
4baa90,THY2GR,1765918024,49.8921,8.2387,1524,315
4baa90,THY2GR,1765918025,49.8931,8.2374,1524,316
4baa90,THY2GR,1765918026,49.8936,8.2367,1524,318
4baa90,THY2GR,1765918027,49.8948,8.2352,1524,320
4baa90,THY2GR,1765918028,49.8953,8.2347,1524,322
4baa90,THY2GR,1765918029,49.8967,8.2332,1524,324
4baa90,THY2GR,1765918030,49.8972,8.2328,1524,326
4baa90,THY2GR,1765918031,49.8991,8.231,1524,328
4baa90,THY2GR,1765918032,49.9,8.2302,1219,329
4baa90,THY2GR,1765918033,49.9009,8.2295,1219,331
4baa90,THY2GR,1765918034,49.9021,8.2287,1219,333
4baa90,THY2GR,1765918036,49.9043,8.2273,1219,336
4baa90,THY2GR,1765918037,49.9052,8.2268,1219,337
4baa90,THY2GR,1765918039,49.9073,8.2257,1219,339
4baa90,THY2GR,1765918043,49.9119,8.2233,1219,342
4baa90,THY2GR,1765918052,49.9215,8.219,1219,344
4baa90,THY2GR,1765918055,49.9249,8.2179,1219,347
4baa90,THY2GR,1765918057,49.9273,8.2173,1219,349
4baa90,THY2GR,1765918059,49.9296,8.2169,1219,352
4baa90,THY2GR,1765918060,49.9306,8.2168,1219,353
4baa90,THY2GR,1765918061,49.931,8.2167,1219,355
4baa90,THY2GR,1765918063,49.9333,8.2167,1219,359
4baa90,THY2GR,1765918065,49.9357,8.2171,1219,3
4baa90,THY2GR,1765918067,49.9384,8.2176,1219,7
4baa90,THY2GR,1765918068,49.9394,8.218,1219,9
4baa90,THY2GR,1765918069,49.9405,8.2184,1219,11
4baa90,THY2GR,1765918071,49.9417,8.219,1219,13
4baa90,THY2GR,1765918071,49.9428,8.2195,1219,15
4baa90,THY2GR,1765918072,49.9438,8.2201,1219,17
4baa90,THY2GR,1765918073,49.9449,8.2208,1219,19
4baa90,THY2GR,1765918074,49.9459,8.2215,1219,21
4baa90,THY2GR,1765918075,49.9467,8.2222,1219,23
4baa90,THY2GR,1765918076,49.9478,8.2231,1219,25
4baa90,THY2GR,1765918077,49.9487,8.2239,1219,28
4baa90,THY2GR,1765918078,49.9497,8.225,1219,30
4baa90,THY2GR,1765918079,49.9507,8.226,1219,15
4baa90,THY2GR,1765918080,49.9516,8.2271,1219,34
4baa90,THY2GR,1765918081,49.9524,8.2281,1219,36
4baa90,THY2GR,1765918082,49.9531,8.2292,1219,38
4baa90,THY2GR,1765918083,49.954,8.2304,1219,41
4baa90,THY2GR,1765918084,49.9547,8.2318,1219,43
4baa90,THY2GR,1765918085,49.9555,8.2331,1219,46
4baa90,THY2GR,1765918086,49.9561,8.2345,1219,49
4baa90,THY2GR,1765918087,49.9566,8.2357,1219,52
4baa90,THY2GR,1765918088,49.9572,8.237,1219,54
4baa90,THY2GR,1765918089,49.9577,8.2385,1219,57
4baa90,THY2GR,1765918090,49.9582,8.2401,1219,60
4baa90,THY2GR,1765918091,49.9587,8.2416,1219,62
4baa90,THY2GR,1765918092,49.9591,8.2434,1219,65
4baa90,THY2GR,1765918093,49.9595,8.2449,1219,67
4baa90,THY2GR,1765918094,49.9598,8.2463,1219,68
4baa90,THY2GR,1765918095,49.9601,8.2478,1219,70
4baa90,THY2GR,1765918111,49.9653,8.2729,914,71
4baa90,THY2GR,1765918157,49.9807,8.3391,609,69
4baa90,THY2GR,1765918214,49.9981,8.4114,304,69
4baa90,THY2GR,1765918282,50.0151,8.4821,0,69
4baa90,THY2GR,1765918347,50.0298,8.5435,0,69
4d250b,WMT4429,1765913867,45.7898,23.7934,3048,270
4d250b,WMT4429,1765913876,45.79,23.7746,3352,270
4d250b,WMT4429,1765913892,45.7903,23.741,3657,270
4d250b,WMT4429,1765913907,45.7906,23.7117,3962,270
4d250b,WMT4429,1765913924,45.7911,23.6755,3962,270
4d250b,WMT4429,1765913941,45.7915,23.6402,4572,271
4d250b,WMT4429,1765913955,45.7921,23.6104,4572,273
4d250b,WMT4429,1765913960,45.7928,23.6004,4876,275
4d250b,WMT4429,1765913961,45.793,23.5982,4876,276
4d250b,WMT4429,1765913983,45.7977,23.5501,5181,278
4d250b,WMT4429,1765914005,45.8028,23.5008,5486,278
4d250b,WMT4429,1765914025,45.8076,23.4539,5791,278
4d250b,WMT4429,1765914047,45.8127,23.4031,6096,277
4d250b,WMT4429,1765914048,45.8129,23.4009,6096,277
4d250b,WMT4429,1765914053,45.8136,23.3897,6096,274
4d250b,WMT4429,1765914073,45.8154,23.3405,6400,272
4d250b,WMT4429,1765914096,45.8171,23.2829,6705,272
4d250b,WMT4429,1765914120,45.8191,23.2232,7010,272
4d250b,WMT4429,1765914143,45.821,23.1655,7315,272
4d250b,WMT4429,1765914167,45.8229,23.1055,7315,270
4d250b,WMT4429,1765914169,45.8228,23.0986,7620,268
4d250b,WMT4429,1765914173,45.8224,23.0899,7620,266
4d250b,WMT4429,1765914174,45.8222,23.0875,7620,263
4d250b,WMT4429,1765914176,45.8215,23.081,7620,261
4d250b,WMT4429,1765914177,45.8211,23.0782,7620,259
4d250b,WMT4429,1765914178,45.8209,23.0768,7620,258
4d250b,WMT4429,1765914180,45.8199,23.0708,7620,256
4d250b,WMT4429,1765914182,45.8189,23.0661,7620,253
4d250b,WMT4429,1765914184,45.8178,23.0612,7620,251
4d250b,WMT4429,1765914186,45.8164,23.056,7620,249
4d250b,WMT4429,1765914188,45.815,23.0514,7620,246
4d250b,WMT4429,1765914189,45.8142,23.0488,7620,245
4d250b,WMT4429,1765914191,45.8128,23.0448,7620,243
4d250b,WMT4429,1765914193,45.8112,23.0406,7620,242
4d250b,WMT4429,1765914194,45.8104,23.0385,7620,240
4d250b,WMT4429,1765914196,45.8089,23.0351,7620,238
4d250b,WMT4429,1765914198,45.8063,23.0296,7924,236
4d250b,WMT4429,1765914224,45.7789,22.9752,8229,234
4d250b,WMT4429,1765914252,45.75,22.9165,8229,235
4d250b,WMT4429,1765914286,45.7146,22.8442,8839,234
4d250b,WMT4429,1765914315,45.6839,22.7821,9144,234
4d250b,WMT4429,1765914356,45.6396,22.6929,9448,234
4d250b,WMT4429,1765914391,45.6001,22.6138,9753,234
4d250b,WMT4429,1765914433,45.5528,22.5186,10058,234
4d250b,WMT4429,1765914483,45.4972,22.4069,10363,234
4d250b,WMT4429,1765914525,45.4492,22.3115,10668,234
4d250b,WMT4429,1765914550,45.4204,22.2552,10972,233
4d250b,WMT4429,1765914594,45.3709,22.161,11277,233
4d250b,WMT4429,1765914668,45.2883,22.0037,11582,233
4d250b,WMT4429,1765914874,45.0648,21.57,11582,234
4d250b,WMT4429,1765914880,45.0587,21.5569,11582,237
4d250b,WMT4429,1765914894,45.0463,21.5257,11582,239
4d250b,WMT4429,1765914895,45.0452,21.5223,11582,244
4d250b,WMT4429,1765914896,45.0442,21.5195,11582,244
4d250b,WMT4429,1765915092,44.9007,21.049,11277,247
4d250b,WMT4429,1765915093,44.9,21.0467,11582,247
4d250b,WMT4429,1765915103,44.8928,21.0227,11277,247
4d250b,WMT4429,1765915104,44.8922,21.0206,11582,247
4d250b,WMT4429,1765915105,44.8912,21.0172,11277,247
4d250b,WMT4429,1765915107,44.8899,21.0127,11582,247
4d250b,WMT4429,1765915108,44.889,21.0099,11277,247
4d250b,WMT4429,1765915110,44.8876,21.0052,11582,247
4d250b,WMT4429,1765915111,44.8873,21.0041,11277,247
4d250b,WMT4429,1765915112,44.8862,21.0005,11582,247
4d250b,WMT4429,1765915115,44.8845,20.9946,11277,247
4d250b,WMT4429,1765915116,44.8834,20.9909,11582,247
4d250b,WMT4429,1765915119,44.8814,20.9844,11277,247
4d250b,WMT4429,1765915123,44.8787,20.9752,11582,247
4d250b,WMT4429,1765915124,44.8776,20.9714,11277,247
4d250b,WMT4429,1765915163,44.8501,20.8782,11582,247
4d250b,WMT4429,1765915164,44.8494,20.8757,11277,247
4d250b,WMT4429,1765915165,44.8486,20.873,11582,247
4d250b,WMT4429,1765915166,44.848,20.8707,11277,247
4d250b,WMT4429,1765915168,44.8468,20.8666,11582,247
4d250b,WMT4429,1765915169,44.8459,20.8638,11277,247
4d250b,WMT4429,1765915170,44.8452,20.8613,11582,247
4d250b,WMT4429,1765915172,44.8438,20.8565,11277,247
4d250b,WMT4429,1765915173,44.8435,20.8553,11582,247
4d250b,WMT4429,1765915178,44.8393,20.8411,11277,247
4d250b,WMT4429,1765915180,44.8379,20.8362,11582,247
4d250b,WMT4429,1765915181,44.8372,20.8338,11277,247
4d250b,WMT4429,1765915196,44.8267,20.7974,11582,247
4d250b,WMT4429,1765915197,44.8262,20.796,11277,247
4d250b,WMT4429,1765915207,44.8191,20.7709,11582,247
4d250b,WMT4429,1765915208,44.8183,20.7684,11277,247
4d250b,WMT4429,1765915209,44.8176,20.7659,11582,247
4d250b,WMT4429,1765915256,44.7847,20.6511,11582,248
4d250b,WMT4429,1765915261,44.7815,20.6384,11582,250
4d250b,WMT4429,1765915265,44.7793,20.6284,11582,253
4d250b,WMT4429,1765915269,44.7777,20.62,11582,255
4d250b,WMT4429,1765915273,44.7758,20.6084,11582,257
4d250b,WMT4429,1765915309,44.7643,20.5132,11277,260
4d250b,WMT4429,1765915342,44.7535,20.4259,11582,260
4d250b,WMT4429,1765915367,44.7449,20.3572,11277,259
4d250b,WMT4429,1765915368,44.7446,20.3547,11582,259
4d250b,WMT4429,1765915369,44.7442,20.3517,11277,259
4d250b,WMT4429,1765915372,44.7432,20.3439,11582,259
4d250b,WMT4429,1765915373,44.7428,20.3411,11277,259
4d250b,WMT4429,1765915374,44.7425,20.3383,11582,259
4d250b,WMT4429,1765915375,44.7421,20.3352,11277,259
4d250b,WMT4429,1765915379,44.7408,20.3246,11582,259
4d250b,WMT4429,1765915652,44.6449,19.5796,11277,259
4d250b,WMT4429,1765915653,44.6444,19.5764,11582,259
4d250b,WMT4429,1765915654,44.6441,19.5736,11277,259
4d250b,WMT4429,1765915655,44.6437,19.5709,11582,259
4d250b,WMT4429,1765915690,44.6317,19.4789,11277,259
4d250b,WMT4429,1765915691,44.6311,19.4748,11582,259
4d250b,WMT4429,1765915692,44.6307,19.4715,11277,259
4d250b,WMT4429,1765915695,44.6297,19.464,11582,259
4d250b,WMT4429,1765915696,44.6294,19.4616,11277,259
4d250b,WMT4429,1765915704,44.6264,19.4392,11582,259
4d250b,WMT4429,1765915705,44.626,19.4364,11277,259
4d250b,WMT4429,1765915726,44.6183,19.3801,11582,259
4d250b,WMT4429,1765915727,44.618,19.3773,11277,259
4d250b,WMT4429,1765915753,44.6086,19.3085,11582,259
4d250b,WMT4429,1765915754,44.6081,19.3048,11277,259
4d250b,WMT4429,1765915774,44.6011,19.2522,11582,259
4d250b,WMT4429,1765915775,44.6008,19.2496,11277,259
4d250b,WMT4429,1765915779,44.5994,19.2391,11582,259
4d250b,WMT4429,1765915932,44.543,18.829,11277,258
4d250b,WMT4429,1765915933,44.5428,18.8276,11582,258
4d250b,WMT4429,1765915934,44.5425,18.8248,11277,258
4d250b,WMT4429,1765915938,44.5409,18.8134,11582,259
4d250b,WMT4429,1765916377,44.3748,17.6669,11277,258
4d250b,WMT4429,1765916552,44.3061,17.2155,11582,257
4d250b,WMT4429,1765916738,44.231,16.7368,11277,257
4d250b,WMT4429,1765916739,44.2305,16.7339,11582,257
4d250b,WMT4429,1765916743,44.2289,16.7237,11277,257
4d250b,WMT4429,1765916744,44.2285,16.7213,11582,257
4d250b,WMT4429,1765916748,44.2269,16.7111,11277,257
4d250b,WMT4429,1765916751,44.2257,16.7043,11582,257
4d250b,WMT4429,1765916753,44.2251,16.7002,11277,257
4d250b,WMT4429,1765916758,44.2227,16.6852,11582,257
4d250b,WMT4429,1765916759,44.2225,16.684,11277,257
4d250b,WMT4429,1765916786,44.2112,16.6131,11582,257
4d250b,WMT4429,1765916787,44.2108,16.6107,11277,257
4d250b,WMT4429,1765916789,44.21,16.6054,11582,257
4d250b,WMT4429,1765916790,44.2096,16.6032,11277,257
4d250b,WMT4429,1765916792,44.2087,16.5975,11582,257
4d250b,WMT4429,1765916919,44.1554,16.2696,11582,256
4d250b,WMT4429,1765916924,44.1531,16.2572,11582,254
4d250b,WMT4429,1765916930,44.1499,16.2426,11582,252
4d250b,WMT4429,1765916966,44.126,16.1542,11277,249
4d250b,WMT4429,1765916967,44.1258,16.1532,11582,249
4d250b,WMT4429,1765916968,44.1251,16.1509,11277,249
4d250b,WMT4429,1765917064,44.0617,15.9128,11582,249
4d250b,WMT4429,1765917066,44.0607,15.9089,11277,249
4d250b,WMT4429,1765917067,44.0597,15.9053,11582,249
4d250b,WMT4429,1765917402,43.8322,15.0689,11277,249
4d250b,WMT4429,1765917404,43.8311,15.0651,11582,249
4d250b,WMT4429,1765917405,43.8303,15.0623,11277,249
4d250b,WMT4429,1765917421,43.8193,15.0222,11582,249
4d250b,WMT4429,1765917423,43.8178,15.0168,11277,249
4d250b,WMT4429,1765917424,43.8171,15.0143,11582,249
4d250b,WMT4429,1765917425,43.8164,15.0117,11277,249
4d250b,WMT4429,1765917426,43.816,15.0103,11582,249
4d250b,WMT4429,1765917427,43.815,15.0069,11277,249
4d250b,WMT4429,1765917428,43.8145,15.0046,11582,249
4d250b,WMT4429,1765917431,43.8123,14.9969,11277,249
4d250b,WMT4429,1765917432,43.8116,14.9945,11582,249
4d250b,WMT4429,1765917434,43.8105,14.9907,11277,249
4d250b,WMT4429,1765917551,43.7297,14.7008,11582,248
4d250b,WMT4429,1765917552,43.7291,14.6987,11277,248
4d250b,WMT4429,1765917554,43.7278,14.694,11582,248
4d250b,WMT4429,1765917666,43.6495,14.4174,11277,248
4d250b,WMT4429,1765917667,43.6488,14.4151,11582,248
4d250b,WMT4429,1765917743,43.5954,14.2278,11277,248
4d250b,WMT4429,1765917747,43.593,14.2191,11582,248
4d250b,WMT4429,1765917748,43.592,14.2159,11277,248
4d250b,WMT4429,1765917754,43.588,14.2018,11582,248
4d250b,WMT4429,1765917763,43.5814,14.1789,11277,248
4d250b,WMT4429,1765917764,43.5808,14.1767,11582,248
4d250b,WMT4429,1765917765,43.5804,14.1753,11277,248
4d250b,WMT4429,1765917766,43.5794,14.1717,11582,248
4d250b,WMT4429,1765917767,43.5786,14.1692,11277,248
4d250b,WMT4429,1765917779,43.5701,14.1394,11582,248
4d250b,WMT4429,1765917781,43.569,14.1356,11277,248
4d250b,WMT4429,1765917783,43.5675,14.1306,11582,248
4d250b,WMT4429,1765917820,43.5414,14.0396,11277,248
4d250b,WMT4429,1765917822,43.5397,14.0337,11582,248
4d250b,WMT4429,1765917824,43.5383,14.0287,11277,248
4d250b,WMT4429,1765917825,43.5379,14.0273,11582,248
4d250b,WMT4429,1765917826,43.5368,14.0237,11277,248
4d250b,WMT4429,1765917828,43.5357,14.0199,11582,248
4d250b,WMT4429,1765917829,43.535,14.0174,11277,248
4d250b,WMT4429,1765917830,43.5343,14.0149,11582,248
4d250b,WMT4429,1765917831,43.5336,14.0123,11277,248
4d250b,WMT4429,1765917832,43.5326,14.0089,11582,248
4d250b,WMT4429,1765917833,43.5319,14.0066,11277,248
4d250b,WMT4429,1765917834,43.5313,14.0044,11582,248
4d250b,WMT4429,1765917836,43.5298,13.9993,11277,248
4d250b,WMT4429,1765917837,43.5291,13.9969,11582,248
4d250b,WMT4429,1765917838,43.5285,13.9948,11277,248
4d250b,WMT4429,1765917839,43.5278,13.9924,11582,248
4d250b,WMT4429,1765917840,43.5271,13.9896,11277,248
4d250b,WMT4429,1765917841,43.5264,13.9872,11582,248
4d250b,WMT4429,1765917863,43.5108,13.9334,11277,248
4d250b,WMT4429,1765917866,43.5084,13.9252,11582,248
4d250b,WMT4429,1765917867,43.5076,13.9226,11277,248
4d250b,WMT4429,1765917868,43.5072,13.9213,11582,247
4d250b,WMT4429,1765917883,43.4964,13.8843,11277,247
4d250b,WMT4429,1765917932,43.461,13.7635,10972,248
4d250b,WMT4429,1765917972,43.4329,13.6669,10668,248
4d250b,WMT4429,1765918010,43.4063,13.5759,10363,248
4d250b,WMT4429,1765918048,43.3798,13.486,10058,248
4d250b,WMT4429,1765918074,43.3623,13.4265,10058,246
4d250b,WMT4429,1765918078,43.3592,13.4173,10058,244
4d250b,WMT4429,1765918080,43.3575,13.4129,10058,242
4d250b,WMT4429,1765918083,43.3551,13.4069,10058,240
4d250b,WMT4429,1765918087,43.3511,13.3977,10058,238
4d250b,WMT4429,1765918090,43.3483,13.392,10058,236
4d250b,WMT4429,1765918094,43.3443,13.3842,9753,234
4d250b,WMT4429,1765918155,43.283,13.2674,9448,234
4d250b,WMT4429,1765918188,43.2494,13.2023,9144,234
4d250b,WMT4429,1765918219,43.2185,13.1428,8839,234
4d250b,WMT4429,1765918251,43.1861,13.0809,8229,234
4d250b,WMT4429,1765918281,43.1563,13.0241,8229,234
4d250b,WMT4429,1765918317,43.1202,12.9555,7924,234
4d250b,WMT4429,1765918353,43.0852,12.8893,7620,234
4d250b,WMT4429,1765918368,43.0707,12.8617,7620,234
4d250b,WMT4429,1765918372,43.0671,12.8553,7620,231
4d250b,WMT4429,1765918374,43.0651,12.852,7620,230
4d250b,WMT4429,1765918375,43.0638,12.8501,7620,227
4d250b,WMT4429,1765918377,43.0615,12.8467,7620,225
4d250b,WMT4429,1765918378,43.0604,12.8452,7620,223
4d250b,WMT4429,1765918379,43.0592,12.8437,7620,222
4d250b,WMT4429,1765918381,43.0568,12.8409,7315,221
4d250b,WMT4429,1765918382,43.0556,12.8396,7315,219
4d250b,WMT4429,1765918383,43.0539,12.8377,7315,218
4d250b,WMT4429,1765918384,43.0531,12.837,7315,216
4d250b,WMT4429,1765918385,43.0516,12.8355,7315,215
4d250b,WMT4429,1765918386,43.0502,12.8343,7315,212
4d250b,WMT4429,1765918388,43.0475,12.832,7315,210
4d250b,WMT4429,1765918390,43.0448,12.83,7315,208
4d250b,WMT4429,1765918403,43.026,12.8169,7010,207
4d250b,WMT4429,1765918430,42.9869,12.7893,6705,207
4d250b,WMT4429,1765918460,42.9447,12.759,6400,207
4d250b,WMT4429,1765918488,42.9048,12.7303,6096,207
4d250b,WMT4429,1765918517,42.864,12.7012,5791,207
4d250b,WMT4429,1765918552,42.8161,12.6669,5486,207
4d250b,WMT4429,1765918581,42.7765,12.6384,5181,207
4d250b,WMT4429,1765918610,42.7372,12.6105,4876,207
4d250b,WMT4429,1765918651,42.683,12.5716,4572,207
4d250b,WMT4429,1765918674,42.6525,12.5499,3962,207
4d250b,WMT4429,1765918711,42.6044,12.5154,3962,207
4d250b,WMT4429,1765918726,42.5854,12.502,3962,205
4d250b,WMT4429,1765918731,42.579,12.4982,3962,203
4d250b,WMT4429,1765918750,42.5543,12.4851,3657,201
4d250b,WMT4429,1765918781,42.5137,12.4635,3352,201
4d250b,WMT4429,1765918819,42.4659,12.4372,3048,202
4d250b,WMT4429,1765918877,42.3975,12.3994,2743,202
4d250b,WMT4429,1765918918,42.352,12.3744,2438,202
4d250b,WMT4429,1765918954,42.3132,12.3532,1828,202
4d250b,WMT4429,1765918990,42.2732,12.3314,1828,202
4d250b,WMT4429,1765919031,42.2296,12.3077,1524,202
4d250b,WMT4429,1765919073,42.1839,12.2827,1219,202
4d250b,WMT4429,1765919113,42.1426,12.2601,914,202
4d250b,WMT4429,1765919179,42.0769,12.2234,609,201
4d250b,WMT4429,1765919185,42.0711,12.2204,609,201
4d250b,WMT4429,1765919225,42.0347,12.202,609,199
4d250b,WMT4429,1765919232,42.0283,12.1992,609,196
4d250b,WMT4429,1765919234,42.0267,12.1986,609,195
4d250b,WMT4429,1765919236,42.0249,12.198,609,193
4d250b,WMT4429,1765919238,42.0233,12.1976,609,191
4d250b,WMT4429,1765919241,42.0208,12.197,609,189
4d250b,WMT4429,1765919245,42.0173,12.1964,609,187
4d250b,WMT4429,1765919248,42.0148,12.1961,609,185
4d250b,WMT4429,1765919251,42.0124,12.1959,609,183
4d250b,WMT4429,1765919252,42.0115,12.1959,609,180
4d250b,WMT4429,1765919253,42.0107,12.1959,609,179
4d250b,WMT4429,1765919255,42.009,12.196,609,178
4d250b,WMT4429,1765919256,42.0086,12.196,609,176
4d250b,WMT4429,1765919257,42.0075,12.1962,609,175
4d250b,WMT4429,1765919259,42.0061,12.1964,609,173
4d250b,WMT4429,1765919261,42.0044,12.1968,609,171
4d250b,WMT4429,1765919263,42.0029,12.1971,609,169
4d250b,WMT4429,1765919266,42.001,12.1977,609,167
4d250b,WMT4429,1765919283,41.988,12.2023,609,165
4d250b,WMT4429,1765919354,41.9453,12.2197,304,162
4d250b,WMT4429,1765919404,41.9174,12.2316,304,163
4d250b,WMT4429,1765919442,41.8969,12.2403,0,161
4d250b,WMT4429,1765919512,41.8561,12.2573,0,162
4ca568,RYR58XV,1765911125,35.5334,-8.4519,10972,14
4ca568,RYR58XV,1765911811,36.6796,-8.0832,10668,14
4ca568,RYR58XV,1765911812,36.6806,-8.0829,10972,14
4ca568,RYR58XV,1765911882,36.7978,-8.0443,11277,14
4ca568,RYR58XV,1765911949,36.9094,-8.0077,11582,14
4ca568,RYR58XV,1765912020,37.0297,-7.9683,11277,14
4ca568,RYR58XV,1765912039,37.0614,-7.9574,11582,15
4ca568,RYR58XV,1765912086,37.1399,-7.932,11277,14
4ca568,RYR58XV,1765912097,37.1577,-7.9262,11582,14
4ca568,RYR58XV,1765913313,39.2035,-7.2288,11582,16
4ca568,RYR58XV,1765913318,39.2117,-7.2252,11582,18
4ca568,RYR58XV,1765913323,39.2199,-7.2213,11582,21
4ca568,RYR58XV,1765913329,39.2292,-7.2163,11582,23
4ca568,RYR58XV,1765915586,42.643,-5.0042,11582,25
4ca568,RYR58XV,1765915901,43.1455,-4.7062,11582,23
4ca568,RYR58XV,1765916556,44.1895,-4.0737,11582,25
4ca568,RYR58XV,1765916561,44.1973,-4.0681,11582,27
4ca568,RYR58XV,1765916564,44.2016,-4.0647,11582,29
4ca568,RYR58XV,1765916569,44.2093,-4.0583,11582,31
4ca568,RYR58XV,1765916574,44.2166,-4.0518,11582,33
4ca568,RYR58XV,1765916737,44.4541,-3.8157,11582,35
4ca568,RYR58XV,1765918581,47.256,-0.8398,11582,37
4ca568,RYR58XV,1765919586,48.8407,1.1098,11277,40
4ca568,RYR58XV,1765919671,48.9765,1.2852,10972,40
4ca568,RYR58XV,1765919971,49.4462,1.8997,10668,40
4ca568,RYR58XV,1765920012,49.51,1.9843,10363,40
4ca568,RYR58XV,1765920048,49.5669,2.0601,10058,40
4ca568,RYR58XV,1765920077,49.6138,2.1224,9753,40
4ca568,RYR58XV,1765920106,49.6623,2.187,9448,41
4ca568,RYR58XV,1765920135,49.7096,2.2515,9144,41
4ca568,RYR58XV,1765920164,49.7558,2.3141,8839,40
4ca568,RYR58XV,1765920193,49.8049,2.3795,8229,40
4ca568,RYR58XV,1765920223,49.8545,2.4464,8229,41
4ca568,RYR58XV,1765920252,49.9026,2.5125,7924,41
4ca568,RYR58XV,1765920280,49.9474,2.5748,7620,43
4ca568,RYR58XV,1765920334,50.0289,2.7005,7315,44
4ca568,RYR58XV,1765920392,50.1146,2.8317,7010,44
4ca568,RYR58XV,1765920452,50.2018,2.9641,6705,44
4ca568,RYR58XV,1765920512,50.2876,3.0959,6400,44
4ca568,RYR58XV,1765920572,50.3727,3.2272,6096,44
4ca568,RYR58XV,1765920600,50.4115,3.2872,5791,44
4ca568,RYR58XV,1765920625,50.4457,3.3402,5486,44
4ca568,RYR58XV,1765920647,50.4748,3.3859,5181,45
4ca568,RYR58XV,1765920669,50.5046,3.4329,4876,45
4ca568,RYR58XV,1765920693,50.5354,3.4822,4572,45
4ca568,RYR58XV,1765920721,50.5721,3.5409,3962,45
4ca568,RYR58XV,1765920746,50.6034,3.5912,3962,45
4ca568,RYR58XV,1765920774,50.6385,3.6478,3657,45
4ca568,RYR58XV,1765920806,50.6769,3.7096,3352,45
4ca568,RYR58XV,1765920843,50.7184,3.776,3352,45
4ca568,RYR58XV,1765920846,50.7215,3.7812,3352,48
4ca568,RYR58XV,1765920848,50.7235,3.785,3352,50
4ca568,RYR58XV,1765920850,50.7254,3.7889,3352,52
4ca568,RYR58XV,1765920853,50.7281,3.795,3352,54
4ca568,RYR58XV,1765920854,50.7289,3.7971,3352,59
4ca568,RYR58XV,1765920855,50.7292,3.7981,3352,60
4ca568,RYR58XV,1765920856,50.7303,3.8011,3352,62
4ca568,RYR58XV,1765920857,50.7309,3.8031,3352,63
4ca568,RYR58XV,1765920858,50.7314,3.8051,3352,65
4ca568,RYR58XV,1765920859,50.7319,3.8069,3352,66
4ca568,RYR58XV,1765920860,50.7327,3.81,3352,68
4ca568,RYR58XV,1765920861,50.7331,3.8117,3352,69
4ca568,RYR58XV,1765920866,50.735,3.8219,3352,71
4ca568,RYR58XV,1765920867,50.7355,3.8252,3352,77
4ca568,RYR58XV,1765920868,50.7358,3.8277,3352,78
4ca568,RYR58XV,1765920870,50.7361,3.8311,3352,80
4ca568,RYR58XV,1765920872,50.7364,3.8335,3352,83
4ca568,RYR58XV,1765920874,50.7367,3.8402,3352,85
4ca568,RYR58XV,1765920875,50.7369,3.8432,3352,86
4ca568,RYR58XV,1765920876,50.7368,3.8445,3352,88
4ca568,RYR58XV,1765920877,50.7369,3.8468,3352,89
4ca568,RYR58XV,1765920878,50.7368,3.8491,3352,90
4ca568,RYR58XV,1765920879,50.7368,3.8511,3048,92
4ca568,RYR58XV,1765920881,50.7366,3.8557,3048,94
4ca568,RYR58XV,1765920883,50.7363,3.8602,3048,96
4ca568,RYR58XV,1765920925,50.7271,3.9476,2743,99
4ca568,RYR58XV,1765920961,50.7193,4.0216,2438,99
4ca568,RYR58XV,1765921002,50.7104,4.1058,1828,99
4ca568,RYR58XV,1765921016,50.7074,4.1341,1828,100
4ca568,RYR58XV,1765921019,50.7065,4.1401,1828,103
4ca568,RYR58XV,1765921022,50.7054,4.1464,1828,105
4ca568,RYR58XV,1765921051,50.6948,4.2012,1828,107
4ca568,RYR58XV,1765921159,50.6567,4.3951,1524,107
4ca568,RYR58XV,1765921203,50.6414,4.4704,1524,109
4ca568,RYR58XV,1765921208,50.6395,4.4784,1524,111
4ca568,RYR58XV,1765921301,50.601,4.6223,1219,113
4ca568,RYR58XV,1765921319,50.5933,4.6492,1219,116
4ca568,RYR58XV,1765921321,50.5924,4.652,1219,118
4ca568,RYR58XV,1765921322,50.5918,4.6536,1219,120
4ca568,RYR58XV,1765921323,50.5912,4.655,1219,122
4ca568,RYR58XV,1765921324,50.5909,4.6557,1219,124
4ca568,RYR58XV,1765921326,50.5893,4.6588,1219,127
4ca568,RYR58XV,1765921327,50.5887,4.6599,1219,131
4ca568,RYR58XV,1765921328,50.588,4.6611,1219,133
4ca568,RYR58XV,1765921329,50.5872,4.6623,1219,135
4ca568,RYR58XV,1765921330,50.5864,4.6635,1219,137
4ca568,RYR58XV,1765921331,50.5856,4.6645,1219,139
4ca568,RYR58XV,1765921332,50.5852,4.665,1219,140
4ca568,RYR58XV,1765921333,50.584,4.6664,1219,142
4ca568,RYR58XV,1765921334,50.5832,4.6673,1219,143
4ca568,RYR58XV,1765921336,50.5816,4.669,1219,145
4ca568,RYR58XV,1765921344,50.5749,4.6758,1219,147
4ca568,RYR58XV,1765921366,50.5562,4.6935,1219,150
4ca568,RYR58XV,1765921368,50.5553,4.6942,1219,152
4ca568,RYR58XV,1765921370,50.5536,4.6955,1219,156
4ca568,RYR58XV,1765921372,50.551,4.697,1219,158
4ca568,RYR58XV,1765921373,50.5505,4.6972,1219,163
4ca568,RYR58XV,1765921374,50.5491,4.6978,1219,166
4ca568,RYR58XV,1765921375,50.5484,4.698,1219,168
4ca568,RYR58XV,1765921376,50.5473,4.6983,1219,171
4ca568,RYR58XV,1765921377,50.5464,4.6984,1219,173
4ca568,RYR58XV,1765921378,50.5455,4.6985,1219,176
4ca568,RYR58XV,1765921379,50.5447,4.6985,1219,178
4ca568,RYR58XV,1765921380,50.5441,4.6985,1219,181
4ca568,RYR58XV,1765921381,50.5433,4.6984,1219,184
4ca568,RYR58XV,1765921382,50.5424,4.6983,1219,184
4ca568,RYR58XV,1765921383,50.5413,4.698,1219,189
4ca568,RYR58XV,1765921384,50.5405,4.6978,1219,189
4ca568,RYR58XV,1765921385,50.5392,4.6972,914,194
4ca568,RYR58XV,1765921386,50.5388,4.6971,914,196
4ca568,RYR58XV,1765921387,50.5379,4.6966,914,199
4ca568,RYR58XV,1765921388,50.5371,4.6961,914,202
4ca568,RYR58XV,1765921392,50.5338,4.6931,914,202
4ca568,RYR58XV,1765921393,50.5334,4.6926,914,218
4ca568,RYR58XV,1765921394,50.5327,4.6917,914,221
4ca568,RYR58XV,1765921395,50.532,4.6907,914,221
4ca568,RYR58XV,1765921396,50.5314,4.6898,914,224
4ca568,RYR58XV,1765921400,50.529,4.6852,914,226
4ca568,RYR58XV,1765921401,50.5287,4.6848,914,232
4ca568,RYR58XV,1765921403,50.5277,4.6826,914,234
4ca568,RYR58XV,1765921405,50.5265,4.6797,914,236
4ca568,RYR58XV,1765921408,50.525,4.6761,914,238
4ca568,RYR58XV,1765921411,50.5235,4.6719,914,240
4ca568,RYR58XV,1765921417,50.5213,4.6652,914,243
4ca568,RYR58XV,1765921435,50.5143,4.6425,609,245
4ca568,RYR58XV,1765921496,50.4947,4.5726,304,245
4ca568,RYR58XV,1765921577,50.4732,4.4987,0,245
4ca568,RYR58XV,1765921589,50.4701,4.488,0,244
4ca645,RYR580,1765918913,38.1953,12.9522,3048,269
4ca645,RYR580,1765918915,38.1952,12.9507,3048,265
4ca645,RYR580,1765918917,38.1947,12.9463,3048,259
4ca645,RYR580,1765918918,38.1944,12.9449,3352,257
4ca645,RYR580,1765918919,38.1942,12.9436,3352,255
4ca645,RYR580,1765918920,38.1939,12.9424,3352,253
4ca645,RYR580,1765918922,38.1931,12.9397,3352,248
4ca645,RYR580,1765918927,38.1904,12.9334,3352,239
4ca645,RYR580,1765918928,38.1898,12.9322,3657,237
4ca645,RYR580,1765918930,38.1892,12.931,3657,233
4ca645,RYR580,1765918931,38.1884,12.9299,3657,231
4ca645,RYR580,1765918932,38.1872,12.9281,3657,229
4ca645,RYR580,1765918933,38.1869,12.9276,3657,227
4ca645,RYR580,1765918934,38.1861,12.9267,3657,226
4ca645,RYR580,1765918935,38.1855,12.9258,3657,223
4ca645,RYR580,1765918936,38.1842,12.9243,3657,223
4ca645,RYR580,1765918937,38.1838,12.924,3657,221
4ca645,RYR580,1765918938,38.1831,12.9231,3657,218
4ca645,RYR580,1765918939,38.1817,12.922,3657,216
4ca645,RYR580,1765918941,38.1804,12.9208,3962,214
4ca645,RYR580,1765918943,38.1785,12.9194,3962,210
4ca645,RYR580,1765918947,38.1737,12.9166,3962,203
4ca645,RYR580,1765918949,38.172,12.9159,3962,198
4ca645,RYR580,1765918950,38.1708,12.9155,3962,196
4ca645,RYR580,1765918953,38.1679,12.9146,3962,193
4ca645,RYR580,1765918961,38.1577,12.914,3962,176
4ca645,RYR580,1765918962,38.157,12.9141,3962,176
4ca645,RYR580,1765918964,38.154,12.9145,3962,174
4ca645,RYR580,1765918967,38.1504,12.9155,3962,166
4ca645,RYR580,1765918968,38.1498,12.9157,3962,165
4ca645,RYR580,1765918979,38.1363,12.923,4572,153
4ca645,RYR580,1765918980,38.1346,12.9245,4572,153
4ca645,RYR580,1765918986,38.1276,12.932,4572,137
4ca645,RYR580,1765918992,38.1218,12.9412,4572,125
4ca645,RYR580,1765918994,38.1204,12.944,4572,121
4ca645,RYR580,1765918996,38.1187,12.9477,4572,119
4ca645,RYR580,1765919001,38.1153,12.956,4572,116
4ca645,RYR580,1765919005,38.1127,12.9635,4876,113
4ca645,RYR580,1765919009,38.1098,12.9724,4876,111
4ca645,RYR580,1765919019,38.1044,12.991,5181,109
4ca645,RYR580,1765919035,38.0956,13.0238,5486,108
4ca645,RYR580,1765919050,38.0872,13.0544,5791,109
4ca645,RYR580,1765919062,38.0802,13.0788,6096,110
4ca645,RYR580,1765919074,38.0733,13.1022,6400,110
4ca645,RYR580,1765919086,38.0662,13.1251,6705,111
4ca645,RYR580,1765919099,38.0581,13.1506,7010,112
4ca645,RYR580,1765919117,38.0468,13.1852,7315,112
4ca645,RYR580,1765919139,38.0327,13.2274,7620,112
4ca645,RYR580,1765919168,38.013,13.2864,7924,112
4ca645,RYR580,1765919222,37.9737,13.4058,8229,112
4ca645,RYR580,1765919245,37.9569,13.4576,7924,112
4ca645,RYR580,1765919298,37.9167,13.5805,7620,112
4ca645,RYR580,1765919315,37.9033,13.6208,7315,112
4ca645,RYR580,1765919332,37.8899,13.6616,7010,112
4ca645,RYR580,1765919349,37.8766,13.7014,6705,112
4ca645,RYR580,1765919370,37.8606,13.75,6400,112
4ca645,RYR580,1765919392,37.8441,13.8001,6096,112
4ca645,RYR580,1765919413,37.8285,13.8475,5791,112
4ca645,RYR580,1765919435,37.8123,13.8969,5486,112
4ca645,RYR580,1765919457,37.7965,13.9443,5181,112
4ca645,RYR580,1765919473,37.7848,13.9793,4876,112
4ca645,RYR580,1765919501,37.7645,14.0401,4572,112
4ca645,RYR580,1765919524,37.7487,14.087,3962,112
4ca645,RYR580,1765919547,37.7331,14.1337,3962,112
4ca645,RYR580,1765919569,37.7184,14.1778,3657,112
4ca645,RYR580,1765919612,37.6912,14.2587,3352,112
4ca645,RYR580,1765919634,37.678,14.2978,3048,113
4ca645,RYR580,1765919639,37.6748,14.3063,3048,115
4ca645,RYR580,1765919642,37.6727,14.3114,3048,117
4ca645,RYR580,1765919677,37.6468,14.3668,2743,120
4ca645,RYR580,1765919719,37.6183,14.4277,2438,120
4ca645,RYR580,1765919759,37.5914,14.485,1828,120
4ca645,RYR580,1765919922,37.4946,14.6909,1524,120
4ca645,RYR580,1765919941,37.4848,14.7116,1524,121
717c87,SVA598,1765920143,23.316,49.8306,10058,92
717c87,SVA598,1765920284,23.2961,50.2242,9753,93
717c87,SVA598,1765920285,23.2961,50.2256,10058,93
717c87,SVA598,1765920289,23.2955,50.2376,9753,93
717c87,SVA598,1765920292,23.295,50.2465,10058,93
717c87,SVA598,1765920293,23.2948,50.2494,9753,93
717c87,SVA598,1765920314,23.2919,50.3069,10058,93
717c87,SVA598,1765920315,23.2918,50.3081,9753,93
717c87,SVA598,1765920489,23.2664,50.7854,10058,93
717c87,SVA598,1765920844,23.2034,51.7462,9753,95
717c87,SVA598,1765920951,23.1788,52.0304,10058,95
717c87,SVA598,1765921072,23.1508,52.3591,10058,95
717c87,SVA598,1765921079,23.151,52.3773,10058,88
717c87,SVA598,1765921269,23.3445,52.8369,10058,60
717c87,SVA598,1765921494,23.6264,53.3708,9753,60
717c87,SVA598,1765921495,23.6276,53.3732,10058,60
717c87,SVA598,1765921496,23.6288,53.3754,9753,60
717c87,SVA598,1765921596,23.7541,53.6114,10058,59
717c87,SVA598,1765921674,23.8533,53.7974,9753,59
717c87,SVA598,1765921773,23.9767,54.0304,9448,60
717c87,SVA598,1765921810,24.0233,54.1189,9144,60
717c87,SVA598,1765921866,24.0917,54.2524,8839,60
717c87,SVA598,1765921918,24.1553,54.3758,8839,60
717c87,SVA598,1765921982,24.2389,54.5311,7924,52
717c87,SVA598,1765921985,24.2434,54.5369,7620,49
717c87,SVA598,1765921989,24.249,54.5439,7620,49
717c87,SVA598,1765921991,24.2524,54.5478,7620,46
717c87,SVA598,1765921997,24.2639,54.5598,7620,42
717c87,SVA598,1765922018,24.3078,54.5931,7315,29
717c87,SVA598,1765922025,24.3242,54.6024,7010,25
717c87,SVA598,1765922030,24.3357,54.6077,7010,22
717c87,SVA598,1765922060,24.4036,54.6258,6705,21
717c87,SVA598,1765922063,24.4078,54.6263,6705,21
717c87,SVA598,1765922067,24.419,54.6269,6705,2
717c87,SVA598,1765922071,24.4281,54.6271,6705,2
717c87,SVA598,1765922072,24.4308,54.627,6705,359
717c87,SVA598,1765922077,24.4416,54.6266,6705,359
717c87,SVA598,1765922081,24.4508,54.6257,6705,354
717c87,SVA598,1765922082,24.453,54.6254,6705,353
717c87,SVA598,1765922085,24.4594,54.6244,6400,351
717c87,SVA598,1765922090,24.4699,54.6224,6400,351
717c87,SVA598,1765922091,24.4721,54.6219,6400,347
717c87,SVA598,1765922096,24.4821,54.6192,6400,346
717c87,SVA598,1765922102,24.4942,54.6151,6400,341
717c87,SVA598,1765922105,24.5007,54.6125,6400,339
717c87,SVA598,1765922108,24.5055,54.6103,6096,337
717c87,SVA598,1765922114,24.5171,54.6045,6096,334
717c87,SVA598,1765922115,24.5186,54.6037,6096,332
717c87,SVA598,1765922118,24.5239,54.6005,6096,330
717c87,SVA598,1765922121,24.5289,54.5973,6096,328
717c87,SVA598,1765922123,24.532,54.5953,6096,327
717c87,SVA598,1765922126,24.5367,54.5918,6096,325
717c87,SVA598,1765922130,24.5425,54.587,5791,323
717c87,SVA598,1765922142,24.5587,54.5701,5791,314
717c87,SVA598,1765922149,24.5684,54.5588,5486,313
717c87,SVA598,1765922153,24.5727,54.5539,5486,314
717c87,SVA598,1765922159,24.5811,54.545,5486,316
717c87,SVA598,1765922163,24.5867,54.5396,5486,319
717c87,SVA598,1765922167,24.5914,54.5353,5486,321
717c87,SVA598,1765922171,24.5977,54.5301,5181,323
717c87,SVA598,1765922172,24.5992,54.5289,5181,324
717c87,SVA598,1765922176,24.6059,54.5241,5181,326
717c87,SVA598,1765922180,24.6112,54.5205,5181,329
717c87,SVA598,1765922185,24.6193,54.5157,5181,331
717c87,SVA598,1765922194,24.6244,54.513,5181,333
717c87,SVA598,1765922195,24.634,54.5084,5181,337
717c87,SVA598,1765922196,24.6359,54.5075,5181,339
717c87,SVA598,1765922198,24.641,54.5055,4876,340
717c87,SVA598,1765922199,24.643,54.5047,4876,341
717c87,SVA598,1765922202,24.6487,54.5028,4876,343
717c87,SVA598,1765922205,24.6541,54.5013,4876,345
717c87,SVA598,1765922209,24.6616,54.4994,4876,347
717c87,SVA598,1765922211,24.6655,54.4986,4876,349
717c87,SVA598,1765922212,24.6673,54.4983,4876,350
717c87,SVA598,1765922215,24.673,54.4975,4876,352
717c87,SVA598,1765922218,24.6786,54.4969,4876,354
717c87,SVA598,1765922221,24.6842,54.4965,4876,356
717c87,SVA598,1765922224,24.689,54.4963,4876,359
717c87,SVA598,1765922226,24.694,54.4963,4876,0
717c87,SVA598,1765922228,24.698,54.4964,4876,1
717c87,SVA598,1765922231,24.7036,54.4968,4876,3
717c87,SVA598,1765922234,24.7094,54.4974,4876,5
717c87,SVA598,1765922237,24.7153,54.4982,4876,8
717c87,SVA598,1765922239,24.7193,54.499,4876,9
717c87,SVA598,1765922242,24.725,54.5001,4876,11
717c87,SVA598,1765922245,24.7305,54.5015,4876,13
717c87,SVA598,1765922248,24.7358,54.503,4876,15
717c87,SVA598,1765922253,24.7448,54.5061,4876,17
717c87,SVA598,1765922254,24.7464,54.5067,4876,19
717c87,SVA598,1765922256,24.7507,54.5084,4876,20
717c87,SVA598,1765922259,24.7551,54.5103,4876,22
717c87,SVA598,1765922260,24.7577,54.5116,4876,22
717c87,SVA598,1765922263,24.7627,54.5141,4876,24
717c87,SVA598,1765922266,24.767,54.5164,4876,26
717c87,SVA598,1765922269,24.7727,54.5198,4876,28
717c87,SVA598,1765922272,24.7772,54.5227,4876,30
717c87,SVA598,1765922275,24.7818,54.5258,4876,32
717c87,SVA598,1765922279,24.7876,54.5302,4876,35
717c87,SVA598,1765922337,24.8645,54.595,4572,37
717c87,SVA598,1765922383,24.9257,54.6463,3962,37
717c87,SVA598,1765922395,24.9413,54.6594,3962,37
717c87,SVA598,1765922426,24.9812,54.6912,3962,34
717c87,SVA598,1765922470,25.0369,54.7338,3657,35
717c87,SVA598,1765922505,25.0814,54.7687,3352,35
717c87,SVA598,1765922552,25.1402,54.8146,3048,34
717c87,SVA598,1765922554,25.1423,54.8161,3048,33
717c87,SVA598,1765922556,25.1449,54.8178,3048,31
717c87,SVA598,1765922559,25.1488,54.8201,3048,28
717c87,SVA598,1765922560,25.15,54.8208,3048,25
717c87,SVA598,1765922561,25.1513,54.8214,3048,24
717c87,SVA598,1765922562,25.1527,54.8221,3048,22
717c87,SVA598,1765922563,25.1541,54.8227,3048,21
717c87,SVA598,1765922567,25.1605,54.8248,3048,14
717c87,SVA598,1765922568,25.1612,54.825,3048,13
717c87,SVA598,1765922569,25.1626,54.8253,3048,11
717c87,SVA598,1765922570,25.1633,54.8255,3048,9
717c87,SVA598,1765922571,25.1657,54.8258,3048,8
717c87,SVA598,1765922572,25.1671,54.826,3048,6
717c87,SVA598,1765922573,25.1691,54.8262,3048,4
717c87,SVA598,1765922574,25.1698,54.8263,3048,3
717c87,SVA598,1765922575,25.1712,54.8263,3048,1
717c87,SVA598,1765922577,25.1748,54.8263,3048,359
717c87,SVA598,1765922578,25.1764,54.8263,3048,358
717c87,SVA598,1765922594,25.1979,54.8248,2743,356
717c87,SVA598,1765922642,25.2657,54.8214,2438,358
717c87,SVA598,1765922647,25.2724,54.8212,2438,358
717c87,SVA598,1765922650,25.2761,54.8212,2438,0
717c87,SVA598,1765922651,25.2769,54.8212,2438,0
717c87,SVA598,1765922654,25.2821,54.8215,2438,4
717c87,SVA598,1765922655,25.2835,54.8217,2438,5
717c87,SVA598,1765922656,25.2849,54.8219,2438,7
717c87,SVA598,1765922657,25.2856,54.822,2438,8
717c87,SVA598,1765922658,25.2875,54.8224,2438,10
717c87,SVA598,1765922660,25.2904,54.8231,2438,11
717c87,SVA598,1765922661,25.2919,54.8236,2438,15
717c87,SVA598,1765922662,25.293,54.824,2438,16
717c87,SVA598,1765922663,25.2944,54.8245,2438,18
717c87,SVA598,1765922664,25.2956,54.825,2438,20
717c87,SVA598,1765922665,25.2962,54.8252,2438,22
717c87,SVA598,1765922666,25.298,54.8261,2438,23
717c87,SVA598,1765922667,25.2994,54.8268,2438,25
717c87,SVA598,1765922668,25.3006,54.8275,2438,27
717c87,SVA598,1765922670,25.3031,54.8291,2438,30
717c87,SVA598,1765922672,25.3055,54.8308,2438,33
717c87,SVA598,1765922673,25.3065,54.8317,2438,35
717c87,SVA598,1765922675,25.3089,54.8337,2438,38
717c87,SVA598,1765922676,25.3098,54.8346,2438,40
717c87,SVA598,1765922677,25.3109,54.8357,2438,42
717c87,SVA598,1765922678,25.3118,54.8367,2438,43
717c87,SVA598,1765922679,25.3127,54.8377,2438,45
717c87,SVA598,1765922680,25.3133,54.8384,2438,47
717c87,SVA598,1765922681,25.3148,54.8403,2438,48
717c87,SVA598,1765922682,25.3158,54.8415,2438,50
717c87,SVA598,1765922683,25.3166,54.8428,2438,51
717c87,SVA598,1765922684,25.317,54.8433,2438,53
717c87,SVA598,1765922685,25.3177,54.8445,2438,54
717c87,SVA598,1765922687,25.3196,54.8477,2438,57
717c87,SVA598,1765922688,25.3203,54.8489,2438,57
717c87,SVA598,1765922695,25.3251,54.8579,1828,60
717c87,SVA598,1765922708,25.3338,54.8747,1828,61
717c87,SVA598,1765922710,25.3351,54.8777,1828,64
717c87,SVA598,1765922712,25.336,54.8799,1828,66
717c87,SVA598,1765922714,25.3369,54.8825,1828,69
717c87,SVA598,1765922722,25.3394,54.8934,1828,78
717c87,SVA598,1765922726,25.3398,54.9,1828,88
717c87,SVA598,1765922727,25.3398,54.9015,1828,88
717c87,SVA598,1765922728,25.3398,54.9021,1828,92
717c87,SVA598,1765922729,25.3396,54.9043,1828,94
717c87,SVA598,1765922730,25.3395,54.9058,1828,96
717c87,SVA598,1765922732,25.339,54.9092,1828,97
717c87,SVA598,1765922733,25.3387,54.9105,1828,101
717c87,SVA598,1765922734,25.3384,54.9118,1828,103
717c87,SVA598,1765922735,25.3381,54.9133,1828,104
717c87,SVA598,1765922737,25.3374,54.9154,1828,106
717c87,SVA598,1765922738,25.3371,54.9166,1828,109
717c87,SVA598,1765922739,25.3365,54.9181,1828,111
717c87,SVA598,1765922741,25.3353,54.921,1828,113
717c87,SVA598,1765922742,25.335,54.9217,1828,116
717c87,SVA598,1765922743,25.3342,54.9234,1828,118
717c87,SVA598,1765922744,25.3336,54.9244,1828,119
717c87,SVA598,1765922745,25.3332,54.9251,1828,120
717c87,SVA598,1765922746,25.3326,54.9263,1828,122
717c87,SVA598,1765922750,25.3298,54.9308,1828,124
717c87,SVA598,1765922752,25.3284,54.9331,1828,123
717c87,SVA598,1765922754,25.3272,54.9352,1828,121
717c87,SVA598,1765922755,25.3267,54.9364,1828,119
717c87,SVA598,1765922756,25.3261,54.9374,1828,118
717c87,SVA598,1765922757,25.3258,54.938,1828,117
717c87,SVA598,1765922758,25.3251,54.9398,1828,115
717c87,SVA598,1765922759,25.3244,54.9414,1828,114
717c87,SVA598,1765922761,25.3236,54.9438,1828,112
717c87,SVA598,1765922762,25.3232,54.9451,1828,109
717c87,SVA598,1765922763,25.3228,54.9463,1828,107
717c87,SVA598,1765922764,25.3225,54.9476,1828,105
717c87,SVA598,1765922765,25.3223,54.9487,1828,103
717c87,SVA598,1765922766,25.3221,54.95,1828,101
717c87,SVA598,1765922767,25.3219,54.9512,1828,99
717c87,SVA598,1765922768,25.3218,54.952,1828,98
717c87,SVA598,1765922770,25.3216,54.9546,1828,95
717c87,SVA598,1765922773,25.3215,54.959,1828,88
717c87,SVA598,1765922774,25.3215,54.9598,1828,86
717c87,SVA598,1765922776,25.3218,54.9624,1828,84
717c87,SVA598,1765922777,25.3219,54.9638,1828,82
717c87,SVA598,1765922778,25.3222,54.9652,1828,78
717c87,SVA598,1765922779,25.3225,54.9665,1828,78
717c87,SVA598,1765922781,25.3232,54.9691,1828,73
717c87,SVA598,1765922783,25.3239,54.9714,1828,71
717c87,SVA598,1765922785,25.3248,54.9739,1828,65
717c87,SVA598,1765922786,25.3253,54.9751,1828,64
717c87,SVA598,1765922788,25.3268,54.9781,1828,60
717c87,SVA598,1765922790,25.3277,54.9798,1828,60
717c87,SVA598,1765922791,25.3284,54.9809,1828,55
717c87,SVA598,1765922792,25.3297,54.9828,1828,55
717c87,SVA598,1765922793,25.3304,54.9839,1828,53
717c87,SVA598,1765922795,25.3315,54.9855,1828,51
717c87,SVA598,1765922798,25.3343,54.989,1828,48
717c87,SVA598,1765922803,25.3381,54.9935,1828,46
717c87,SVA598,1765922812,25.3457,55.002,1524,44
717c87,SVA598,1765922839,25.3689,55.0267,1524,44
717c87,SVA598,1765922842,25.3713,55.0295,1524,47
717c87,SVA598,1765922844,25.3729,55.0315,1524,49
717c87,SVA598,1765922845,25.3733,55.032,1524,50
717c87,SVA598,1765922851,25.3769,55.0379,1524,59
717c87,SVA598,1765922857,25.3797,55.045,1524,69
717c87,SVA598,1765922858,25.38,55.0462,1524,72
717c87,SVA598,1765922859,25.3804,55.0477,1524,74
717c87,SVA598,1765922861,25.3809,55.05,1524,76
717c87,SVA598,1765922864,25.3816,55.0534,1219,78
717c87,SVA598,1765922867,25.3822,55.0567,1219,79
717c87,SVA598,1765922915,25.3895,55.1068,1219,81
717c87,SVA598,1765922917,25.3899,55.1099,914,83
717c87,SVA598,1765922919,25.39,55.1119,914,86
717c87,SVA598,1765922920,25.39,55.1129,914,86
717c87,SVA598,1765922921,25.39,55.1139,914,90
717c87,SVA598,1765922923,25.3899,55.1159,914,93
717c87,SVA598,1765922924,25.3898,55.1169,914,95
717c87,SVA598,1765922925,25.3896,55.118,914,97
717c87,SVA598,1765922926,25.3895,55.119,914,99
717c87,SVA598,1765922927,25.3894,55.1195,914,100
717c87,SVA598,1765922928,25.3891,55.121,914,102
717c87,SVA598,1765922929,25.3888,55.1219,914,104
717c87,SVA598,1765922930,25.3886,55.1228,914,106
717c87,SVA598,1765922931,25.3883,55.1238,914,107
717c87,SVA598,1765922932,25.388,55.1247,914,109
717c87,SVA598,1765922933,25.3877,55.1256,914,110
717c87,SVA598,1765922934,25.3874,55.1263,914,112
717c87,SVA598,1765922936,25.3866,55.1283,914,114
717c87,SVA598,1765922938,25.386,55.1297,914,116
717c87,SVA598,1765922943,25.384,55.1339,914,118
717c87,SVA598,1765922964,25.3751,55.1507,609,120
717c87,SVA598,1765923105,25.3163,55.2572,304,121
717c87,SVA598,1765923191,25.2876,55.3089,0,121
717c87,SVA598,1765923243,25.2714,55.3382,0,121
801729,IGO6566,1765908091,22.7995,84.09,11277,93
801729,IGO6566,1765908108,22.7967,84.1344,10972,93
801729,IGO6566,1765908109,22.7965,84.1372,11277,93
801729,IGO6566,1765908110,22.7964,84.1396,10972,93
801729,IGO6566,1765908111,22.7963,84.141,11277,93
801729,IGO6566,1765908112,22.7961,84.1444,10972,93
801729,IGO6566,1765908143,22.791,84.2266,11277,93
801729,IGO6566,1765908144,22.7909,84.2293,10972,93
801729,IGO6566,1765908146,22.7907,84.2319,11277,93
801729,IGO6566,1765908147,22.7905,84.236,10972,93
801729,IGO6566,1765908148,22.7903,84.2389,11277,93
801729,IGO6566,1765908265,22.7718,84.5444,10972,93
801729,IGO6566,1765908267,22.7714,84.5494,11277,93
801729,IGO6566,1765908268,22.7713,84.5519,10972,93
801729,IGO6566,1765908355,22.7574,84.777,11277,93
801729,IGO6566,1765908357,22.757,84.7835,10972,93
801729,IGO6566,1765908358,22.7569,84.7858,11277,93
801729,IGO6566,1765908359,22.7567,84.7886,10972,93
801729,IGO6566,1765908360,22.7565,84.7915,11277,93
801729,IGO6566,1765908442,22.7428,85.0046,10972,94
801729,IGO6566,1765908443,22.7426,85.0084,11277,94
801729,IGO6566,1765908444,22.7424,85.0109,10972,94
801729,IGO6566,1765908445,22.7422,85.0136,11277,94
801729,IGO6566,1765908785,22.6836,85.8891,10972,94
801729,IGO6566,1765908841,22.6717,86.0548,10668,94
801729,IGO6566,1765908903,22.6601,86.2172,10363,94
801729,IGO6566,1765908949,22.6514,86.3389,10058,94
801729,IGO6566,1765908972,22.6469,86.401,9753,94
801729,IGO6566,1765908991,22.6433,86.4509,9448,94
801729,IGO6566,1765909010,22.6396,86.5009,9144,94
801729,IGO6566,1765909029,22.6358,86.5517,8839,94
801729,IGO6566,1765909054,22.631,86.6157,8229,94
801729,IGO6566,1765909078,22.6264,86.6784,8229,94
801729,IGO6566,1765909105,22.6212,86.7468,7924,94
801729,IGO6566,1765909130,22.6166,86.8073,7620,94
801729,IGO6566,1765909156,22.6118,86.8706,7315,94
801729,IGO6566,1765909186,22.6064,86.9412,7010,94
801729,IGO6566,1765909208,22.6024,86.9933,6705,94
801729,IGO6566,1765909231,22.5981,87.0495,6400,94
801729,IGO6566,1765909257,22.5935,87.109,6096,94
801729,IGO6566,1765909282,22.5892,87.1647,5791,94
801729,IGO6566,1765909313,22.5839,87.2324,5486,94
801729,IGO6566,1765909334,22.5802,87.2789,5181,94
801729,IGO6566,1765909360,22.5757,87.3348,4876,94
801729,IGO6566,1765909387,22.5713,87.3909,4572,94
801729,IGO6566,1765909415,22.5668,87.4478,3962,94
801729,IGO6566,1765909448,22.5616,87.5136,3962,94
801729,IGO6566,1765909471,22.558,87.5595,3657,94
801729,IGO6566,1765909497,22.5539,87.6108,3352,94
801729,IGO6566,1765909526,22.5494,87.6678,3048,94
801729,IGO6566,1765909554,22.5451,87.7213,2743,95
801729,IGO6566,1765909583,22.5406,87.7759,2438,95
801729,IGO6566,1765909610,22.5367,87.8261,1828,94
801729,IGO6566,1765909639,22.5324,87.8784,1828,95
801729,IGO6566,1765909865,22.5011,88.2133,1219,97
801729,IGO6566,1765909886,22.498,88.2412,914,96
801729,IGO6566,1765909959,22.4881,88.3314,609,97
801729,IGO6566,1765910041,22.4791,88.4142,609,96
801729,IGO6566,1765910044,22.4793,88.4171,609,85
801729,IGO6566,1765910047,22.4799,88.4199,609,75
801729,IGO6566,1765910048,22.4801,88.4207,609,75
801729,IGO6566,1765910055,22.4831,88.4265,609,55
801729,IGO6566,1765910057,22.4842,88.4279,609,49
801729,IGO6566,1765910061,22.4866,88.43,609,49
801729,IGO6566,1765910063,22.4884,88.431,609,26
801729,IGO6566,1765910064,22.4893,88.4314,609,22
801729,IGO6566,1765910066,22.4908,88.4319,609,16
801729,IGO6566,1765910067,22.4917,88.4321,609,12
801729,IGO6566,1765910069,22.4933,88.4324,609,6
801729,IGO6566,1765910071,22.4951,88.4324,609,0
801729,IGO6566,1765910073,22.4967,88.4323,609,356
801729,IGO6566,1765910085,22.5058,88.4317,304,356
801729,IGO6566,1765910090,22.5096,88.4317,304,0
801729,IGO6566,1765910092,22.5112,88.4317,304,1
801729,IGO6566,1765910106,22.5186,88.4321,304,3
801806,IGO1090,1765917768,19.4084,74.1657,5791,253
801806,IGO1090,1765917846,19.3706,74.0291,5181,253
801806,IGO1090,1765917866,19.3613,73.9956,5181,253
801806,IGO1090,1765918238,19.2363,73.5095,3048,212
801806,IGO1090,1765918306,19.1677,73.4631,2743,212
801806,IGO1090,1765918314,19.1599,73.4579,2743,212
801806,IGO1090,1765918421,19.0516,73.424,2438,216
801806,IGO1090,1765918422,19.0508,73.4233,2438,216
801806,IGO1090,1765918423,19.0502,73.4227,2438,220
801806,IGO1090,1765918424,19.0495,73.422,2438,222
801806,IGO1090,1765918426,19.0484,73.4209,2438,227
801806,IGO1090,1765918427,19.0477,73.4201,2438,229
801806,IGO1090,1765918428,19.0467,73.4188,2438,231
801806,IGO1090,1765918430,19.0461,73.4179,2438,233
801806,IGO1090,1765918451,19.042,73.3962,2438,273
801806,IGO1090,1765918454,19.0428,73.3929,1828,285
801806,IGO1090,1765918456,19.0436,73.3908,1828,285
801806,IGO1090,1765918458,19.0444,73.3887,1828,291
801806,IGO1090,1765918477,19.0528,73.3736,1828,302
801806,IGO1090,1765918494,19.0644,73.3545,1828,302
801806,IGO1090,1765918654,19.093,73.1941,1219,268
801806,IGO1090,1765918742,19.0919,73.1136,914,269
801806,IGO1090,1765918762,19.0916,73.086,609,269
801806,IGO1090,1765918876,19.0903,72.9859,304,268
801806,IGO1090,1765918943,19.0896,72.9359,304,269
882da4,KMI526,1765915398,22.3163,113.9146,-304,70
882da4,KMI526,1765915406,22.3183,113.9211,0,71
882da4,KMI526,1765915429,22.3243,113.9406,304,71
882da4,KMI526,1765915448,22.3294,113.9558,609,70
882da4,KMI526,1765915461,22.3328,113.966,609,71
882da4,KMI526,1765915465,22.3336,113.9687,609,73
882da4,KMI526,1765915468,22.3342,113.9712,609,75
882da4,KMI526,1765915471,22.3347,113.9736,609,77
882da4,KMI526,1765915474,22.3351,113.9757,914,79
882da4,KMI526,1765915524,22.3428,114.0249,1219,80
882da4,KMI526,1765915530,22.3438,114.032,1219,82
882da4,KMI526,1765915532,22.344,114.0346,1219,85
882da4,KMI526,1765915533,22.344,114.0357,1219,86
882da4,KMI526,1765915534,22.344,114.0369,1219,88
882da4,KMI526,1765915535,22.344,114.0382,1219,89
882da4,KMI526,1765915536,22.344,114.0392,1219,91
882da4,KMI526,1765915537,22.3439,114.0405,1219,94
882da4,KMI526,1765915538,22.3437,114.0421,1219,95
882da4,KMI526,1765915539,22.3435,114.0431,1219,97
882da4,KMI526,1765915540,22.3434,114.0443,1219,99
882da4,KMI526,1765915541,22.3431,114.0456,1219,100
882da4,KMI526,1765915542,22.3428,114.0472,1219,102
882da4,KMI526,1765915543,22.3425,114.0484,1219,103
882da4,KMI526,1765915544,22.3422,114.0496,1219,105
882da4,KMI526,1765915545,22.3418,114.0507,1219,106
882da4,KMI526,1765915546,22.3414,114.052,1219,108
882da4,KMI526,1765915547,22.3411,114.0527,1219,109
882da4,KMI526,1765915548,22.3405,114.0544,1219,111
882da4,KMI526,1765915549,22.3402,114.055,1219,113
882da4,KMI526,1765915550,22.3396,114.0564,1219,114
882da4,KMI526,1765915551,22.3391,114.0574,1219,116
882da4,KMI526,1765915552,22.3382,114.0591,1219,117
882da4,KMI526,1765915553,22.338,114.0596,1219,119
882da4,KMI526,1765915554,22.3372,114.0609,1219,120
882da4,KMI526,1765915555,22.3365,114.0621,1219,122
882da4,KMI526,1765915556,22.3358,114.0632,1219,124
882da4,KMI526,1765915557,22.3351,114.0642,1219,125
882da4,KMI526,1765915558,22.334,114.0657,1219,127
882da4,KMI526,1765915559,22.3336,114.0662,1219,128
882da4,KMI526,1765915560,22.3327,114.0673,1524,130
882da4,KMI526,1765915561,22.3318,114.0684,1524,131
882da4,KMI526,1765915562,22.3309,114.0693,1524,133
882da4,KMI526,1765915563,22.3299,114.0704,1524,135
882da4,KMI526,1765915564,22.329,114.0712,1524,136
882da4,KMI526,1765915565,22.3281,114.0721,1524,137
882da4,KMI526,1765915566,22.3271,114.073,1524,139
882da4,KMI526,1765915567,22.326,114.0739,1524,140
882da4,KMI526,1765915569,22.3239,114.0756,1524,142
882da4,KMI526,1765915571,22.3218,114.0771,1524,145
882da4,KMI526,1765915573,22.3196,114.0786,1524,147
882da4,KMI526,1765915574,22.3184,114.0794,1524,149
882da4,KMI526,1765915575,22.3173,114.08,1524,150
882da4,KMI526,1765915577,22.315,114.0813,1524,152
882da4,KMI526,1765915579,22.3127,114.0824,1524,155
882da4,KMI526,1765915581,22.3103,114.0834,1524,157
882da4,KMI526,1765915583,22.3076,114.0845,1524,159
882da4,KMI526,1765915585,22.3057,114.0851,1524,162
882da4,KMI526,1765915586,22.3043,114.0855,1524,163
882da4,KMI526,1765915588,22.3017,114.0862,1524,166
882da4,KMI526,1765915589,22.301,114.0864,1524,167
882da4,KMI526,1765915590,22.2985,114.0869,1828,169
882da4,KMI526,1765915591,22.2978,114.087,1828,170
882da4,KMI526,1765915592,22.2962,114.0872,1828,171
882da4,KMI526,1765915593,22.2954,114.0873,1828,173
882da4,KMI526,1765915594,22.2939,114.0874,1828,174
882da4,KMI526,1765915595,22.2918,114.0876,1828,176
882da4,KMI526,1765915596,22.2903,114.0876,1828,177
882da4,KMI526,1765915598,22.2873,114.0876,1828,179
882da4,KMI526,1765915621,22.2538,114.0868,1828,181
882da4,KMI526,1765915639,22.2276,114.0865,2438,180
882da4,KMI526,1765915662,22.1937,114.0866,2743,179
882da4,KMI526,1765915685,22.1599,114.0869,3048,179
882da4,KMI526,1765915735,22.0809,114.0871,3352,180
882da4,KMI526,1765915769,22.0229,114.0872,3657,180
882da4,KMI526,1765915795,21.9774,114.0873,3962,179
882da4,KMI526,1765915814,21.9428,114.0875,3962,179
882da4,KMI526,1765915830,21.9152,114.0876,4572,179
882da4,KMI526,1765915853,21.8758,114.0878,4876,179
882da4,KMI526,1765915882,21.8243,114.0879,5181,179
882da4,KMI526,1765915901,21.7915,114.0875,5181,181
882da4,KMI526,1765915909,21.777,114.0855,5486,188
882da4,KMI526,1765915911,21.7735,114.0848,5486,188
882da4,KMI526,1765915917,21.7628,114.0821,5486,193
882da4,KMI526,1765915925,21.7502,114.0779,5486,199
882da4,KMI526,1765915927,21.747,114.0767,5486,199
882da4,KMI526,1765915933,21.738,114.0728,5486,202
882da4,KMI526,1765915936,21.7325,114.0703,5791,202
882da4,KMI526,1765915962,21.6904,114.0516,6096,202
882da4,KMI526,1765915992,21.6409,114.0298,6400,202
882da4,KMI526,1765916025,21.5853,114.0055,6705,202
882da4,KMI526,1765916039,21.5611,113.9949,6705,202
882da4,KMI526,1765922891,15.0891,102.6189,10363,239
882da4,KMI526,1765923241,14.7287,101.9995,10058,239
882da4,KMI526,1765923269,14.6996,101.9499,9753,238
882da4,KMI526,1765923291,14.6769,101.9112,9448,239
882da4,KMI526,1765923317,14.6506,101.8658,9144,239
882da4,KMI526,1765923341,14.6256,101.8233,8839,238
882da4,KMI526,1765923368,14.5982,101.7769,8229,238
882da4,KMI526,1765923393,14.5731,101.7342,8229,238
882da4,KMI526,1765923420,14.5459,101.6878,7924,239
882da4,KMI526,1765923446,14.5205,101.6443,7620,239
882da4,KMI526,1765923473,14.494,101.5991,7315,238
882da4,KMI526,1765923500,14.4672,101.5539,7010,238
882da4,KMI526,1765923528,14.4408,101.5088,6705,239
882da4,KMI526,1765923553,14.4164,101.4672,6400,238
882da4,KMI526,1765923581,14.3901,101.4224,6096,238
882da4,KMI526,1765923612,14.3614,101.3738,5791,238
882da4,KMI526,1765923637,14.3383,101.3348,5486,238
882da4,KMI526,1765923658,14.3196,101.3041,5486,238
882da4,KMI526,1765923691,14.2807,101.2618,5181,219
882da4,KMI526,1765923701,14.2676,101.2507,4876,219
882da4,KMI526,1765923730,14.2285,101.2178,4572,219
882da4,KMI526,1765923764,14.1846,101.1808,3962,219
882da4,KMI526,1765923831,14.1025,101.112,3962,218
882da4,KMI526,1765923876,14.0537,101.071,3657,219
882da4,KMI526,1765923916,14.0105,101.0346,3352,219
882da4,KMI526,1765924007,13.9217,100.9601,3048,219
882da4,KMI526,1765924081,13.8528,100.9022,2743,219
882da4,KMI526,1765924089,13.8452,100.8959,2743,218
882da4,KMI526,1765924092,13.842,100.8935,2743,215
882da4,KMI526,1765924094,13.8401,100.8922,2743,213
882da4,KMI526,1765924096,13.838,100.8908,2743,211
882da4,KMI526,1765924098,13.8358,100.8896,2743,209
882da4,KMI526,1765924099,13.8348,100.8889,2743,209
882da4,KMI526,1765924102,13.8316,100.8873,2743,206
882da4,KMI526,1765924104,13.8295,100.8862,2743,204
882da4,KMI526,1765924107,13.8268,100.885,2743,203
882da4,KMI526,1765924109,13.824,100.8839,2743,201
882da4,KMI526,1765924111,13.8215,100.883,2743,199
882da4,KMI526,1765924113,13.8191,100.8822,2743,197
882da4,KMI526,1765924219,13.695,100.8484,2438,195
882da4,KMI526,1765924301,13.6054,100.8242,2438,192
882da4,KMI526,1765924330,13.5741,100.8181,1828,190
882da4,KMI526,1765924419,13.4787,100.8005,1828,190
882da4,KMI526,1765924565,13.3246,100.7685,1524,191
882da4,KMI526,1765924653,13.2388,100.7496,1524,193
882da4,KMI526,1765924655,13.2371,100.7492,1524,195
882da4,KMI526,1765924657,13.2354,100.7486,1524,197
882da4,KMI526,1765924658,13.2345,100.7482,1524,202
882da4,KMI526,1765924659,13.2335,100.7478,1524,204
882da4,KMI526,1765924660,13.2327,100.7473,1524,207
882da4,KMI526,1765924661,13.2317,100.7468,1524,209
882da4,KMI526,1765924662,13.2309,100.7463,1524,210
882da4,KMI526,1765924663,13.2302,100.7458,1524,212
882da4,KMI526,1765924664,13.2294,100.7453,1524,214
882da4,KMI526,1765924665,13.2287,100.7448,1524,215
882da4,KMI526,1765924667,13.2272,100.7435,1524,217
882da4,KMI526,1765924672,13.2232,100.7402,1524,220
882da4,KMI526,1765924694,13.2076,100.7265,1524,222
882da4,KMI526,1765924696,13.206,100.7249,1524,224
882da4,KMI526,1765924697,13.2054,100.7242,1524,226
882da4,KMI526,1765924698,13.2051,100.7239,1524,228
882da4,KMI526,1765924700,13.2038,100.7222,1524,233
882da4,KMI526,1765924701,13.2032,100.7214,1524,236
882da4,KMI526,1765924702,13.2027,100.7207,1524,237
882da4,KMI526,1765924703,13.2022,100.7198,1524,239
882da4,KMI526,1765924704,13.2018,100.719,1524,241
882da4,KMI526,1765924705,13.2014,100.7181,1524,242
882da4,KMI526,1765924708,13.2003,100.7159,1524,244
882da4,KMI526,1765924713,13.1983,100.711,1524,248
882da4,KMI526,1765924715,13.1977,100.709,1524,250
882da4,KMI526,1765924717,13.1971,100.7072,1524,252
882da4,KMI526,1765924718,13.1969,100.7064,1524,257
882da4,KMI526,1765924719,13.1966,100.7049,1524,259
882da4,KMI526,1765924721,13.1964,100.7037,1524,262
882da4,KMI526,1765924722,13.1963,100.7021,1524,266
882da4,KMI526,1765924723,13.1963,100.7012,1524,266
882da4,KMI526,1765924724,13.1964,100.7002,1524,271
882da4,KMI526,1765924725,13.1964,100.6997,1524,271
882da4,KMI526,1765924726,13.1964,100.6987,1524,275
882da4,KMI526,1765924727,13.1966,100.6974,1524,277
882da4,KMI526,1765924728,13.1968,100.6964,1524,279
882da4,KMI526,1765924730,13.1971,100.6948,1524,280
882da4,KMI526,1765924731,13.1973,100.6939,1524,282
882da4,KMI526,1765924732,13.1976,100.6929,1524,284
882da4,KMI526,1765924736,13.1986,100.6893,1524,285
882da4,KMI526,1765924743,13.2005,100.6827,1524,287
882da4,KMI526,1765924745,13.2011,100.681,1524,289
882da4,KMI526,1765924747,13.2018,100.6792,1524,293
882da4,KMI526,1765924748,13.2023,100.6783,1524,295
882da4,KMI526,1765924749,13.2027,100.6774,1524,298
882da4,KMI526,1765924750,13.2031,100.6767,1219,300
882da4,KMI526,1765924751,13.2036,100.676,1219,302
882da4,KMI526,1765924752,13.2041,100.6752,1219,305
882da4,KMI526,1765924754,13.2051,100.6739,1219,307
882da4,KMI526,1765924755,13.2059,100.673,1219,312
882da4,KMI526,1765924757,13.2068,100.6721,1219,315
882da4,KMI526,1765924758,13.2074,100.6715,1219,320
882da4,KMI526,1765924759,13.2085,100.6707,1219,322
882da4,KMI526,1765924760,13.2093,100.67,1219,322
882da4,KMI526,1765924761,13.2097,100.6698,1219,326
882da4,KMI526,1765924763,13.2116,100.6686,1219,328
882da4,KMI526,1765924764,13.2119,100.6684,1219,331
882da4,KMI526,1765924766,13.214,100.6674,1219,333
882da4,KMI526,1765924769,13.2165,100.6662,1219,335
882da4,KMI526,1765924808,13.2468,100.6527,1219,336
882da4,KMI526,1765924817,13.2545,100.6512,1219,359
882da4,KMI526,1765924819,13.2561,100.6512,1219,1
882da4,KMI526,1765924821,13.2578,100.6513,1219,3
882da4,KMI526,1765924845,13.2766,100.6528,1219,5
882da4,KMI526,1765924850,13.2807,100.6534,1219,7
882da4,KMI526,1765924855,13.2844,100.6539,1219,9
882da4,KMI526,1765924862,13.2896,100.655,1219,11
882da4,KMI526,1765925031,13.4123,100.6877,914,14
882da4,KMI526,1765925155,13.5012,100.7111,609,14
882da4,KMI526,1765925230,13.5545,100.725,304,14
882da4,KMI526,1765925309,13.6088,100.7393,0,14
882da4,KMI526,1765925368,13.6488,100.7498,0,14
88818d,HVN320,1765913200,18.2592,119.2677,10972,47
88818d,HVN320,1765913216,18.2857,119.2986,10668,48
88818d,HVN320,1765913218,18.2882,119.3015,10972,48
88818d,HVN320,1765913219,18.2905,119.3042,10668,48
88818d,HVN320,1765913220,18.2921,119.3061,10972,48
88818d,HVN320,1765913239,18.3232,119.3424,10668,48
88818d,HVN320,1765913241,18.3267,119.3464,10972,48
88818d,HVN320,1765913253,18.3466,119.3697,10668,48
88818d,HVN320,1765913260,18.3578,119.3828,10972,48
88818d,HVN320,1765913261,18.3598,119.3851,10668,48
88818d,HVN320,1765913264,18.3647,119.3908,10972,48
88818d,HVN320,1765913310,18.4389,119.4775,10668,48
88818d,HVN320,1765913318,18.4532,119.4941,10972,48
88818d,HVN320,1765913364,18.5293,119.5831,10668,48
88818d,HVN320,1765913493,18.7457,119.8372,10972,48
88818d,HVN320,1765913509,18.7719,119.868,10668,48
88818d,HVN320,1765913510,18.7737,119.8702,10972,48
88818d,HVN320,1765913511,18.7744,119.8709,10668,48
88818d,HVN320,1765913512,18.7768,119.8739,10972,48
88818d,HVN320,1765913515,18.781,119.8788,10668,48
88818d,HVN320,1765913533,18.8109,119.9139,10972,48
88818d,HVN320,1765913535,18.8154,119.9192,10668,48
88818d,HVN320,1765913536,18.8172,119.9214,10972,48
88818d,HVN320,1765913537,18.8181,119.9223,10668,48
88818d,HVN320,1765913541,18.8242,119.9297,10972,48
88818d,HVN320,1765913542,18.8267,119.9326,10668,48
88818d,HVN320,1765913546,18.833,119.94,10972,48
88818d,HVN320,1765913552,18.8439,119.9528,10668,48
88818d,HVN320,1765913553,18.8454,119.9546,10972,48
88818d,HVN320,1765913557,18.8512,119.9615,10668,48
88818d,HVN320,1765913559,18.8542,119.965,10972,48
88818d,HVN320,1765913579,18.8892,120.0063,10668,48
88818d,HVN320,1765913584,18.8974,120.0159,10972,48
88818d,HVN320,1765913586,18.8997,120.0187,10668,48
88818d,HVN320,1765913587,18.9012,120.0204,10972,48
88818d,HVN320,1765913588,18.9037,120.0234,10668,48
88818d,HVN320,1765913595,18.9145,120.0362,10972,48
88818d,HVN320,1765913599,18.9222,120.0452,10668,48
88818d,HVN320,1765913603,18.9292,120.0535,10972,48
88818d,HVN320,1765913629,18.9722,120.1042,10668,48
88818d,HVN320,1765913633,18.9786,120.1118,10972,48
88818d,HVN320,1765913640,18.9902,120.1254,10668,48
88818d,HVN320,1765913641,18.9925,120.1282,10972,48
88818d,HVN320,1765913651,19.0081,120.1466,10668,48
88818d,HVN320,1765913655,19.0151,120.1549,10972,48
88818d,HVN320,1765913681,19.0591,120.207,10668,48
88818d,HVN320,1765913713,19.112,120.2696,10972,48
88818d,HVN320,1765913715,19.1162,120.2745,10668,48
88818d,HVN320,1765913717,19.1193,120.2783,10972,48
88818d,HVN320,1765913720,19.1247,120.2846,10668,48
88818d,HVN320,1765913723,19.1292,120.29,10972,48
88818d,HVN320,1765913733,19.1461,120.3101,10668,48
88818d,HVN320,1765913735,19.1501,120.3148,10972,48
88818d,HVN320,1765913737,19.1516,120.3166,10668,48
88818d,HVN320,1765913738,19.1545,120.32,10972,48
88818d,HVN320,1765913742,19.1617,120.3285,10668,48
88818d,HVN320,1765913743,19.1625,120.3295,10972,48
88818d,HVN320,1765913746,19.1685,120.3366,10668,48
88818d,HVN320,1765913749,19.1726,120.3414,10972,48
88818d,HVN320,1765913750,19.1747,120.344,10668,48
88818d,HVN320,1765913766,19.2005,120.3746,10972,48
88818d,HVN320,1765913768,19.2045,120.3793,10668,48
88818d,HVN320,1765913770,19.2077,120.3831,10972,48
88818d,HVN320,1765913771,19.2102,120.386,10668,48
88818d,HVN320,1765913796,19.2514,120.4349,10972,48
88818d,HVN320,1765913797,19.2531,120.4369,10668,48
88818d,HVN320,1765913798,19.2548,120.4389,10972,48
88818d,HVN320,1765913801,19.2604,120.4455,10668,48
88818d,HVN320,1765913802,19.2622,120.4477,10972,48
88818d,HVN320,1765913803,19.2629,120.4485,10668,48
88818d,HVN320,1765913805,19.2662,120.4524,10972,48
88818d,HVN320,1765913808,19.2721,120.4594,10668,48
88818d,HVN320,1765913809,19.2728,120.4602,10972,48
88818d,HVN320,1765913816,19.2855,120.4753,10668,48
88818d,HVN320,1765913835,19.3153,120.5108,10972,48
88818d,HVN320,1765913840,19.3258,120.5233,10668,48
88818d,HVN320,1765913842,19.3282,120.5261,10972,48
88818d,HVN320,1765913844,19.3322,120.5309,10668,48
88818d,HVN320,1765913845,19.3341,120.5331,10972,48
88818d,HVN320,1765913848,19.3389,120.5389,10668,48
88818d,HVN320,1765913850,19.3421,120.5427,10972,48
88818d,HVN320,1765913851,19.3438,120.5447,10668,48
88818d,HVN320,1765913855,19.3501,120.5522,10972,48
88818d,HVN320,1765913857,19.3543,120.5572,10668,48
88818d,HVN320,1765913859,19.3575,120.561,10972,48
88818d,HVN320,1765913860,19.3585,120.5622,10668,48
88818d,HVN320,1765913862,19.3625,120.567,10972,48
88818d,HVN320,1765913866,19.3684,120.574,10668,48
88818d,HVN320,1765913868,19.3717,120.578,10972,48
88818d,HVN320,1765913907,19.4379,120.6569,10668,48
88818d,HVN320,1765913911,19.4438,120.6638,10972,48
88818d,HVN320,1765913912,19.4454,120.6658,10668,48
88818d,HVN320,1765913913,19.448,120.6688,10972,48
88818d,HVN320,1765913914,19.4488,120.6698,10668,48
88818d,HVN320,1765913918,19.4562,120.6786,10972,48
88818d,HVN320,1765913920,19.4594,120.6824,10668,48
88818d,HVN320,1765913921,19.4612,120.6846,10972,48
88818d,HVN320,1765913922,19.4619,120.6854,10668,48
88818d,HVN320,1765913923,19.4647,120.6888,10972,48
88818d,HVN320,1765913934,19.4827,120.7102,10668,48
88818d,HVN320,1765913936,19.4853,120.7134,10972,48
88818d,HVN320,1765913941,19.4944,120.7242,10668,48
88818d,HVN320,1765913943,19.4962,120.7264,10972,48
88818d,HVN320,1765913945,19.5011,120.7322,10668,48
88818d,HVN320,1765913951,19.5114,120.7444,10972,48
88818d,HVN320,1765913952,19.5132,120.7466,10668,48
88818d,HVN320,1765913954,19.5159,120.7498,10972,48
88818d,HVN320,1765913956,19.5185,120.753,10668,48
88818d,HVN320,1765913970,19.5427,120.7818,10972,48
88818d,HVN320,1765913997,19.5889,120.8372,10668,48
88818d,HVN320,1765913998,19.5906,120.8393,10972,48
88818d,HVN320,1765914002,19.5967,120.8465,10668,48
88818d,HVN320,1765914003,19.5984,120.8485,10972,48
88818d,HVN320,1765914006,19.6039,120.8551,10668,48
88818d,HVN320,1765914008,19.6073,120.8591,10972,48
88818d,HVN320,1765914022,19.6301,120.8864,10668,48
88818d,HVN320,1765914024,19.6343,120.8915,10972,48
88818d,HVN320,1765914038,19.6576,120.9195,10668,48
88818d,HVN320,1765914047,19.6719,120.9365,10972,48
88818d,HVN320,1765914048,19.6737,120.9387,10668,48
88818d,HVN320,1765914051,19.6786,120.9445,10972,48
88818d,HVN320,1765914055,19.6852,120.9524,10668,48
88818d,HVN320,1765914056,19.6876,120.9554,10972,48
88818d,HVN320,1765914059,19.6915,120.9601,10668,48
88818d,HVN320,1765914062,19.697,120.9667,10972,48
88818d,HVN320,1765914101,19.7607,121.043,10668,48
88818d,HVN320,1765914103,19.7656,121.0489,10972,48
88818d,HVN320,1765914109,19.7771,121.0626,10668,48
88818d,HVN320,1765914110,19.7778,121.0634,10972,48
88818d,HVN320,1765914113,19.7826,121.0693,10668,48
88818d,HVN320,1765914115,19.7867,121.0742,10972,48
88818d,HVN320,1765914117,19.7902,121.0784,10668,48
88818d,HVN320,1765914128,19.8083,121.1002,10972,48
88818d,HVN320,1765914130,19.8119,121.1045,10668,48
88818d,HVN320,1765914133,19.8173,121.1109,10972,48
88818d,HVN320,1765914135,19.8206,121.115,10668,48
88818d,HVN320,1765914138,19.824,121.119,10972,48
88818d,HVN320,1765914139,19.8263,121.1219,10668,48
88818d,HVN320,1765914142,19.8314,121.1279,10972,48
88818d,HVN320,1765914143,19.8331,121.13,10668,48
88818d,HVN320,1765914153,19.8509,121.1513,10972,48
88818d,HVN320,1765914156,19.8553,121.1566,10668,48
88818d,HVN320,1765914157,19.8561,121.1576,10972,48
88818d,HVN320,1765914159,19.8606,121.1631,10668,48
88818d,HVN320,1765914161,19.8631,121.1661,10972,48
88818d,HVN320,1765914185,19.9049,121.2163,10668,48
88818d,HVN320,1765914186,19.9059,121.2175,10972,48
88818d,HVN320,1765914187,19.9074,121.2193,10668,48
88818d,HVN320,1765914190,19.9121,121.225,10972,48
88818d,HVN320,1765914191,19.9136,121.2268,10668,48
88818d,HVN320,1765914192,19.9163,121.2301,10972,48
88818d,HVN320,1765914193,19.917,121.2309,10668,48
88818d,HVN320,1765914194,19.9195,121.2339,10972,48
88818d,HVN320,1765914196,19.9231,121.2382,10668,48
88818d,HVN320,1765914198,19.9264,121.2422,10972,48
88818d,HVN320,1765914200,19.9298,121.2463,10668,48
88818d,HVN320,1765914201,19.9313,121.2481,10972,48
88818d,HVN320,1765914203,19.9333,121.2506,10668,48
88818d,HVN320,1765914205,19.9382,121.2564,10972,48
88818d,HVN320,1765914209,19.9451,121.2647,10668,48
88818d,HVN320,1765914212,19.9501,121.2708,10972,48
88818d,HVN320,1765914214,19.9535,121.2749,10668,48
88818d,HVN320,1765914215,19.9552,121.2769,10972,48
88818d,HVN320,1765914242,20.0004,121.3313,10668,48
88818d,HVN320,1765914243,20.0012,121.3324,10972,48
88818d,HVN320,1765914245,20.0058,121.3378,10668,48
88818d,HVN320,1765914247,20.0087,121.3413,10972,48
88818d,HVN320,1765914248,20.0105,121.3436,10668,48
88818d,HVN320,1765914249,20.0122,121.3456,10972,48
88818d,HVN320,1765914251,20.0154,121.3494,10668,48
88818d,HVN320,1765914253,20.0186,121.3533,10972,48
88818d,HVN320,1765914257,20.0245,121.3604,10668,48
88818d,HVN320,1765914258,20.0272,121.3637,10972,48
88818d,HVN320,1765914263,20.0357,121.3739,10668,48
88818d,HVN320,1765914266,20.041,121.3804,10972,48
88818d,HVN320,1765914267,20.0429,121.3826,10668,48
88818d,HVN320,1765914268,20.0436,121.3834,10972,48
88818d,HVN320,1765914270,20.0476,121.3883,10668,48
88818d,HVN320,1765914271,20.0491,121.3902,10972,48
88818d,HVN320,1765914272,20.0506,121.392,10668,48
88818d,HVN320,1765914276,20.0577,121.4005,10972,48
88818d,HVN320,1765914277,20.0584,121.4014,10668,48
88818d,HVN320,1765914279,20.0635,121.4075,10972,48
88818d,HVN320,1765914280,20.0643,121.4085,10668,48
88818d,HVN320,1765914283,20.0695,121.4148,10972,48
88818d,HVN320,1765914284,20.071,121.4167,10668,48
88818d,HVN320,1765914286,20.0751,121.4215,10972,48
88818d,HVN320,1765914287,20.076,121.4226,10668,48
88818d,HVN320,1765914290,20.0817,121.4295,10972,48
88818d,HVN320,1765914293,20.0865,121.4354,10668,48
88818d,HVN320,1765914294,20.0879,121.4371,10972,48
88818d,HVN320,1765914295,20.0896,121.4391,10668,48
88818d,HVN320,1765914297,20.093,121.4432,10972,48
88818d,HVN320,1765914299,20.0963,121.4473,10668,48
88818d,HVN320,1765914300,20.0982,121.4495,10972,48
88818d,HVN320,1765914302,20.1014,121.4534,10668,48
88818d,HVN320,1765914303,20.1027,121.455,10972,48
88818d,HVN320,1765914304,20.1044,121.4571,10668,48
88818d,HVN320,1765914305,20.1061,121.4591,10972,48
88818d,HVN320,1765914309,20.1132,121.4676,10668,48
88818d,HVN320,1765914313,20.1196,121.4754,10972,48
88818d,HVN320,1765914320,20.1316,121.4899,10668,48
88818d,HVN320,1765914321,20.1338,121.4926,10972,48
88818d,HVN320,1765914328,20.1454,121.5066,10668,48
88818d,HVN320,1765914329,20.1463,121.5076,10972,48
88818d,HVN320,1765914343,20.1704,121.5368,10668,48
88818d,HVN320,1765914347,20.1775,121.5454,10972,48
88818d,HVN320,1765914348,20.1782,121.5462,10668,48
88818d,HVN320,1765914364,20.1961,121.5679,10972,48
88818d,HVN320,1765914368,20.2125,121.5877,10668,48
88818d,HVN320,1765914369,20.215,121.5908,10972,48
88818d,HVN320,1765914372,20.2179,121.5943,10668,48
88818d,HVN320,1765914379,20.231,121.6102,10972,48
88818d,HVN320,1765914380,20.2324,121.6119,10668,48
88818d,HVN320,1765914381,20.2339,121.6137,10972,48
88818d,HVN320,1765914384,20.2403,121.6215,10668,48
88818d,HVN320,1765914394,20.2572,121.642,10972,48
88818d,HVN320,1765914395,20.258,121.643,10668,48
88818d,HVN320,1765914396,20.2601,121.6455,10972,48
88818d,HVN320,1765914398,20.2641,121.6504,10668,48
88818d,HVN320,1765914400,20.2668,121.6537,10972,48
88818d,HVN320,1765914401,20.2685,121.6557,10668,48
88818d,HVN320,1765914403,20.2724,121.6604,10972,48
88818d,HVN320,1765914404,20.2741,121.6625,10668,48
88818d,HVN320,1765914405,20.2749,121.6635,10972,48
88818d,HVN320,1765914407,20.2782,121.6674,10668,48
88818d,HVN320,1765914408,20.28,121.6696,10972,48
88818d,HVN320,1765914412,20.2879,121.6793,10668,48
88818d,HVN320,1765914414,20.2906,121.6826,10972,48
88818d,HVN320,1765914417,20.2956,121.6885,10668,48
88818d,HVN320,1765914418,20.2965,121.6897,10972,48
88818d,HVN320,1765914420,20.3006,121.6946,10668,48
88818d,HVN320,1765914426,20.3109,121.7071,10972,48
88818d,HVN320,1765914428,20.3145,121.7114,10668,48
88818d,HVN320,1765914430,20.3177,121.7153,10972,48
88818d,HVN320,1765914465,20.3768,121.7872,10668,48
88818d,HVN320,1765914466,20.3787,121.7894,10972,48
88818d,HVN320,1765914472,20.3888,121.8017,10668,48
88818d,HVN320,1765914473,20.391,121.8044,10972,48
88818d,HVN320,1765914476,20.3954,121.8097,10668,48
88818d,HVN320,1765914496,20.4297,121.8515,10972,48
88818d,HVN320,1765914521,20.4717,121.9025,10668,48
88818d,HVN320,1765914524,20.4767,121.9087,10972,48
88818d,HVN320,1765914525,20.4776,121.9098,10668,48
88818d,HVN320,1765914527,20.4814,121.9145,10972,48
88818d,HVN320,1765914533,20.4909,121.9261,10668,48
88818d,HVN320,1765914538,20.4994,121.9364,10972,48
88818d,HVN320,1765914539,20.502,121.9395,10668,48
88818d,HVN320,1765914543,20.5092,121.9483,10972,48
88818d,HVN320,1765914544,20.5109,121.9504,10668,48
88818d,HVN320,1765914556,20.5309,121.9748,10972,48
88818d,HVN320,1765914560,20.5378,121.9833,10668,48
88818d,HVN320,1765914563,20.5417,121.988,10972,48
88818d,HVN320,1765914603,20.6101,122.0715,10668,49
88818d,HVN320,1765914639,20.671,122.1459,10972,49
88818d,HVN320,1765914640,20.6726,122.148,10668,49
88818d,HVN320,1765914644,20.679,122.1558,10972,49
88818d,HVN320,1765914645,20.6807,122.1579,10668,49
88818d,HVN320,1765914649,20.6876,122.1663,10972,49
88818d,HVN320,1765914651,20.691,122.1705,10668,49
88818d,HVN320,1765914653,20.6942,122.1743,10972,49
88818d,HVN320,1765914704,20.7808,122.2804,10668,49
88818d,HVN320,1765914707,20.7855,122.2862,10972,49
88818d,HVN320,1765914708,20.7873,122.2883,10668,49
88818d,HVN320,1765914711,20.793,122.2953,10972,49
88818d,HVN320,1765914712,20.794,122.2966,10668,49
88818d,HVN320,1765914713,20.7955,122.2984,10972,49
88818d,HVN320,1765914714,20.7979,122.3013,10668,49
88818d,HVN320,1765914719,20.8056,122.3109,10972,49
88818d,HVN320,1765914720,20.8072,122.3127,10668,49
88818d,HVN320,1765914736,20.8344,122.3462,10972,49
88818d,HVN320,1765914737,20.8365,122.3489,10668,49
88818d,HVN320,1765914738,20.8382,122.351,10972,49
88818d,HVN320,1765914740,20.8408,122.3541,10668,49
88818d,HVN320,1765914741,20.843,122.3568,10972,49
88818d,HVN320,1765914745,20.8489,122.3641,10668,49
88818d,HVN320,1765914746,20.8504,122.3659,10972,49
88818d,HVN320,1765914748,20.853,122.3691,10668,49
88818d,HVN320,1765914755,20.8628,122.3811,10972,49
88818d,HVN320,1765914768,20.8881,122.4123,10668,49
88818d,HVN320,1765914770,20.8924,122.4175,10972,49
88818d,HVN320,1765914773,20.8971,122.4233,10668,49
88818d,HVN320,1765914775,20.8998,122.4266,10972,49
88818d,HVN320,1765914780,20.9081,122.4368,10668,49
88818d,HVN320,1765914781,20.9106,122.4399,10972,49
88818d,HVN320,1765914795,20.9345,122.4693,10668,49
88818d,HVN320,1765914798,20.9389,122.4747,10972,49
88818d,HVN320,1765914799,20.9404,122.4766,10668,49
88818d,HVN320,1765914808,20.9567,122.4966,10972,48
88818d,HVN320,1765914812,20.9633,122.5043,10668,47
88818d,HVN320,1765914813,20.965,122.5063,10972,47
88818d,HVN320,1765914814,20.9659,122.5073,10668,46
88818d,HVN320,1765914817,20.9727,122.5149,10972,46
88818d,HVN320,1765914818,20.9736,122.5158,10668,45
88818d,HVN320,1765914819,20.9763,122.5188,10972,45
88818d,HVN320,1765914821,20.9799,122.5227,10668,44
88818d,HVN320,1765914823,20.9826,122.5254,10972,44
88818d,HVN320,1765914829,20.9932,122.5361,10668,42
88818d,HVN320,1765914829,20.9944,122.5372,10972,42
88818d,HVN320,1765914834,21.0043,122.5467,10668,41
88818d,HVN320,1765917290,26.1861,126.5545,11887,39
88818d,HVN320,1765917295,26.1965,126.5638,11582,39
88818d,HVN320,1765917298,26.2025,126.5692,11887,39
88818d,HVN320,1765917301,26.2087,126.5748,11582,39
88818d,HVN320,1765917302,26.2105,126.5764,11887,39
88818d,HVN320,1765917303,26.2128,126.5785,11582,39
88818d,HVN320,1765917304,26.2151,126.5806,11887,39
88818d,HVN320,1765917342,26.2932,126.651,11582,39
88818d,HVN320,1765917361,26.3316,126.6856,11887,38
88818d,HVN320,1765917362,26.3337,126.6874,11582,38
88818d,HVN320,1765917391,26.3949,126.7396,11887,36
88818d,HVN320,1765917392,26.3966,126.741,11582,36
88818d,HVN320,1765917399,26.4115,126.7532,11887,36
88818d,HVN320,1765917403,26.4203,126.7603,11582,36
88818d,HVN320,1765917405,26.4263,126.7651,11887,36
88818d,HVN320,1765917418,26.4542,126.7871,11582,35
88818d,HVN320,1765917482,26.5905,126.8951,11887,35
88818d,HVN320,1765917501,26.6315,126.9276,11582,35
88818d,HVN320,1765917502,26.6337,126.9294,11887,35
88818d,HVN320,1765917505,26.6411,126.9353,11582,35
88818d,HVN320,1765917535,26.7049,126.9861,11887,35
88818d,HVN320,1765917544,26.7236,127.001,11582,35
88818d,HVN320,1765917550,26.7371,127.0118,11887,35
88818d,HVN320,1765917591,26.8263,127.0829,11582,35
88818d,HVN320,1765917609,26.8649,127.1137,11887,35
88818d,HVN320,1765917648,26.9494,127.1812,11582,35
88818d,HVN320,1765917850,27.3886,127.5344,11887,35
88818d,HVN320,1765917855,27.3982,127.5421,11582,35
88818d,HVN320,1765917862,27.4127,127.5539,11887,35
88818d,HVN320,1765920487,32.7584,133.0097,9753,48
88818d,HVN320,1765920493,32.7691,133.0241,9753,49
88818d,HVN320,1765920503,32.7911,133.0563,9753,51
88818d,HVN320,1765921099,33.6235,134.2926,4876,0
88818d,HVN320,1765921112,33.6417,134.3122,4572,41
88818d,HVN320,1765921134,33.6734,134.3463,4876,41
88818d,HVN320,1765921137,33.6774,134.3506,4572,41
88818d,HVN320,1765921139,33.6804,134.3537,4876,41
88818d,HVN320,1765921140,33.6819,134.3553,4572,41
88818d,HVN320,1765921143,33.6845,134.3582,4876,41
88818d,HVN320,1765921144,33.6873,134.3612,4572,41
88818d,HVN320,1765921147,33.6915,134.3657,4876,41
88818d,HVN320,1765921188,33.7476,134.4261,4572,42
88818d,HVN320,1765921191,33.7517,134.4305,4876,42
88818d,HVN320,1765921193,33.7555,134.4347,4572,42
88818d,HVN320,1765921194,33.7568,134.4361,4876,42
88818d,HVN320,1765921199,33.7637,134.4436,4572,42
88818d,HVN320,1765921200,33.7652,134.4451,4876,42
88818d,HVN320,1765921201,33.7665,134.4465,4572,41
88818d,HVN320,1765921202,33.7671,134.4472,4876,41
88818d,HVN320,1765921208,33.7755,134.4562,4572,41
88818d,HVN320,1765921214,33.7834,134.4647,4876,41
88818d,HVN320,1765921216,33.7877,134.4693,4572,41
88818d,HVN320,1765921217,33.7885,134.4702,4876,41
88818d,HVN320,1765921218,33.7898,134.4716,4572,41
88818d,HVN320,1765921219,33.7917,134.4737,4876,41
88818d,HVN320,1765921220,33.7924,134.4744,4572,41
88818d,HVN320,1765921222,33.7945,134.4767,4876,41
88818d,HVN320,1765921223,33.7966,134.479,4572,41
88818d,HVN320,1765921224,33.7981,134.4806,4876,41
88818d,HVN320,1765921228,33.804,134.4869,4572,41
88818d,HVN320,1765921230,33.8065,134.4896,4876,41
88818d,HVN320,1765921261,33.8499,134.5365,4572,42
88818d,HVN320,1765921314,33.9231,134.6159,3962,42
88818d,HVN320,1765921344,33.9645,134.6606,3962,42
88818d,HVN320,1765921374,34.005,134.7047,3657,42
88818d,HVN320,1765921409,34.0507,134.7543,3352,42
88818d,HVN320,1765921416,34.061,134.7651,3352,40
88818d,HVN320,1765921427,34.0762,134.7798,3352,37
88818d,HVN320,1765921439,34.0923,134.7942,3048,36
88818d,HVN320,1765921440,34.0942,134.7958,3048,35
88818d,HVN320,1765921529,34.2147,134.8914,2743,33
88818d,HVN320,1765921591,34.2875,134.9488,2438,33
88818d,HVN320,1765921642,34.3453,134.9947,1828,33
88818d,HVN320,1765921693,34.4021,135.0399,1828,33
88818d,HVN320,1765921749,34.4626,135.0881,1524,33
88818d,HVN320,1765921807,34.5235,135.1368,1219,33
88818d,HVN320,1765921863,34.5819,135.1833,914,33
88818d,HVN320,1765921869,34.5882,135.1884,914,34
88818d,HVN320,1765921872,34.5909,135.1907,914,36
88818d,HVN320,1765921874,34.593,135.1926,914,38
88818d,HVN320,1765921875,34.5942,135.1939,914,40
88818d,HVN320,1765921876,34.5946,135.1944,914,41
88818d,HVN320,1765921877,34.5955,135.1955,914,43
88818d,HVN320,1765921878,34.5966,135.197,914,45
88818d,HVN320,1765921879,34.5974,135.198,914,48
88818d,HVN320,1765921880,34.5981,135.1991,914,50
88818d,HVN320,1765921881,34.5989,135.2003,914,52
88818d,HVN320,1765921882,34.5996,135.2016,914,54
88818d,HVN320,1765921883,34.5999,135.2022,914,56
88818d,HVN320,1765921884,34.6006,135.2036,914,58
88818d,HVN320,1765921885,34.6014,135.2053,914,60
88818d,HVN320,1765921886,34.6019,135.2064,914,62
88818d,HVN320,1765921887,34.6023,135.2075,914,64
88818d,HVN320,1765921888,34.6028,135.2089,914,65
88818d,HVN320,1765921889,34.6034,135.2108,914,69
88818d,HVN320,1765921890,34.6038,135.2119,914,69
88818d,HVN320,1765921891,34.6041,135.2133,914,72
88818d,HVN320,1765921893,34.6047,135.2159,914,74
88818d,HVN320,1765921894,34.6049,135.2167,914,75
88818d,HVN320,1765921895,34.6052,135.2182,914,77
88818d,HVN320,1765921896,34.6055,135.2202,914,80
88818d,HVN320,1765921898,34.6057,135.2227,914,81
88818d,HVN320,1765921899,34.6059,135.224,914,83
88818d,HVN320,1765921900,34.6059,135.2253,914,85
88818d,HVN320,1765921901,34.606,135.2266,914,86
88818d,HVN320,1765921902,34.606,135.2279,914,88
88818d,HVN320,1765921903,34.606,135.2298,914,90
88818d,HVN320,1765921946,34.6051,135.2846,609,91
88818d,HVN320,1765922002,34.6037,135.3471,609,91
88818d,HVN320,1765922005,34.6036,135.3506,609,93
88818d,HVN320,1765922007,34.6034,135.3525,609,97
88818d,HVN320,1765922009,34.6032,135.3544,609,98
88818d,HVN320,1765922010,34.603,135.3555,609,101
88818d,HVN320,1765922011,34.6028,135.3563,609,103
88818d,HVN320,1765922013,34.6024,135.3577,609,108
88818d,HVN320,1765922014,34.6019,135.3595,609,110
88818d,HVN320,1765922015,34.6016,135.3603,609,112
88818d,HVN320,1765922016,34.6012,135.3613,609,115
88818d,HVN320,1765922017,34.601,135.3617,609,117
88818d,HVN320,1765922018,34.6004,135.3631,609,120
88818d,HVN320,1765922019,34.5999,135.3638,609,122
88818d,HVN320,1765922020,34.5995,135.3646,609,124
88818d,HVN320,1765922021,34.599,135.3654,609,126
88818d,HVN320,1765922022,34.5984,135.3663,609,128
88818d,HVN320,1765922023,34.5978,135.367,609,130
88818d,HVN320,1765922024,34.5973,135.3677,609,132
88818d,HVN320,1765922025,34.5965,135.3687,609,135
88818d,HVN320,1765922027,34.5953,135.37,609,137
88818d,HVN320,1765922028,34.5948,135.3705,609,139
88818d,HVN320,1765922029,34.5941,135.3712,609,140
88818d,HVN320,1765922030,34.5935,135.3717,609,142
88818d,HVN320,1765922031,34.5928,135.3723,609,145
88818d,HVN320,1765922032,34.5921,135.3729,609,146
88818d,HVN320,1765922033,34.5911,135.3735,609,150
88818d,HVN320,1765922037,34.5884,135.3751,609,156
88818d,HVN320,1765922038,34.5878,135.3754,609,158
88818d,HVN320,1765922039,34.5869,135.3757,609,160
88818d,HVN320,1765922040,34.5858,135.3761,609,164
88818d,HVN320,1765922041,34.5851,135.3763,609,166
88818d,HVN320,1765922043,34.584,135.3766,609,168
88818d,HVN320,1765922044,34.5831,135.3768,609,170
88818d,HVN320,1765922046,34.5821,135.3769,609,174
88818d,HVN320,1765922047,34.5806,135.377,609,176
88818d,HVN320,1765922048,34.5802,135.377,609,177
88818d,HVN320,1765922049,34.5792,135.3771,609,179
88818d,HVN320,1765922052,34.5766,135.377,304,181
88818d,HVN320,1765922063,34.5683,135.3766,304,183
88818d,HVN320,1765922066,34.5661,135.3763,304,185
88818d,HVN320,1765922068,34.5646,135.3761,304,187
88818d,HVN320,1765922069,34.5635,135.3759,304,189
88818d,HVN320,1765922071,34.562,135.3755,304,190
88818d,HVN320,1765922072,34.5613,135.3753,304,192
88818d,HVN320,1765922074,34.5602,135.375,304,193
88818d,HVN320,1765922076,34.5584,135.3744,304,195
88818d,HVN320,1765922079,34.5564,135.3736,304,197
88818d,HVN320,1765922082,34.5542,135.3727,304,199
88818d,HVN320,1765922157,34.5016,135.3481,304,202
88818d,HVN320,1765922160,34.4998,135.3471,0,204
88818d,HVN320,1765922161,34.4989,135.3466,0,207
88818d,HVN320,1765922163,34.4977,135.3458,0,209
88818d,HVN320,1765922164,34.4971,135.3454,0,210
88818d,HVN320,1765922165,34.4966,135.3449,0,212
88818d,HVN320,1765922166,34.4959,135.3444,0,214
88818d,HVN320,1765922167,34.4955,135.344,0,216
88818d,HVN320,1765922168,34.4948,135.3434,0,217
88818d,HVN320,1765922169,34.4944,135.3429,0,218
88818d,HVN320,1765922170,34.4938,135.3423,0,220
88818d,HVN320,1765922171,34.4933,135.3417,304,221
88818d,HVN320,1765922172,34.4927,135.341,0,222
88818d,HVN320,1765922173,34.4922,135.3405,304,223
88818d,HVN320,1765922174,34.4918,135.34,0,224
88818d,HVN320,1765922177,34.4903,135.3381,304,226
88818d,HVN320,1765922181,34.4883,135.3353,304,229
88818d,HVN320,1765922187,34.4857,135.3315,0,230
88818d,HVN320,1765922212,34.4754,135.3158,304,231
88818d,HVN320,1765922213,34.475,135.3152,0,231
88818d,HVN320,1765922294,34.4416,135.2655,-304,231
88818d,HVN320,1765922296,34.4411,135.2646,-304,231
7c3381,KGJ,1765920390,-37.9777,145.0973,-304,354
7c3381,KGJ,1765920397,-37.9755,145.097,0,353
7c3381,KGJ,1765920418,-37.9686,145.0959,0,352
7c3381,KGJ,1765920425,-37.966,145.0955,0,355
7c3381,KGJ,1765920428,-37.965,145.0954,0,356
7c3381,KGJ,1765920434,-37.9631,145.0954,0,359
7c3381,KGJ,1765920438,-37.9618,145.0954,0,357
7c3381,KGJ,1765920445,-37.9596,145.0952,0,355
7c3381,KGJ,1765920467,-37.9524,145.0944,304,353
7c3381,KGJ,1765920477,-37.9493,145.094,304,353
7c3381,KGJ,1765920478,-37.949,145.0939,304,351
7c3381,KGJ,1765920479,-37.9487,145.0939,304,347
7c3381,KGJ,1765920480,-37.9485,145.0937,304,341
7c3381,KGJ,1765920481,-37.9482,145.0936,304,336
7c3381,KGJ,1765920482,-37.948,145.0935,304,332
7c3381,KGJ,1765920483,-37.9478,145.0933,304,325
7c3381,KGJ,1765920484,-37.9476,145.0931,304,321
7c3381,KGJ,1765920485,-37.9474,145.0929,304,316
7c3381,KGJ,1765920486,-37.9472,145.0926,304,311
7c3381,KGJ,1765920487,-37.947,145.0923,304,305
7c3381,KGJ,1765920488,-37.9468,145.092,304,300
7c3381,KGJ,1765920489,-37.9467,145.0916,304,296
7c3381,KGJ,1765920490,-37.9466,145.0913,304,292
7c3381,KGJ,1765920491,-37.9465,145.0908,304,287
7c3381,KGJ,1765920492,-37.9464,145.0904,304,282
7c3381,KGJ,1765920493,-37.9463,145.0899,304,278
7c3381,KGJ,1765920494,-37.9463,145.0895,304,275
7c3381,KGJ,1765920495,-37.9462,145.0889,304,271
7c3381,KGJ,1765920496,-37.9462,145.0886,304,270
7c3381,KGJ,1765920497,-37.9462,145.0881,304,275
7c3381,KGJ,1765920498,-37.9463,145.0876,304,267
7c3381,KGJ,1765920500,-37.9463,145.0866,304,266
7c3381,KGJ,1765920510,-37.9466,145.0817,304,264
7c3381,KGJ,1765920511,-37.9467,145.0812,304,261
7c3381,KGJ,1765920512,-37.9467,145.0807,304,258
7c3381,KGJ,1765920513,-37.9468,145.0803,304,256
7c3381,KGJ,1765920514,-37.9469,145.0798,304,253
7c3381,KGJ,1765920515,-37.9471,145.0793,304,249
7c3381,KGJ,1765920516,-37.9472,145.0788,304,246
7c3381,KGJ,1765920517,-37.9474,145.0784,304,243
7c3381,KGJ,1765920518,-37.9476,145.078,304,240
7c3381,KGJ,1765920519,-37.9478,145.0776,304,237
7c3381,KGJ,1765920520,-37.9481,145.077,304,233
7c3381,KGJ,1765920521,-37.9483,145.0766,304,230
7c3381,KGJ,1765920522,-37.9487,145.0761,304,227
7c3381,KGJ,1765920523,-37.9488,145.0759,304,225
7c3381,KGJ,1765920524,-37.9492,145.0756,304,223
7c3381,KGJ,1765920525,-37.9495,145.0752,304,220
7c3381,KGJ,1765920526,-37.9499,145.0748,304,217
7c3381,KGJ,1765920527,-37.9503,145.0744,304,214
7c3381,KGJ,1765920528,-37.9507,145.074,304,212
7c3381,KGJ,1765920529,-37.9511,145.0738,304,209
7c3381,KGJ,1765920530,-37.9514,145.0736,304,207
7c3381,KGJ,1765920531,-37.9519,145.0733,304,205
7c3381,KGJ,1765920532,-37.9525,145.0729,304,201
7c3381,KGJ,1765920533,-37.953,145.0728,304,200
7c3381,KGJ,1765920534,-37.9534,145.0726,304,197
7c3381,KGJ,1765920535,-37.954,145.0724,304,194
7c3381,KGJ,1765920536,-37.9543,145.0723,304,193
7c3381,KGJ,1765920537,-37.9551,145.0721,304,191
7c3381,KGJ,1765920538,-37.9556,145.072,304,189
7c3381,KGJ,1765920539,-37.9561,145.0719,304,187
7c3381,KGJ,1765920540,-37.9567,145.0718,304,185
7c3381,KGJ,1765920542,-37.9577,145.0717,304,182
7c3381,KGJ,1765920543,-37.9582,145.0717,304,181
7c3381,KGJ,1765920555,-37.9654,145.0718,609,179
7c3381,KGJ,1765920561,-37.9688,145.0719,609,177
7c3381,KGJ,1765920569,-37.9731,145.0723,609,174
7c3381,KGJ,1765920624,-38.0056,145.0771,609,172
7c3381,KGJ,1765920627,-38.0072,145.0774,609,170
7c3381,KGJ,1765920630,-38.0091,145.0779,609,168
7c3381,KGJ,1765920654,-38.024,145.0817,609,166
7c3381,KGJ,1765920656,-38.0252,145.0821,609,164
7c3381,KGJ,1765920736,-38.0695,145.0992,609,163
7c3381,KGJ,1765920737,-38.07,145.0994,609,164
7c3381,KGJ,1765920738,-38.0702,145.0995,609,165
7c3381,KGJ,1765920739,-38.0707,145.0997,609,167
7c3381,KGJ,1765920740,-38.0713,145.0998,609,169
7c3381,KGJ,1765920741,-38.0718,145.0999,609,171
7c3381,KGJ,1765920779,-38.0919,145.1028,914,172
7c3381,KGJ,1765920804,-38.1053,145.1053,914,170
7c3381,KGJ,1765920826,-38.1176,145.108,914,167
7c3381,KGJ,1765920945,-38.1859,145.1313,914,165
7c3381,KGJ,1765920947,-38.187,145.1316,914,167
7c3381,KGJ,1765920948,-38.1876,145.1317,914,170
7c3381,KGJ,1765920949,-38.188,145.1318,914,171
7c3381,KGJ,1765920950,-38.1887,145.132,914,174
7c3381,KGJ,1765920951,-38.1892,145.132,914,176
7c3381,KGJ,1765920952,-38.1898,145.132,914,178
7c3381,KGJ,1765920953,-38.1904,145.132,914,180
7c3381,KGJ,1765920954,-38.1912,145.132,914,181
7c3381,KGJ,1765920955,-38.1917,145.132,914,182
7c3381,KGJ,1765920958,-38.1931,145.1318,914,184
7c3381,KGJ,1765920984,-38.2077,145.1299,914,187
7c3381,KGJ,1765920986,-38.2088,145.1297,914,189
7c3381,KGJ,1765921047,-38.2422,145.121,914,190
7c3381,KGJ,1765921050,-38.2438,145.1206,914,193
7c3381,KGJ,1765921088,-38.2629,145.1141,1219,194
7c3381,KGJ,1765921110,-38.2739,145.1105,1219,196
7c3381,KGJ,1765921129,-38.2834,145.1068,1219,198
7c3381,KGJ,1765921132,-38.2848,145.1061,1219,200
7c3381,KGJ,1765921189,-38.3116,145.0927,1219,202
7c3381,KGJ,1765921192,-38.3128,145.092,1219,205
7c3381,KGJ,1765921200,-38.3163,145.0898,1219,207
7c3381,KGJ,1765921208,-38.3197,145.0874,1524,209
7c3381,KGJ,1765921219,-38.3242,145.0842,1524,209
7c3381,KGJ,1765921226,-38.327,145.0821,1524,212
7c3381,KGJ,1765921228,-38.3276,145.0816,1524,214
7c3381,KGJ,1765921229,-38.328,145.0812,1524,216
7c3381,KGJ,1765921230,-38.3285,145.0808,1524,218
7c3381,KGJ,1765921232,-38.3291,145.0801,1524,220
7c3381,KGJ,1765921234,-38.3298,145.0794,1524,222
7c3381,KGJ,1765921236,-38.3304,145.0786,1524,224
7c3381,KGJ,1765921238,-38.3309,145.0779,1524,226
7c3381,KGJ,1765921242,-38.3321,145.0763,1524,228
7c3381,KGJ,1765921251,-38.3345,145.0728,1524,231
7c3381,KGJ,1765921252,-38.3347,145.0724,1524,232
7c3381,KGJ,1765921253,-38.3349,145.072,1524,235
7c3381,KGJ,1765921254,-38.3352,145.0715,1524,237
7c3381,KGJ,1765921255,-38.3354,145.071,1524,238
7c3381,KGJ,1765921256,-38.3356,145.0706,1524,239
7c3381,KGJ,1765921259,-38.3362,145.0693,1524,242
7c3381,KGJ,1765921260,-38.3363,145.0689,1524,243
7c3381,KGJ,1765921261,-38.3365,145.0686,1524,245
7c3381,KGJ,1765921262,-38.3367,145.068,1524,246
7c3381,KGJ,1765921263,-38.3368,145.0676,1524,248
7c3381,KGJ,1765921265,-38.337,145.067,1524,250
7c3381,KGJ,1765921270,-38.3376,145.0646,1524,252
7c3381,KGJ,1765921295,-38.3401,145.054,1524,254
7c3381,KGJ,1765921378,-38.3481,145.0105,1524,256
7c3381,KGJ,1765921399,-38.3503,144.9983,1524,259
7c3381,KGJ,1765921400,-38.3503,144.9976,1524,261
7c3381,KGJ,1765921401,-38.3504,144.9973,1524,262
7c3381,KGJ,1765921402,-38.3504,144.9968,1524,264
7c3381,KGJ,1765921403,-38.3505,144.996,1524,266
7c3381,KGJ,1765921404,-38.3505,144.9955,1524,268
7c3381,KGJ,1765921417,-38.3504,144.9885,1828,270
7c3381,KGJ,1765921756,-38.3449,144.8049,1828,272
7c3381,KGJ,1765921758,-38.3448,144.8036,1828,275
7c3381,KGJ,1765921759,-38.3448,144.8033,1828,276
7c3381,KGJ,1765921760,-38.3447,144.8027,1828,278
7c3381,KGJ,1765921761,-38.3446,144.802,1828,281
7c3381,KGJ,1765921762,-38.3446,144.8017,1828,282
7c3381,KGJ,1765921912,-38.3267,144.7222,1828,285
7c3381,KGJ,1765921914,-38.3265,144.7211,1828,283
7c3381,KGJ,1765921915,-38.3264,144.7206,1828,281
7c3381,KGJ,1765921917,-38.3262,144.7196,1828,279
7c3381,KGJ,1765921921,-38.3259,144.7172,1828,278
7c3381,KGJ,1765921925,-38.3258,144.7153,1828,276
7c3381,KGJ,1765921927,-38.3257,144.7141,1828,274
7c3381,KGJ,1765922016,-38.3233,144.6654,1828,272
7c3381,KGJ,1765922039,-38.3229,144.6537,1828,270
7c3381,KGJ,1765922041,-38.3229,144.6527,1828,268
7c3381,KGJ,1765922043,-38.323,144.6517,1828,267
7c3381,KGJ,1765922066,-38.3235,144.6404,1828,265
7c3381,KGJ,1765922130,-38.3259,144.6081,1828,262
7c3381,KGJ,1765922131,-38.326,144.6077,1828,261
7c3381,KGJ,1765922132,-38.3261,144.6071,1828,260
7c3381,KGJ,1765922133,-38.3262,144.6065,1828,258
7c3381,KGJ,1765922135,-38.3263,144.6056,1828,257
7c3381,KGJ,1765922317,-38.3449,144.5126,1828,254
7c3381,KGJ,1765922598,-38.3773,144.3678,1828,252
7c3381,KGJ,1765922794,-38.4066,144.2662,1828,250
7c3381,KGJ,1765922827,-38.4117,144.2481,1828,252
7c3381,KGJ,1765922828,-38.4118,144.2474,1828,254
7c3381,KGJ,1765922829,-38.4119,144.2469,1828,257
7c3381,KGJ,1765922830,-38.412,144.2464,1828,259
7c3381,KGJ,1765922831,-38.412,144.2459,1828,262
7c3381,KGJ,1765922832,-38.4121,144.2453,1828,265
7c3381,KGJ,1765922838,-38.4121,144.2419,1828,267
7c3381,KGJ,1765922839,-38.4121,144.2414,1828,266
7c3381,KGJ,1765922840,-38.4122,144.241,1828,264
7c3381,KGJ,1765922841,-38.4122,144.2404,1828,262
7c3381,KGJ,1765922842,-38.4123,144.2397,1828,260
7c3381,KGJ,1765922843,-38.4123,144.2393,1828,259
7c3381,KGJ,1765922911,-38.4196,144.2011,1828,258
7c3381,KGJ,1765922912,-38.4196,144.2004,1828,260
7c3381,KGJ,1765922913,-38.4196,144.2002,1828,261
7c3381,KGJ,1765922914,-38.4197,144.1993,1828,264
7c3381,KGJ,1765922915,-38.4197,144.1987,1828,268
7c3381,KGJ,1765922916,-38.4197,144.1982,1828,271
7c3381,KGJ,1765922918,-38.4197,144.1973,1828,273
7c3381,KGJ,1765922919,-38.4196,144.1967,1828,276
7c3381,KGJ,1765922920,-38.4196,144.1959,1828,278
7c3381,KGJ,1765922921,-38.4195,144.1954,1828,279
7c3381,KGJ,1765922924,-38.4193,144.1938,1828,281
7c3381,KGJ,1765923003,-38.4119,144.1507,1828,283
7c3381,KGJ,1765923006,-38.4115,144.1491,1828,285
7c3381,KGJ,1765923008,-38.4113,144.1482,1828,286
7c3381,KGJ,1765923010,-38.411,144.1471,1828,289
7c3381,KGJ,1765923012,-38.4107,144.146,1828,290
7c3381,KGJ,1765923015,-38.4103,144.1445,1828,292
7c3381,KGJ,1765923049,-38.4039,144.1275,1828,294
7c3381,KGJ,1765923063,-38.4014,144.1203,1828,292
7c3381,KGJ,1765923080,-38.3987,144.1115,1828,290
7c3381,KGJ,1765923515,-38.3399,143.8851,1828,288
7c3381,KGJ,1765923903,-38.2873,143.683,1828,290
7c3381,KGJ,1765923904,-38.2871,143.6825,1828,292
7c3381,KGJ,1765923905,-38.2869,143.6819,1828,293
7c3381,KGJ,1765923906,-38.2867,143.6815,1828,296
7c3381,KGJ,1765923907,-38.2865,143.681,1828,299
7c3381,KGJ,1765923908,-38.2864,143.6807,1828,303
7c3381,KGJ,1765923909,-38.286,143.68,1828,306
7c3381,KGJ,1765923910,-38.2857,143.6795,1828,309
7c3381,KGJ,1765923911,-38.2854,143.6791,1828,311
7c3381,KGJ,1765923912,-38.285,143.6787,1828,316
7c3381,KGJ,1765923913,-38.2847,143.6784,1828,317
7c3381,KGJ,1765923914,-38.2844,143.678,1828,322
7c3381,KGJ,1765923915,-38.284,143.6777,1828,325
7c3381,KGJ,1765923916,-38.2837,143.6774,1828,327
7c3381,KGJ,1765923917,-38.2834,143.6772,1828,330
7c3381,KGJ,1765923918,-38.2831,143.677,1828,331
7c3381,KGJ,1765923925,-38.2801,143.6752,1828,333
7c3381,KGJ,1765925740,-37.566,143.168,1524,331
7c3381,KGJ,1765925861,-37.5239,143.1384,1219,330
7c3381,KGJ,1765925979,-37.4833,143.1101,914,330
7c3381,KGJ,1765925991,-37.4791,143.1071,914,331
7c68b9,QLK1927,1765917993,-27.3912,153.1248,-304,207
7c68b9,QLK1927,1765918000,-27.3956,153.1223,0,207
7c68b9,QLK1927,1765918029,-27.4148,153.1114,304,205
7c68b9,QLK1927,1765918037,-27.4206,153.1084,304,204
7c68b9,QLK1927,1765918039,-27.4221,153.1076,304,202
7c68b9,QLK1927,1765918040,-27.4226,153.1074,304,200
7c68b9,QLK1927,1765918041,-27.4237,153.107,304,198
7c68b9,QLK1927,1765918042,-27.4245,153.1067,304,197
7c68b9,QLK1927,1765918043,-27.4252,153.1065,304,195
7c68b9,QLK1927,1765918044,-27.426,153.1063,304,191
7c68b9,QLK1927,1765918045,-27.4268,153.1062,304,188
7c68b9,QLK1927,1765918046,-27.4276,153.106,304,186
7c68b9,QLK1927,1765918047,-27.4285,153.1059,304,183
7c68b9,QLK1927,1765918048,-27.429,153.1059,304,181
7c68b9,QLK1927,1765918049,-27.4303,153.1059,304,179
7c68b9,QLK1927,1765918050,-27.431,153.106,304,177
7c68b9,QLK1927,1765918051,-27.432,153.1061,304,173
7c68b9,QLK1927,1765918052,-27.4328,153.1062,304,170
7c68b9,QLK1927,1765918053,-27.4336,153.1065,304,167
7c68b9,QLK1927,1765918054,-27.4345,153.1067,304,163
7c68b9,QLK1927,1765918055,-27.4355,153.1071,304,160
7c68b9,QLK1927,1765918056,-27.4359,153.1073,304,158
7c68b9,QLK1927,1765918057,-27.4368,153.1076,304,157
7c68b9,QLK1927,1765918058,-27.4376,153.1081,304,155
7c68b9,QLK1927,1765918059,-27.4384,153.1085,304,152
7c68b9,QLK1927,1765918062,-27.4408,153.1101,304,150
7c68b9,QLK1927,1765918072,-27.4483,153.1151,609,147
7c68b9,QLK1927,1765918094,-27.4645,153.1272,914,146
7c68b9,QLK1927,1765918097,-27.4666,153.1288,914,146
7c68b9,QLK1927,1765918122,-27.4854,153.1419,1219,148
7c68b9,QLK1927,1765918123,-27.4865,153.1426,1219,149
7c68b9,QLK1927,1765918125,-27.4881,153.1436,1219,151
7c68b9,QLK1927,1765918127,-27.4897,153.1446,1219,154
7c68b9,QLK1927,1765918128,-27.4907,153.1451,1219,155
7c68b9,QLK1927,1765918129,-27.4917,153.1455,1219,157
7c68b9,QLK1927,1765918130,-27.4926,153.1459,1219,159
7c68b9,QLK1927,1765918131,-27.4933,153.1462,1219,160
7c68b9,QLK1927,1765918132,-27.4943,153.1466,1219,162
7c68b9,QLK1927,1765918133,-27.4953,153.1468,1219,164
7c68b9,QLK1927,1765918134,-27.4962,153.1471,1219,166
7c68b9,QLK1927,1765918135,-27.4972,153.1474,1219,167
7c68b9,QLK1927,1765918136,-27.4984,153.1476,1219,171
7c68b9,QLK1927,1765918137,-27.499,153.1477,1219,173
7c68b9,QLK1927,1765918138,-27.5,153.1478,1219,174
7c68b9,QLK1927,1765918139,-27.501,153.1479,1219,176
7c68b9,QLK1927,1765918140,-27.5021,153.1479,1219,178
7c68b9,QLK1927,1765918141,-27.5025,153.1479,1219,180
7c68b9,QLK1927,1765918142,-27.5044,153.1479,1219,182
7c68b9,QLK1927,1765918143,-27.5054,153.1478,1219,184
7c68b9,QLK1927,1765918144,-27.5066,153.1477,1219,185
7c68b9,QLK1927,1765918146,-27.5086,153.1474,1219,187
7c68b9,QLK1927,1765918151,-27.514,153.1465,1219,189
7c68b9,QLK1927,1765918155,-27.5181,153.1456,1219,191
7c68b9,QLK1927,1765918168,-27.5336,153.1414,1524,194
7c68b9,QLK1927,1765918184,-27.5524,153.1359,1524,195
7c68b9,QLK1927,1765918195,-27.5662,153.1311,1828,198
7c68b9,QLK1927,1765918221,-27.5978,153.1186,1828,199
7c68b9,QLK1927,1765918246,-27.6284,153.1067,2438,197
7c68b9,QLK1927,1765918254,-27.6389,153.103,2438,198
7c68b9,QLK1927,1765918256,-27.6415,153.1019,2438,200
7c68b9,QLK1927,1765918258,-27.6435,153.1011,2438,202
7c68b9,QLK1927,1765918261,-27.6448,153.1005,2438,204
7c68b9,QLK1927,1765918263,-27.6496,153.0979,2438,206
7c68b9,QLK1927,1765918266,-27.6531,153.0958,2438,208
7c68b9,QLK1927,1765918269,-27.6571,153.0933,2438,210
7c68b9,QLK1927,1765918273,-27.6612,153.0904,2743,212
7c68b9,QLK1927,1765918277,-27.666,153.0868,2743,215
7c68b9,QLK1927,1765918298,-27.6882,153.068,3048,217
7c68b9,QLK1927,1765918362,-27.7644,153.0039,3352,216
7c68b9,QLK1927,1765918396,-27.808,152.9673,3657,216
7c68b9,QLK1927,1765918444,-27.8721,152.9136,3962,216
7c68b9,QLK1927,1765918479,-27.9206,152.8729,3962,216
7c68b9,QLK1927,1765918521,-27.9799,152.8231,4572,216
7c68b9,QLK1927,1765918570,-28.0502,152.7638,4876,216
7c68b9,QLK1927,1765918623,-28.1265,152.6996,5181,216
7c68b9,QLK1927,1765918678,-28.2081,152.6306,5486,216
7c68b9,QLK1927,1765918734,-28.2932,152.5585,5791,216
7c68b9,QLK1927,1765918775,-28.3557,152.5053,5791,218
7c68b9,QLK1927,1765918781,-28.3653,152.4961,5791,221
7c68b9,QLK1927,1765918788,-28.376,152.4851,6096,223
7c68b9,QLK1927,1765918791,-28.3788,152.4819,6096,224
7c68b9,QLK1927,1765918797,-28.3879,152.4713,6096,227
7c68b9,QLK1927,1765918803,-28.3955,152.4617,6096,229
7c68b9,QLK1927,1765918817,-28.4131,152.4368,6400,231
7c68b9,QLK1927,1765918844,-28.4448,152.391,6705,231
7c68b9,QLK1927,1765918873,-28.4782,152.3427,7010,231
7c68b9,QLK1927,1765918905,-28.5138,152.2911,7315,232
7c68b9,QLK1927,1765918962,-28.5782,152.1976,7620,232
7c68b9,QLK1927,1765918977,-28.5952,152.1729,7620,232
7c68b9,QLK1927,1765919020,-28.645,152.1006,7924,232
7c68b9,QLK1927,1765919073,-28.7063,152.011,8229,232
7c68b9,QLK1927,1765919136,-28.7798,151.9036,8229,232
7c68b9,QLK1927,1765919203,-28.8604,151.7854,8839,232
7c68b9,QLK1927,1765919270,-28.9395,151.6691,9144,232
7c68b9,QLK1927,1765919352,-29.0377,151.5198,9448,233
7c68b9,QLK1927,1765919443,-29.1458,151.3553,9753,233
7c68b9,QLK1927,1765919512,-29.2276,151.2301,10058,233
7c68b9,QLK1927,1765919577,-29.3019,151.1129,10363,234
7c68b9,QLK1927,1765919860,-29.6351,150.5828,10363,234
7c68b9,QLK1927,1765921371,-31.4052,147.6313,10363,236
7c68b9,QLK1927,1765924096,-34.3651,141.6306,10363,256
7c68b9,QLK1927,1765924444,-34.543,140.7004,10058,257
7c68b9,QLK1927,1765924445,-34.5435,140.6978,10363,257
7c68b9,QLK1927,1765924453,-34.5473,140.6774,10058,257
7c68b9,QLK1927,1765924454,-34.5478,140.6748,10363,257
7c68b9,QLK1927,1765924524,-34.5824,140.4893,10058,257
7c68b9,QLK1927,1765924580,-34.6092,140.3437,9753,257
7c68b9,QLK1927,1765924606,-34.6218,140.2751,9448,257
7c68b9,QLK1927,1765924632,-34.6339,140.2087,9144,257
7c68b9,QLK1927,1765924660,-34.647,140.1368,8839,257
7c68b9,QLK1927,1765924688,-34.6596,140.0675,8229,257
7c68b9,QLK1927,1765924714,-34.6713,140.0032,8229,257
7c68b9,QLK1927,1765924741,-34.6828,139.9391,7924,257
7c68b9,QLK1927,1765924767,-34.6941,139.8765,7620,257
7c68b9,QLK1927,1765924792,-34.7047,139.8176,7315,257
7c68b9,QLK1927,1765924819,-34.7157,139.7558,7010,257
7c68b9,QLK1927,1765924845,-34.7263,139.6969,6705,257
7c68b9,QLK1927,1765924873,-34.7374,139.6345,6400,257
7c68b9,QLK1927,1765924902,-34.7485,139.5717,6096,257
7c68b9,QLK1927,1765924932,-34.7597,139.5081,5791,257
7c68b9,QLK1927,1765924962,-34.7706,139.4468,5486,257
7c68b9,QLK1927,1765924968,-34.7734,139.4331,5486,254
7c68b9,QLK1927,1765924975,-34.7768,139.419,5486,252
7c68b9,QLK1927,1765924982,-34.7806,139.4052,5486,250
7c68b9,QLK1927,1765924990,-34.7858,139.3889,5181,247
7c68b9,QLK1927,1765924991,-34.7865,139.3867,5181,247
7c68b9,QLK1927,1765925019,-34.8068,139.3329,4876,245
7c68b9,QLK1927,1765925047,-34.8267,139.2809,4572,245
7c68b9,QLK1927,1765925076,-34.8471,139.227,3962,245
7c68b9,QLK1927,1765925103,-34.8662,139.1769,3962,245
7c68b9,QLK1927,1765925132,-34.8861,139.1241,3657,245
7c68b9,QLK1927,1765925160,-34.9055,139.0728,3352,245
7c68b9,QLK1927,1765925190,-34.9253,139.0204,3048,245
7c68b9,QLK1927,1765925240,-34.9575,138.9351,2743,245
7c68b9,QLK1927,1765925282,-34.9823,138.8692,2438,245
7c68b9,QLK1927,1765925321,-35.0044,138.8101,1828,245
7c68b9,QLK1927,1765925359,-35.0256,138.7535,1828,245
7c68b9,QLK1927,1765925401,-35.0487,138.6919,1524,245
7c68b9,QLK1927,1765925442,-35.0706,138.6332,1219,245
7c68b9,QLK1927,1765925508,-35.104,138.5436,914,245
7c68b9,QLK1927,1765925528,-35.1135,138.5177,914,247
7c68b9,QLK1927,1765925529,-35.1139,138.5165,914,249
7c68b9,QLK1927,1765925531,-35.1146,138.514,914,252
7c68b9,QLK1927,1765925532,-35.115,138.5126,914,253
7c68b9,QLK1927,1765925533,-35.1151,138.5119,914,256
7c68b9,QLK1927,1765925534,-35.1155,138.5098,914,258
7c68b9,QLK1927,1765925535,-35.1157,138.5085,914,260
7c68b9,QLK1927,1765925536,-35.1158,138.5073,914,262
7c68b9,QLK1927,1765925537,-35.1159,138.506,914,264
7c68b9,QLK1927,1765925538,-35.1161,138.5039,914,266
7c68b9,QLK1927,1765925540,-35.1161,138.5017,914,270
7c68b9,QLK1927,1765925542,-35.116,138.499,914,272
7c68b9,QLK1927,1765925543,-35.1159,138.4977,914,275
7c68b9,QLK1927,1765925544,-35.1158,138.4962,914,277
7c68b9,QLK1927,1765925545,-35.1156,138.4948,914,280
7c68b9,QLK1927,1765925546,-35.1154,138.4938,914,281
7c68b9,QLK1927,1765925547,-35.1151,138.4925,914,283
7c68b9,QLK1927,1765925548,-35.1149,138.4912,914,285
7c68b9,QLK1927,1765925549,-35.1147,138.4907,914,288
7c68b9,QLK1927,1765925550,-35.1141,138.4887,914,290
7c68b9,QLK1927,1765925552,-35.1134,138.4864,914,292
7c68b9,QLK1927,1765925554,-35.1125,138.4841,914,294
7c68b9,QLK1927,1765925558,-35.1107,138.4794,914,295
7c68b9,QLK1927,1765925565,-35.1075,138.4717,914,298
7c68b9,QLK1927,1765925603,-35.0902,138.4335,914,300
7c68b9,QLK1927,1765925604,-35.0899,138.4327,609,302
7c68b9,QLK1927,1765925605,-35.0892,138.4314,609,303
7c68b9,QLK1927,1765925606,-35.0889,138.431,609,305
7c68b9,QLK1927,1765925607,-35.0884,138.4301,609,307
7c68b9,QLK1927,1765925608,-35.0875,138.4289,609,310
7c68b9,QLK1927,1765925609,-35.0872,138.4284,609,311
7c68b9,QLK1927,1765925610,-35.0866,138.4276,609,314
7c68b9,QLK1927,1765925611,-35.086,138.4269,609,315
7c68b9,QLK1927,1765925612,-35.0853,138.4262,609,317
7c68b9,QLK1927,1765925613,-35.0849,138.4257,609,319
7c68b9,QLK1927,1765925614,-35.0839,138.4248,609,322
7c68b9,QLK1927,1765925616,-35.0825,138.4235,609,324
7c68b9,QLK1927,1765925617,-35.0819,138.423,609,328
7c68b9,QLK1927,1765925618,-35.0808,138.4222,609,330
7c68b9,QLK1927,1765925619,-35.0804,138.422,609,331
7c68b9,QLK1927,1765925620,-35.0795,138.4215,609,335
7c68b9,QLK1927,1765925621,-35.0786,138.421,609,337
7c68b9,QLK1927,1765925622,-35.0778,138.4207,609,340
7c68b9,QLK1927,1765925623,-35.077,138.4204,609,342
7c68b9,QLK1927,1765925624,-35.0762,138.4201,609,344
7c68b9,QLK1927,1765925625,-35.0752,138.4198,609,347
7c68b9,QLK1927,1765925626,-35.0748,138.4197,609,349
7c68b9,QLK1927,1765925627,-35.0736,138.4194,609,351
7c68b9,QLK1927,1765925628,-35.0731,138.4194,609,354
7c68b9,QLK1927,1765925629,-35.0722,138.4193,609,357
7c68b9,QLK1927,1765925630,-35.0709,138.4193,609,0
7c68b9,QLK1927,1765925631,-35.0705,138.4193,609,1
7c68b9,QLK1927,1765925632,-35.0692,138.4194,609,6
7c68b9,QLK1927,1765925633,-35.0684,138.4196,609,7
7c68b9,QLK1927,1765925634,-35.0675,138.4198,609,8
7c68b9,QLK1927,1765925635,-35.0666,138.42,609,11
7c68b9,QLK1927,1765925638,-35.0641,138.4206,609,12
7c68b9,QLK1927,1765925641,-35.0617,138.4213,609,14
7c68b9,QLK1927,1765925645,-35.0583,138.4225,609,16
7c68b9,QLK1927,1765925677,-35.0336,138.4328,304,18
7c68b9,QLK1927,1765925706,-35.0147,138.4403,304,19
7c68b9,QLK1927,1765925708,-35.0135,138.4409,304,21
7c68b9,QLK1927,1765925709,-35.0129,138.4412,304,24
7c68b9,QLK1927,1765925710,-35.0122,138.4416,304,26
7c68b9,QLK1927,1765925711,-35.0118,138.4419,304,28
7c68b9,QLK1927,1765925712,-35.0112,138.4423,304,30
7c68b9,QLK1927,1765925713,-35.0107,138.4427,304,31
7c68b9,QLK1927,1765925714,-35.0102,138.4431,304,33
7c68b9,QLK1927,1765925715,-35.0097,138.4435,304,35
7c68b9,QLK1927,1765925716,-35.0092,138.4439,304,37
7c68b9,QLK1927,1765925718,-35.0084,138.4447,304,39
7c68b9,QLK1927,1765925719,-35.0078,138.4454,304,42
7c68b9,QLK1927,1765925720,-35.0073,138.4459,304,43
7c68b9,QLK1927,1765925721,-35.0072,138.4461,304,45
7c68b9,QLK1927,1765925722,-35.0065,138.4469,304,46
7c68b9,QLK1927,1765925724,-35.0057,138.4481,304,48
7c68b9,QLK1927,1765925736,-35.0011,138.4546,304,50
7c68b9,QLK1927,1765925751,-34.9958,138.4634,304,53
7c68b9,QLK1927,1765925757,-34.9936,138.4666,0,50
7c68b9,QLK1927,1765925848,-34.9591,138.5164,-304,49
7c68b9,QLK1927,1765925871,-34.9505,138.5289,-304,50
7c7cd1,JST401,1765916138,-28.1821,153.5169,304,151
7c7cd1,JST401,1765916165,-28.2009,153.5288,304,151
7c7cd1,JST401,1765916168,-28.203,153.53,304,153
7c7cd1,JST401,1765916172,-28.2056,153.5314,609,155
7c7cd1,JST401,1765916174,-28.2074,153.5322,609,157
7c7cd1,JST401,1765916176,-28.2085,153.5328,609,159
7c7cd1,JST401,1765916197,-28.2272,153.5399,914,161
7c7cd1,JST401,1765916217,-28.2466,153.5473,914,162
7c7cd1,JST401,1765916220,-28.2486,153.5479,914,164
7c7cd1,JST401,1765916221,-28.2499,153.5483,914,165
7c7cd1,JST401,1765916222,-28.2505,153.5485,914,167
7c7cd1,JST401,1765916223,-28.2522,153.5489,1219,168
7c7cd1,JST401,1765916224,-28.2533,153.549,1219,170
7c7cd1,JST401,1765916225,-28.2542,153.5491,1219,174
7c7cd1,JST401,1765916227,-28.2566,153.5494,1219,176
7c7cd1,JST401,1765916228,-28.2577,153.5493,1219,178
7c7cd1,JST401,1765916229,-28.2589,153.5493,1219,180
7c7cd1,JST401,1765916230,-28.2598,153.5493,1219,182
7c7cd1,JST401,1765916231,-28.2614,153.549,1219,187
7c7cd1,JST401,1765916232,-28.2628,153.5488,1219,189
7c7cd1,JST401,1765916234,-28.2642,153.5485,1219,191
7c7cd1,JST401,1765916234,-28.2651,153.5482,1219,193
7c7cd1,JST401,1765916236,-28.2676,153.5474,1219,196
7c7cd1,JST401,1765916237,-28.2688,153.5469,1219,200
7c7cd1,JST401,1765916238,-28.2697,153.5464,1219,200
7c7cd1,JST401,1765916239,-28.2708,153.5459,1219,205
7c7cd1,JST401,1765916240,-28.2719,153.5452,1219,207
7c7cd1,JST401,1765916241,-28.273,153.5445,1219,209
7c7cd1,JST401,1765916242,-28.2741,153.5438,1219,211
7c7cd1,JST401,1765916244,-28.2751,153.543,1219,213
7c7cd1,JST401,1765916245,-28.2762,153.5422,1219,215
7c7cd1,JST401,1765916246,-28.2774,153.5411,1219,218
7c7cd1,JST401,1765916247,-28.2788,153.5398,1219,219
7c7cd1,JST401,1765916248,-28.2796,153.539,1219,221
7c7cd1,JST401,1765916249,-28.2805,153.5379,1219,223
7c7cd1,JST401,1765916250,-28.2815,153.5369,1219,225
7c7cd1,JST401,1765916252,-28.2834,153.5347,1219,226
7c7cd1,JST401,1765916254,-28.2852,153.5324,1219,228
7c7cd1,JST401,1765916257,-28.2884,153.5281,1524,230
7c7cd1,JST401,1765916260,-28.2908,153.5246,1524,232
7c7cd1,JST401,1765916265,-28.2953,153.5178,1524,234
7c7cd1,JST401,1765916272,-28.3004,153.5093,1524,236
7c7cd1,JST401,1765916282,-28.3087,153.4941,1828,238
7c7cd1,JST401,1765916298,-28.3207,153.4714,1828,239
7c7cd1,JST401,1765916321,-28.3389,153.4377,2438,237
7c7cd1,JST401,1765916357,-28.3733,153.3792,2743,235
7c7cd1,JST401,1765916375,-28.3903,153.3512,3048,235
7c7cd1,JST401,1765916400,-28.4152,153.3104,3352,235
7c7cd1,JST401,1765916425,-28.4402,153.269,3657,235
7c7cd1,JST401,1765916448,-28.4635,153.2304,3962,235
7c7cd1,JST401,1765916482,-28.4997,153.1701,3962,235
7c7cd1,JST401,1765916505,-28.5238,153.1301,4572,235
7c7cd1,JST401,1765916537,-28.5578,153.0736,4876,235
7c7cd1,JST401,1765916565,-28.5885,153.0225,5181,235
7c7cd1,JST401,1765916594,-28.6213,152.9676,5486,235
7c7cd1,JST401,1765916624,-28.6546,152.912,5791,235
7c7cd1,JST401,1765916654,-28.6876,152.8568,6096,235
7c7cd1,JST401,1765916687,-28.7258,152.7927,6400,235
7c7cd1,JST401,1765916719,-28.7633,152.7297,6705,236
7c7cd1,JST401,1765916743,-28.7915,152.6822,7010,236
7c7cd1,JST401,1765916765,-28.8161,152.6406,7315,235
7c7cd1,JST401,1765916779,-28.8312,152.6157,7315,233
7c7cd1,JST401,1765916782,-28.8357,152.6091,7315,231
7c7cd1,JST401,1765916785,-28.8399,152.6034,7315,229
7c7cd1,JST401,1765916788,-28.8437,152.5986,7315,227
7c7cd1,JST401,1765916789,-28.8457,152.5963,7315,225
7c7cd1,JST401,1765916792,-28.8501,152.5914,7315,223
7c7cd1,JST401,1765916796,-28.8549,152.5865,7315,221
7c7cd1,JST401,1765916799,-28.8594,152.5823,7315,218
7c7cd1,JST401,1765916802,-28.8642,152.5781,7315,216
7c7cd1,JST401,1765916804,-28.8669,152.576,7315,214
7c7cd1,JST401,1765916807,-28.8728,152.5716,7315,211
7c7cd1,JST401,1765916810,-28.8795,152.567,7315,209
7c7cd1,JST401,1765916822,-28.8993,152.5551,7620,207
7c7cd1,JST401,1765916904,-29.0578,152.4613,7620,207
7c7cd1,JST401,1765916909,-29.0684,152.455,7924,207
7c7cd1,JST401,1765916943,-29.1334,152.4162,7924,207
7c7cd1,JST401,1765916952,-29.1521,152.4051,8229,207
7c7cd1,JST401,1765916991,-29.2268,152.36,8229,209
7c7cd1,JST401,1765916995,-29.2348,152.3546,8229,211
7c7cd1,JST401,1765916997,-29.2392,152.3513,8229,212
7c7cd1,JST401,1765917000,-29.2446,152.3471,8229,215
7c7cd1,JST401,1765917005,-29.2534,152.3397,8229,217
7c7cd1,JST401,1765917009,-29.2588,152.3346,8229,220
7c7cd1,JST401,1765917013,-29.2657,152.3276,8229,222
7c7cd1,JST401,1765917017,-29.272,152.3207,8229,224
7c7cd1,JST401,1765917033,-29.2977,152.2899,8839,226
7c7cd1,JST401,1765917069,-29.3508,152.2261,9144,225
7c7cd1,JST401,1765917094,-29.3883,152.182,9448,225
7c7cd1,JST401,1765917134,-29.4467,152.1144,9753,225
7c7cd1,JST401,1765917162,-29.4881,152.0675,9753,223
7c7cd1,JST401,1765917166,-29.4954,152.0601,9753,220
7c7cd1,JST401,1765917169,-29.5002,152.0555,9753,218
7c7cd1,JST401,1765917172,-29.5062,152.0503,9753,216
7c7cd1,JST401,1765917176,-29.5124,152.0452,9753,214
7c7cd1,JST401,1765917181,-29.5198,152.0397,10058,212
7c7cd1,JST401,1765917183,-29.5234,152.0372,10058,211
7c7cd1,JST401,1765917186,-29.5289,152.0336,10058,209
7c7cd1,JST401,1765917189,-29.5349,152.0299,10058,207
7c7cd1,JST401,1765917191,-29.5399,152.0271,10058,205
7c7cd1,JST401,1765917193,-29.5437,152.0251,10058,204
7c7cd1,JST401,1765917196,-29.5496,152.0223,10058,202
7c7cd1,JST401,1765917199,-29.5555,152.0197,10058,200
7c7cd1,JST401,1765917202,-29.562,152.0172,10058,198
7c7cd1,JST401,1765917206,-29.5681,152.0151,10058,196
7c7cd1,JST401,1765917209,-29.5751,152.013,10058,193
7c7cd1,JST401,1765917212,-29.5817,152.0113,10058,191
7c7cd1,JST401,1765917214,-29.586,152.0105,10058,189
7c7cd1,JST401,1765917217,-29.5927,152.0093,10058,187
7c7cd1,JST401,1765917221,-29.6007,152.0082,10363,186
7c7cd1,JST401,1765917246,-29.653,152.0016,10668,186
7c7cd1,JST401,1765917284,-29.7286,151.9913,10972,186
7c7cd1,JST401,1765917324,-29.8079,151.9803,11277,186
7c7cd1,JST401,1765917422,-30.0029,151.9547,11582,186
7c7cd1,JST401,1765917485,-30.1301,151.9378,11277,186
7c7cd1,JST401,1765917486,-30.1334,151.9374,11582,186
7c7cd1,JST401,1765917487,-30.1341,151.9373,11277,186
7c7cd1,JST401,1765917488,-30.1366,151.937,11582,186
7c7cd1,JST401,1765917559,-30.2779,151.9176,11582,188
7c7cd1,JST401,1765917570,-30.2982,151.9134,11277,191
7c7cd1,JST401,1765917571,-30.3002,151.9129,11582,191
7c7cd1,JST401,1765917574,-30.3063,151.9114,11277,192
7c7cd1,JST401,1765917575,-30.3083,151.9109,11582,192
7c7cd1,JST401,1765917576,-30.3106,151.9103,11277,192
7c7cd1,JST401,1765917577,-30.3122,151.9099,11582,193
7c7cd1,JST401,1765917578,-30.3144,151.9092,11277,193
7c7cd1,JST401,1765917584,-30.3264,151.9058,11277,194
7c7cd1,JST401,1765917595,-30.3468,151.899,11582,197
7c7cd1,JST401,1765917596,-30.3484,151.8984,11277,197
7c7cd1,JST401,1765917598,-30.3525,151.8969,11582,197
7c7cd1,JST401,1765917599,-30.3536,151.8965,11277,197
7c7cd1,JST401,1765917601,-30.3581,151.8948,11582,198
7c7cd1,JST401,1765917602,-30.3607,151.8937,11277,198
7c7cd1,JST401,1765917603,-30.3615,151.8935,11582,198
7c7cd1,JST401,1765917608,-30.3711,151.8895,11277,200
7c7cd1,JST401,1765917631,-30.4141,151.8696,11582,202
7c7cd1,JST401,1765917632,-30.4148,151.8692,11277,202
7c7cd1,JST401,1765917667,-30.4777,151.8399,11582,201
7c7cd1,JST401,1765917669,-30.4813,151.8383,11277,201
7c7cd1,JST401,1765917686,-30.5118,151.8242,11582,201
7c7cd1,JST401,1765917687,-30.5147,151.8228,11277,201
7c7cd1,JST401,1765917697,-30.5329,151.8145,11582,201
7c7cd1,JST401,1765917699,-30.5365,151.8127,11277,201
7c7cd1,JST401,1765917702,-30.5423,151.8101,11582,201
7c7cd1,JST401,1765917704,-30.5463,151.8082,11277,201
7c7cd1,JST401,1765917707,-30.5503,151.8064,11582,201
7c7cd1,JST401,1765917708,-30.5521,151.8055,11277,201
7c7cd1,JST401,1765917712,-30.5597,151.802,11582,201
7c7cd1,JST401,1765917713,-30.5615,151.8012,11277,201
7c7cd1,JST401,1765917718,-30.571,151.7967,11582,201
7c7cd1,JST401,1765917719,-30.5728,151.796,11277,201
7c7cd1,JST401,1765917721,-30.5764,151.7942,11582,202
7c7cd1,JST401,1765917722,-30.5782,151.7934,11277,202
7c7cd1,JST401,1765917726,-30.5858,151.7899,11582,202
7c7cd1,JST401,1765917810,-30.7369,151.7192,11277,202
7c7cd1,JST401,1765917811,-30.7386,151.7183,11582,202
7c7cd1,JST401,1765917813,-30.7426,151.7165,11277,202
7c7cd1,JST401,1765917816,-30.7473,151.7143,11582,201
7c7cd1,JST401,1765917817,-30.7506,151.7127,11277,201
7c7cd1,JST401,1765917818,-30.7517,151.7123,11582,201
7c7cd1,JST401,1765917820,-30.756,151.7102,11277,201
7c7cd1,JST401,1765917821,-30.7582,151.7092,11582,201
7c7cd1,JST401,1765918267,-31.5765,151.328,11277,200
7c7cd1,JST401,1765918409,-31.8352,151.2115,11582,201
7c7cd1,JST401,1765918410,-31.8374,151.2105,11277,201
7c7cd1,JST401,1765918412,-31.8414,151.2087,11582,201
7c7cd1,JST401,1765918413,-31.8433,151.2079,11277,201
7c7cd1,JST401,1765918414,-31.8451,151.2071,11582,201
7c7cd1,JST401,1765918477,-31.9596,151.1555,11277,200
7c7cd1,JST401,1765918516,-32.0319,151.1233,10972,200
7c7cd1,JST401,1765918547,-32.0879,151.0982,10668,200
7c7cd1,JST401,1765918579,-32.143,151.0734,10363,200
7c7cd1,JST401,1765918611,-32.2003,151.0477,10058,200
7c7cd1,JST401,1765918645,-32.2587,151.0214,9753,200
7c7cd1,JST401,1765918676,-32.3127,150.9971,9448,200
7c7cd1,JST401,1765918707,-32.3659,150.9731,9144,200
7c7cd1,JST401,1765918732,-32.4079,150.9542,9144,200
7c7cd1,JST401,1765918741,-32.4225,150.9483,8839,197
7c7cd1,JST401,1765918745,-32.4294,150.9458,8839,196
7c7cd1,JST401,1765918753,-32.4446,150.9409,8839,194
7c7cd1,JST401,1765918762,-32.4599,150.9366,8839,192
7c7cd1,JST401,1765918772,-32.4774,150.9328,8229,189
7c7cd1,JST401,1765918777,-32.4866,150.9311,8229,188
7c7cd1,JST401,1765918786,-32.5024,150.9287,8229,185
7c7cd1,JST401,1765918796,-32.5186,150.9272,8229,183
7c7cd1,JST401,1765918804,-32.5341,150.9264,8229,181
7c7cd1,JST401,1765918808,-32.5412,150.9263,8229,180
7c7cd1,JST401,1765918818,-32.5574,150.9265,8229,178
7c7cd1,JST401,1765918826,-32.5718,150.9274,8229,175
7c7cd1,JST401,1765918837,-32.5907,150.9295,7924,173
7c7cd1,JST401,1765918870,-32.6483,150.9396,7620,171
7c7cd1,JST401,1765918909,-32.7137,150.9512,7315,171
7c7cd1,JST401,1765918955,-32.7908,150.9649,7010,171
7c7cd1,JST401,1765919003,-32.8664,150.9782,6705,171
7c7cd1,JST401,1765919039,-32.9215,150.988,6400,171
7c7cd1,JST401,1765919078,-32.9806,150.9985,6096,171
7c7cd1,JST401,1765919108,-33.0256,151.0064,5791,171
7c7cd1,JST401,1765919132,-33.0604,151.0126,5486,171
7c7cd1,JST401,1765919162,-33.1049,151.0207,5181,171
7c7cd1,JST401,1765919201,-33.1606,151.031,4876,171
7c7cd1,JST401,1765919248,-33.2281,151.0431,4572,171
7c7cd1,JST401,1765919278,-33.271,151.0509,3962,170
7c7cd1,JST401,1765919316,-33.3246,151.0612,3962,170
7c7cd1,JST401,1765919351,-33.3739,151.0707,3657,170
7c7cd1,JST401,1765919388,-33.427,151.0809,3352,170
7c7cd1,JST401,1765919434,-33.4899,151.0929,3048,170
7c7cd1,JST401,1765919471,-33.5392,151.1024,2743,170
7c7cd1,JST401,1765919506,-33.5864,151.1116,2438,170
7c7cd1,JST401,1765919553,-33.6479,151.1234,1828,170
7c7cd1,JST401,1765919585,-33.6889,151.1317,1828,168
7c7cd1,JST401,1765919587,-33.6913,151.1324,1828,166
7c7cd1,JST401,1765919589,-33.6937,151.1332,1828,164
7c7cd1,JST401,1765919590,-33.695,151.1337,1828,162
7c7cd1,JST401,1765919592,-33.6977,151.1348,1828,161
7c7cd1,JST401,1765919594,-33.7002,151.1359,1828,158
7c7cd1,JST401,1765919595,-33.7014,151.1366,1828,156
7c7cd1,JST401,1765919597,-33.7038,151.1379,1828,153
7c7cd1,JST401,1765919599,-33.7063,151.1395,1828,151
7c7cd1,JST401,1765919676,-33.7925,151.2024,1828,148
7c7cd1,JST401,1765919800,-33.929,151.3027,1524,148
7c7cd1,JST401,1765919820,-33.9519,151.3193,1524,150
7c7cd1,JST401,1765919823,-33.9547,151.3211,1524,152
7c7cd1,JST401,1765919825,-33.9568,151.3223,1524,154
7c7cd1,JST401,1765919827,-33.9592,151.3235,1524,157
7c7cd1,JST401,1765919828,-33.9607,151.3242,1524,159
7c7cd1,JST401,1765919829,-33.9621,151.3248,1524,161
7c7cd1,JST401,1765919830,-33.9633,151.3252,1524,162
7c7cd1,JST401,1765919831,-33.9643,151.3256,1524,163
7c7cd1,JST401,1765919833,-33.967,151.3264,1524,166
7c7cd1,JST401,1765919884,-34.0305,151.3426,1219,168
7c7cd1,JST401,1765919917,-34.0724,151.3538,914,167
7c7cd1,JST401,1765919988,-34.1566,151.3761,914,168
7c7cd1,JST401,1765919991,-34.1591,151.3766,914,170
7c7cd1,JST401,1765919992,-34.1605,151.3769,914,171
7c7cd1,JST401,1765919993,-34.1618,151.3771,914,173
7c7cd1,JST401,1765919994,-34.1629,151.3771,914,175
7c7cd1,JST401,1765919995,-34.1634,151.3771,914,176
7c7cd1,JST401,1765919996,-34.1657,151.3772,914,180
7c7cd1,JST401,1765919998,-34.168,151.3771,914,182
7c7cd1,JST401,1765919999,-34.1685,151.377,914,186
7c7cd1,JST401,1765920000,-34.1698,151.3768,914,186
7c7cd1,JST401,1765920001,-34.1716,151.3765,914,190
7c7cd1,JST401,1765920003,-34.1736,151.3759,914,192
7c7cd1,JST401,1765920004,-34.1747,151.3756,914,195
7c7cd1,JST401,1765920005,-34.1758,151.3751,914,195
7c7cd1,JST401,1765920006,-34.177,151.3746,914,200
7c7cd1,JST401,1765920007,-34.178,151.3741,914,201
7c7cd1,JST401,1765920008,-34.1791,151.3736,914,204
7c7cd1,JST401,1765920009,-34.1799,151.373,914,206
7c7cd1,JST401,1765920010,-34.1808,151.3724,914,207
7c7cd1,JST401,1765920011,-34.182,151.3716,914,210
7c7cd1,JST401,1765920012,-34.1829,151.3709,914,211
7c7cd1,JST401,1765920014,-34.184,151.3701,914,213
7c7cd1,JST401,1765920015,-34.1852,151.369,914,216
7c7cd1,JST401,1765920016,-34.1856,151.3686,914,217
7c7cd1,JST401,1765920017,-34.1866,151.3676,914,219
7c7cd1,JST401,1765920018,-34.1873,151.3669,914,221
7c7cd1,JST401,1765920019,-34.1882,151.3658,914,223
7c7cd1,JST401,1765920020,-34.1889,151.3649,914,228
7c7cd1,JST401,1765920022,-34.1905,151.3627,914,230
7c7cd1,JST401,1765920023,-34.1912,151.3614,914,232
7c7cd1,JST401,1765920024,-34.1917,151.3606,914,234
7c7cd1,JST401,1765920025,-34.1924,151.3593,914,238
7c7cd1,JST401,1765920026,-34.1931,151.358,609,240
7c7cd1,JST401,1765920028,-34.194,151.3557,609,242
7c7cd1,JST401,1765920029,-34.1944,151.3547,609,246
7c7cd1,JST401,1765920030,-34.1949,151.353,609,248
7c7cd1,JST401,1765920031,-34.1953,151.3518,609,250
7c7cd1,JST401,1765920032,-34.1956,151.3506,609,252
7c7cd1,JST401,1765920033,-34.196,151.3491,609,255
7c7cd1,JST401,1765920034,-34.196,151.3487,609,257
7c7cd1,JST401,1765920035,-34.1963,151.3466,609,259
7c7cd1,JST401,1765920036,-34.1965,151.3454,609,261
7c7cd1,JST401,1765920038,-34.1966,151.3441,609,263
7c7cd1,JST401,1765920039,-34.1967,151.3424,609,265
7c7cd1,JST401,1765920040,-34.1968,151.3411,609,267
7c7cd1,JST401,1765920041,-34.1968,151.3401,609,269
7c7cd1,JST401,1765920042,-34.1967,151.3389,609,273
7c7cd1,JST401,1765920043,-34.1966,151.3376,609,273
7c7cd1,JST401,1765920044,-34.1965,151.3361,609,278
7c7cd1,JST401,1765920045,-34.1963,151.3349,609,280
7c7cd1,JST401,1765920047,-34.1959,151.3327,609,282
7c7cd1,JST401,1765920048,-34.1956,151.3316,609,284
7c7cd1,JST401,1765920049,-34.1954,151.3306,609,286
7c7cd1,JST401,1765920050,-34.1949,151.329,609,291
7c7cd1,JST401,1765920051,-34.1945,151.3279,609,293
7c7cd1,JST401,1765920052,-34.1941,151.3268,609,295
7c7cd1,JST401,1765920053,-34.1936,151.3257,609,297
7c7cd1,JST401,1765920054,-34.1932,151.3247,609,300
7c7cd1,JST401,1765920055,-34.1926,151.3236,609,301
7c7cd1,JST401,1765920056,-34.1919,151.3222,609,304
7c7cd1,JST401,1765920057,-34.1913,151.3213,609,306
7c7cd1,JST401,1765920058,-34.1906,151.3204,609,308
7c7cd1,JST401,1765920059,-34.1899,151.3193,609,311
7c7cd1,JST401,1765920060,-34.1892,151.3184,609,313
7c7cd1,JST401,1765920062,-34.1885,151.3176,609,315
7c7cd1,JST401,1765920063,-34.1879,151.3169,609,317
7c7cd1,JST401,1765920064,-34.187,151.316,609,318
7c7cd1,JST401,1765920065,-34.1863,151.3153,609,320
7c7cd1,JST401,1765920066,-34.1855,151.3145,609,321
7c7cd1,JST401,1765920176,-34.1041,151.2461,304,323
7c7cd1,JST401,1765920204,-34.0845,151.2292,304,326
7c7cd1,JST401,1765920207,-34.0826,151.2278,304,328
7c7cd1,JST401,1765920209,-34.0813,151.2269,304,330
7c7cd1,JST401,1765920211,-34.08,151.2261,304,333
7c7cd1,JST401,1765920213,-34.0785,151.2252,304,334
7c7cd1,JST401,1765920216,-34.0761,151.224,304,336
7c7cd1,JST401,1765920221,-34.072,151.222,304,338
7c7cd1,JST401,1765920226,-34.0682,151.2204,304,341
7c7cd1,JST401,1765920235,-34.0618,151.2179,304,343
7c7cd1,JST401,1765920244,-34.0551,151.2157,304,345
7c7cd1,JST401,1765920274,-34.0344,151.2103,0,348
7c7cd1,JST401,1765920361,-33.9822,151.1968,-304,347
7c7cd1,JST401,1765920433,-33.9526,151.1882,-304,347
7c7cd1,JST401,1765920443,-33.9515,151.187,-304,318
7c7cd1,JST401,1765920620,-33.9438,151.1775,-304,318
a01866,N105MM,1765922447,44.1514,-93.9252,1219,0
a01866,N105MM,1765922448,44.1505,-93.9251,1219,175
a01866,N105MM,1765922482,44.1287,-93.9222,1524,174
a01866,N105MM,1765922501,44.1159,-93.9208,1524,174
a01866,N105MM,1765922502,44.1153,-93.9207,1524,172
a01866,N105MM,1765922503,44.1146,-93.9205,1524,170
a01866,N105MM,1765922504,44.1138,-93.9204,1524,169
a01866,N105MM,1765922506,44.1124,-93.92,1524,167
a01866,N105MM,1765922508,44.1112,-93.9195,1524,165
a01866,N105MM,1765922512,44.1085,-93.9185,1524,163
a01866,N105MM,1765922514,44.1072,-93.9179,1524,162
a01866,N105MM,1765922517,44.1052,-93.917,1524,160
a01866,N105MM,1765922525,44.0999,-93.9141,1828,158
a01866,N105MM,1765922542,44.0887,-93.9078,1828,158
a01866,N105MM,1765922557,44.0777,-93.9024,1828,160
a01866,N105MM,1765922558,44.0768,-93.902,1828,158
a01866,N105MM,1765922559,44.0764,-93.9017,1828,158
a01866,N105MM,1765922560,44.0753,-93.901,1828,152
a01866,N105MM,1765922563,44.0732,-93.899,1828,138
a01866,N105MM,1765922564,44.0726,-93.8982,1828,134
a01866,N105MM,1765922565,44.072,-93.8971,1828,130
a01866,N105MM,1765922566,44.0714,-93.8962,1828,125
a01866,N105MM,1765922568,44.0705,-93.894,1828,116
a01866,N105MM,1765922571,44.0695,-93.89,1828,104
a01866,N105MM,1765922574,44.0689,-93.8861,1828,102
a01866,N105MM,1765922577,44.0682,-93.8829,1828,105
a01866,N105MM,1765922578,44.0676,-93.8812,1828,119
a01866,N105MM,1765922579,44.067,-93.8801,1828,125
a01866,N105MM,1765922580,44.0664,-93.8789,1828,130
a01866,N105MM,1765922581,44.0658,-93.8781,1828,137
a01866,N105MM,1765922582,44.0652,-93.8774,1828,141
a01866,N105MM,1765922583,44.0647,-93.877,1828,148
a01866,N105MM,1765922584,44.0638,-93.8763,1828,151
a01866,N105MM,1765922585,44.063,-93.8757,1828,155
a01866,N105MM,1765922586,44.062,-93.8752,1828,160
a01866,N105MM,1765922587,44.0613,-93.8748,1828,161
a01866,N105MM,1765922588,44.0608,-93.8746,1828,165
a01866,N105MM,1765922641,44.0163,-93.8614,1828,167
a01866,N105MM,1765922649,44.01,-93.8593,1828,164
a01866,N105MM,1765922652,44.0078,-93.8584,1828,162
a01866,N105MM,1765922653,44.0071,-93.8581,1828,160
a01866,N105MM,1765922655,44.0054,-93.8566,1828,139
a01866,N105MM,1765922661,44.0039,-93.8508,1828,139
a01866,N105MM,1765922662,44.004,-93.8503,1828,83
a01866,N105MM,1765922663,44.0042,-93.8487,1828,68
a01866,N105MM,1765922666,44.0052,-93.8467,1828,68
a01866,N105MM,1765922667,44.0063,-93.8457,1828,25
a01866,N105MM,1765922668,44.0068,-93.8455,1828,13
a01866,N105MM,1765922669,44.007,-93.8454,1828,7
a01866,N105MM,1765922670,44.0077,-93.8455,1828,348
a01866,N105MM,1765922672,44.0085,-93.8461,1828,318
a01866,N105MM,1765922673,44.0088,-93.8466,1828,301
a01866,N105MM,1765922674,44.0089,-93.8471,1828,280
a01866,N105MM,1765922675,44.0089,-93.8477,1828,263
a01866,N105MM,1765922676,44.0088,-93.8482,1828,250
a01866,N105MM,1765922677,44.0085,-93.8489,1828,233
a01866,N105MM,1765922678,44.0082,-93.8493,1828,219
a01866,N105MM,1765922679,44.008,-93.8496,1828,214
a01866,N105MM,1765922680,44.0074,-93.8499,1828,198
a01866,N105MM,1765922681,44.0065,-93.8502,1828,187
a01866,N105MM,1765922682,44.0059,-93.8503,1828,181
a01866,N105MM,1765922683,44.0052,-93.8502,1828,175
a01866,N105MM,1765922686,44.0033,-93.8499,1828,173
a01866,N105MM,1765922688,44.0016,-93.8497,1828,175
a01866,N105MM,1765922689,44.0009,-93.8496,1828,179
a01866,N105MM,1765922690,44.0002,-93.8497,1828,185
a01866,N105MM,1765922692,43.9989,-93.8504,1828,209
a01866,N105MM,1765922696,43.9979,-93.8525,1828,209
a01866,N105MM,1765922697,43.9979,-93.8531,1828,277
a01866,N105MM,1765922698,43.998,-93.8535,1828,277
a01866,N105MM,1765922700,43.9985,-93.8545,1828,317
a01866,N105MM,1765922701,43.9988,-93.8549,1828,317
a01866,N105MM,1765922704,44.0008,-93.8548,1828,20
a01866,N105MM,1765922705,44.0013,-93.8544,1828,31
a01866,N105MM,1765922706,44.0018,-93.8539,1828,37
a01866,N105MM,1765922707,44.0023,-93.8531,1828,50
a01866,N105MM,1765922708,44.0027,-93.8523,1828,50
a01866,N105MM,1765922709,44.003,-93.8514,1828,68
a01866,N105MM,1765922712,44.0033,-93.8481,1828,92
a01866,N105MM,1765922713,44.0032,-93.8469,1828,100
a01866,N105MM,1765922715,44.0025,-93.8446,1828,117
a01866,N105MM,1765922716,44.0023,-93.8441,1828,122
a01866,N105MM,1765922717,44.0015,-93.8427,1828,133
a01866,N105MM,1765922718,44.0009,-93.8419,1828,141
a01866,N105MM,1765922719,44.0,-93.8412,1828,151
a01866,N105MM,1765922720,43.9993,-93.8408,1828,154
a01866,N105MM,1765922722,43.9978,-93.8402,1828,168
a01866,N105MM,1765922742,43.983,-93.8361,1828,167
a01866,N105MM,1765922746,43.9806,-93.8353,1828,164
a01866,N105MM,1765922751,43.9781,-93.8343,1828,162
a01866,N105MM,1765922753,43.9771,-93.8338,1828,160
a01866,N105MM,1765922755,43.9763,-93.8334,1828,159
a01866,N105MM,1765922764,43.9721,-93.8311,1828,157
a01866,N105MM,1765922766,43.9712,-93.8306,1828,158
a01866,N105MM,1765922778,43.9647,-93.8275,1828,160
a01866,N105MM,1765922782,43.9628,-93.8264,1828,158
a01866,N105MM,1765922784,43.962,-93.8261,1828,157
a01866,N105MM,1765922786,43.961,-93.8254,1828,155
a01866,N105MM,1765922789,43.9599,-93.8247,1828,152
a01866,N105MM,1765922790,43.9596,-93.8244,1828,151
a01866,N105MM,1765922791,43.9592,-93.8242,1828,150
a01866,N105MM,1765922792,43.959,-93.824,1828,148
a01866,N105MM,1765922795,43.958,-93.823,1828,147
a01866,N105MM,1765922796,43.9576,-93.8227,1828,148
a01866,N105MM,1765922797,43.9573,-93.8225,1828,150
a01866,N105MM,1765922798,43.957,-93.8223,1828,151
a01866,N105MM,1765922799,43.9565,-93.822,1828,155
a01866,N105MM,1765922800,43.9558,-93.8216,1828,157
a01866,N105MM,1765922802,43.955,-93.8211,1828,159
a01866,N105MM,1765922804,43.9537,-93.8206,1828,161
a01866,N105MM,1765922805,43.9534,-93.8204,1828,163
a01866,N105MM,1765922806,43.9524,-93.8201,1828,165
a01866,N105MM,1765922808,43.9516,-93.8199,1828,171
a01866,N105MM,1765922809,43.9514,-93.8199,1828,171
a01866,N105MM,1765922810,43.951,-93.8199,1828,183
a01866,N105MM,1765922817,43.9502,-93.8212,1828,183
a01866,N105MM,1765922819,43.9506,-93.8218,1828,330
a01866,N105MM,1765922820,43.951,-93.822,1828,347
a01866,N105MM,1765922821,43.9515,-93.8221,1828,356
a01866,N105MM,1765922822,43.952,-93.822,1828,4
a01866,N105MM,1765922823,43.9523,-93.8219,1828,10
a01866,N105MM,1765922865,43.9806,-93.8127,1828,12
a01866,N105MM,1765922867,43.9812,-93.8124,1828,33
a01866,N105MM,1765922868,43.9815,-93.8121,1828,44
a01866,N105MM,1765922869,43.9814,-93.8118,1828,117
a01866,N105MM,1765922870,43.9813,-93.8116,1828,135
a01866,N105MM,1765922871,43.9811,-93.8113,1828,142
a01866,N105MM,1765922872,43.9808,-93.8111,1828,146
a01866,N105MM,1765922873,43.9805,-93.8108,1828,149
a01866,N105MM,1765922874,43.9802,-93.8106,1828,150
a01866,N105MM,1765922875,43.9798,-93.8103,1828,152
a01866,N105MM,1765922878,43.9791,-93.8098,1828,154
a01866,N105MM,1765922880,43.9789,-93.8093,1828,74
a01866,N105MM,1765922881,43.9795,-93.809,1828,14
a01866,N105MM,1765922882,43.9801,-93.8089,1828,12
a01866,N105MM,1765922898,43.9906,-93.8058,1828,11
a01866,N105MM,1765922905,43.9951,-93.8044,1828,13
a01866,N105MM,1765922914,44.0013,-93.8022,1828,15
a01866,N105MM,1765922915,44.002,-93.802,1828,18
a01866,N105MM,1765922916,44.0028,-93.8016,1828,22
a01866,N105MM,1765922917,44.003,-93.8014,1828,25
a01866,N105MM,1765922918,44.0035,-93.801,1828,42
a01866,N105MM,1765922919,44.0035,-93.8007,1828,63
a01866,N105MM,1765922920,44.0036,-93.8006,1828,70
a01866,N105MM,1765922921,44.0035,-93.8003,2438,105
a01866,N105MM,1765922922,44.0034,-93.8001,2438,105
a01866,N105MM,1765922923,44.0032,-93.7999,2438,141
a01866,N105MM,1765922924,44.0029,-93.7996,2438,148
a01866,N105MM,1765922925,44.0026,-93.7994,2438,150
a01866,N105MM,1765922930,44.0018,-93.7983,1828,153
a01866,N105MM,1765922931,44.0022,-93.7981,1828,22
a01866,N105MM,1765922932,44.0027,-93.7979,1828,14
a01866,N105MM,1765922933,44.0033,-93.7976,1828,12
a01866,N105MM,1765922934,44.004,-93.7974,1828,11
a01866,N105MM,1765922948,44.0131,-93.7947,1828,13
a01866,N105MM,1765922957,44.0192,-93.7926,1828,15
a01866,N105MM,1765922958,44.0202,-93.7922,1828,10
a01866,N105MM,1765922959,44.0205,-93.7921,1828,19
a01866,N105MM,1765922960,44.0215,-93.7917,1828,17
a01866,N105MM,1765922961,44.0222,-93.7913,1828,16
a01866,N105MM,1765922963,44.0237,-93.7908,1828,14
a01866,N105MM,1765922964,44.0237,-93.7908,1828,21
a01866,N105MM,1765922965,44.0249,-93.7909,1828,352
a01866,N105MM,1765922966,44.0253,-93.791,1828,352
a01866,N105MM,1765922967,44.0262,-93.7899,1828,15
a01866,N105MM,1765922981,44.0359,-93.7859,1828,15
a01866,N105MM,1765922987,44.0382,-93.786,1828,342
a01866,N105MM,1765922988,44.0383,-93.7862,1828,310
a01866,N105MM,1765922989,44.0384,-93.7865,1828,211
a01866,N105MM,1765922990,44.0385,-93.7871,1828,277
a01866,N105MM,1765922991,44.0385,-93.7875,1828,262
a01866,N105MM,1765922992,44.0384,-93.788,1828,249
a01866,N105MM,1765922993,44.0382,-93.7884,1828,234
a01866,N105MM,1765922994,44.0381,-93.7887,1828,219
a01866,N105MM,1765922995,44.0375,-93.7892,1828,213
a01866,N105MM,1765922996,44.0373,-93.7895,1828,205
a01866,N105MM,1765922997,44.0364,-93.7899,1828,196
a01866,N105MM,1765922998,44.0357,-93.7901,1828,188
a01866,N105MM,1765922999,44.0351,-93.7902,1828,183
a01866,N105MM,1765923000,44.0347,-93.7902,1828,176
a01866,N105MM,1765923001,44.0335,-93.79,1828,172
a01866,N105MM,1765923003,44.0319,-93.7895,1828,170
a01866,N105MM,1765923004,44.031,-93.7893,1828,165
a01866,N105MM,1765923013,44.0231,-93.7863,1828,165
a01866,N105MM,1765923014,44.0224,-93.7861,1828,162
a01866,N105MM,1765923015,44.0222,-93.7859,1828,153
a01866,N105MM,1765923017,44.0217,-93.7852,1828,153
a01866,N105MM,1765923018,44.0218,-93.7849,2438,64
a01866,N105MM,1765923019,44.0219,-93.7847,2438,81
a01866,N105MM,1765923020,44.0219,-93.7844,2438,92
a01866,N105MM,1765923021,44.0222,-93.7842,2438,291
a01866,N105MM,1765923022,44.0225,-93.7839,2438,39
a01866,N105MM,1765923023,44.0228,-93.7835,2438,35
a01866,N105MM,1765923026,44.0239,-93.7824,2438,35
a01866,N105MM,1765923027,44.024,-93.7822,2438,33
a01866,N105MM,1765923028,44.0243,-93.782,2438,31
a01866,N105MM,1765923029,44.025,-93.7815,2438,29
a01866,N105MM,1765923030,44.0254,-93.7811,2438,27
a01866,N105MM,1765923032,44.0264,-93.7805,1828,25
a01866,N105MM,1765923033,44.027,-93.7801,1828,24
a01866,N105MM,1765923034,44.0275,-93.7798,1828,23
a01866,N105MM,1765923038,44.0299,-93.7785,1828,20
a01866,N105MM,1765923041,44.0319,-93.7775,1828,18
a01866,N105MM,1765923062,44.0465,-93.7715,1828,16
a01866,N105MM,1765923064,44.0479,-93.7708,1828,25
a01866,N105MM,1765923066,44.0483,-93.7703,2438,77
a01866,N105MM,1765923067,44.0482,-93.7701,2438,118
a01866,N105MM,1765923070,44.0476,-93.7693,2438,147
a01866,N105MM,1765923071,44.0474,-93.7691,2438,147
a01866,N105MM,1765923072,44.0469,-93.7688,2438,153
a01866,N105MM,1765923074,44.0461,-93.7681,2438,140
a01866,N105MM,1765923075,44.0457,-93.7677,2438,138
a01866,N105MM,1765923077,44.0448,-93.7671,2438,157
a01866,N105MM,1765923078,44.0441,-93.7668,2438,161
a01866,N105MM,1765923079,44.0435,-93.7665,2438,165
a01866,N105MM,1765923082,44.0413,-93.7658,1828,167
a01866,N105MM,1765923091,44.0344,-93.7638,1828,168
a01866,N105MM,1765923093,44.0328,-93.7635,1828,171
a01866,N105MM,1765923094,44.0321,-93.7633,1828,172
a01866,N105MM,1765923095,44.0317,-93.7633,1828,174
a01866,N105MM,1765923096,44.0307,-93.7633,2438,183
a01866,N105MM,1765923097,44.0302,-93.7634,2438,188
a01866,N105MM,1765923099,44.0298,-93.7636,2438,204
a01866,N105MM,1765923100,44.0294,-93.7639,2438,204
a01866,N105MM,1765923101,44.0291,-93.7643,2438,230
a01866,N105MM,1765923103,44.0288,-93.765,2438,253
a01866,N105MM,1765923104,44.0288,-93.7653,2438,271
a01866,N105MM,1765923105,44.0289,-93.7658,2438,297
a01866,N105MM,1765923106,44.0291,-93.766,2438,313
a01866,N105MM,1765923107,44.0293,-93.7663,2438,328
a01866,N105MM,1765923108,44.0297,-93.7665,1828,328
a01866,N105MM,1765923109,44.03,-93.7666,1828,350
a01866,N105MM,1765923110,44.0302,-93.7666,1828,357
a01866,N105MM,1765923112,44.0312,-93.7665,1828,6
a01866,N105MM,1765923113,44.032,-93.7663,1828,13
a01866,N105MM,1765923115,44.033,-93.766,1828,15
a01866,N105MM,1765923121,44.0366,-93.7645,1828,16
a01866,N105MM,1765923128,44.0404,-93.7628,1828,18
a01866,N105MM,1765923135,44.0438,-93.7613,1828,16
a01866,N105MM,1765923142,44.0478,-93.7597,1828,14
a01866,N105MM,1765923156,44.0571,-93.7566,1828,13
a01866,N105MM,1765923158,44.0582,-93.7562,1828,16
a01866,N105MM,1765923159,44.0586,-93.756,1828,27
a01866,N105MM,1765923160,44.0587,-93.7557,1828,69
a01866,N105MM,1765923161,44.0587,-93.7555,1828,80
a01866,N105MM,1765923163,44.0587,-93.7552,1828,95
a01866,N105MM,1765923164,44.0586,-93.7546,1828,97
a01866,N105MM,1765923165,44.0586,-93.7543,2438,99
a01866,N105MM,1765923166,44.0586,-93.7542,2438,97
a01866,N105MM,1765923277,44.0192,-93.7369,1828,266
a01866,N105MM,1765923314,44.0177,-93.7662,1828,264
a01866,N105MM,1765923331,44.017,-93.7806,1828,266
a01866,N105MM,1765923337,44.0167,-93.7853,1828,263
a01866,N105MM,1765923363,44.0103,-93.7809,1828,190
a01866,N105MM,1765923364,44.0101,-93.7811,1828,190
a01866,N105MM,1765923367,44.0088,-93.7828,1828,230
a01866,N105MM,1765923368,44.0086,-93.7831,1828,230
a01866,N105MM,1765923369,44.0083,-93.7841,1828,242
a01866,N105MM,1765923370,44.0082,-93.7843,1828,242
a01866,N105MM,1765923372,44.008,-93.7863,1828,265
a01866,N105MM,1765923395,44.0075,-93.8038,1828,267
a01866,N105MM,1765923404,44.0098,-93.8022,2438,43
a01866,N105MM,1765923405,44.0096,-93.802,2438,138
a01866,N105MM,1765923406,44.009,-93.8016,1828,156
a01866,N105MM,1765923407,44.0083,-93.8014,1828,156
a01866,N105MM,1765923408,44.0075,-93.8011,1828,169
a01866,N105MM,1765923444,43.9769,-93.7935,1828,169
a01866,N105MM,1765923449,43.9729,-93.7926,1828,170
a01866,N105MM,1765923454,43.969,-93.7917,1828,169
a01866,N105MM,1765923457,43.967,-93.791,1828,167
a01866,N105MM,1765923458,43.9667,-93.7908,2438,157
a01866,N105MM,1765923459,43.9667,-93.7904,2438,123
a01866,N105MM,1765923460,43.9668,-93.7901,2438,123
a01866,N105MM,1765923461,43.9669,-93.7898,2438,64
a01866,N105MM,1765923462,43.9672,-93.7893,2438,52
a01866,N105MM,1765923463,43.9673,-93.7891,2438,52
a01866,N105MM,1765923464,43.9674,-93.7889,2438,48
a01866,N105MM,1765923465,43.9678,-93.7884,2438,49
a01866,N105MM,1765923466,43.9679,-93.788,2438,57
a01866,N105MM,1765923469,43.9671,-93.7873,1828,159
a01866,N105MM,1765923470,43.9663,-93.7871,1828,169
a01866,N105MM,1765923475,43.9624,-93.7862,1828,169
a01866,N105MM,1765923477,43.9612,-93.7859,1828,167
a01866,N105MM,1765923479,43.9605,-93.7856,1828,165
a01866,N105MM,1765923482,43.9599,-93.7853,2438,145
a01866,N105MM,1765923493,43.9593,-93.7829,1828,74
a01866,N105MM,1765923494,43.9595,-93.7828,1828,40
a01866,N105MM,1765923495,43.9602,-93.7823,1828,21
a01866,N105MM,1765923496,43.9608,-93.782,1828,16
a01866,N105MM,1765923497,43.9611,-93.7819,1828,16
a01866,N105MM,1765923498,43.9622,-93.7816,1828,14
a01866,N105MM,1765923502,43.965,-93.7804,1828,15
a01866,N105MM,1765923503,43.9655,-93.7802,1828,21
a01866,N105MM,1765923504,43.9657,-93.7798,1828,37
a01866,N105MM,1765923505,43.9659,-93.7797,1828,37
a01866,N105MM,1765923506,43.9659,-93.7791,1828,76
a01866,N105MM,1765923507,43.966,-93.7781,2438,82
a01866,N105MM,1765923510,43.9662,-93.7757,2438,82
a01866,N105MM,1765923513,43.9663,-93.7747,1828,80
a01866,N105MM,1765923514,43.9664,-93.7752,1828,277
a01866,N105MM,1765923516,43.9663,-93.7766,1828,267
a01866,N105MM,1765923527,43.9659,-93.7854,1828,265
a01866,N105MM,1765923539,43.9653,-93.7953,1828,263
a01866,N105MM,1765923548,43.9646,-93.8023,1828,262
a01866,N105MM,1765923576,43.9627,-93.8253,1828,262
a01866,N105MM,1765923579,43.9624,-93.8278,1828,263
a01866,N105MM,1765923580,43.9624,-93.8283,1828,259
a01866,N105MM,1765923582,43.9621,-93.8298,1828,258
a01866,N105MM,1765923585,43.962,-93.8317,1828,269
a01866,N105MM,1765923588,43.9623,-93.8336,1828,270
a01866,N105MM,1765923589,43.9624,-93.8342,1828,284
a01866,N105MM,1765923591,43.9625,-93.8349,1828,284
a01866,N105MM,1765923593,43.9626,-93.8373,1828,271
a01866,N105MM,1765923595,43.9628,-93.8387,1828,278
a01866,N105MM,1765923599,43.963,-93.8417,1828,276
a01866,N105MM,1765923600,43.963,-93.8421,1828,272
a01866,N105MM,1765923601,43.963,-93.8433,1828,270
a01866,N105MM,1765923602,43.963,-93.844,1828,268
a01866,N105MM,1765923626,43.962,-93.8624,1828,266
a01866,N105MM,1765923627,43.962,-93.8631,1828,262
a01866,N105MM,1765923631,43.9617,-93.8658,1828,263
a01866,N105MM,1765923632,43.9617,-93.8664,1828,267
a01866,N105MM,1765923637,43.9619,-93.8706,1828,272
a01866,N105MM,1765923638,43.9621,-93.8714,1828,284
a01866,N105MM,1765923640,43.9623,-93.8726,1828,280
a01866,N105MM,1765923641,43.9623,-93.8731,1828,280
a01866,N105MM,1765923642,43.9624,-93.8744,1828,275
a01866,N105MM,1765923646,43.9626,-93.8781,1828,274
a01866,N105MM,1765923647,43.9626,-93.8785,1828,271
a01866,N105MM,1765923648,43.9626,-93.8796,1828,269
a01866,N105MM,1765923657,43.9623,-93.8872,1828,266
a01866,N105MM,1765923660,43.9623,-93.8885,1828,270
a01866,N105MM,1765923663,43.9623,-93.8891,1828,276
a01866,N105MM,1765923670,43.9643,-93.891,1828,315
a01866,N105MM,1765923672,43.9648,-93.8907,1828,21
a01866,N105MM,1765923673,43.9654,-93.8903,1828,27
a01866,N105MM,1765923678,43.9676,-93.8885,1828,28
a01866,N105MM,1765923679,43.968,-93.8882,1828,23
a01866,N105MM,1765923680,43.9684,-93.8879,1828,23
a01866,N105MM,1765923681,43.969,-93.8877,1828,19
a01866,N105MM,1765923682,43.9695,-93.8875,1828,16
a01866,N105MM,1765923683,43.9701,-93.8873,1828,14
a01866,N105MM,1765923685,43.9713,-93.8869,1828,13
a01866,N105MM,1765923687,43.972,-93.8867,1828,11
a01866,N105MM,1765923696,43.9772,-93.8855,1828,10
a01866,N105MM,1765923697,43.9777,-93.8853,1828,14
a01866,N105MM,1765923710,43.985,-93.8825,1828,15
a01866,N105MM,1765923713,43.9863,-93.882,1828,14
a01866,N105MM,1765923717,43.9885,-93.8808,1828,20
a01866,N105MM,1765923719,43.9897,-93.88,1828,25
a01866,N105MM,1765923722,43.9918,-93.8792,1828,16
a01866,N105MM,1765923727,43.9947,-93.8779,1828,16
a01866,N105MM,1765923733,43.9984,-93.8763,1828,15
a01866,N105MM,1765923736,44.0003,-93.8757,1828,13
a01866,N105MM,1765923746,44.0059,-93.8742,1524,11
a01866,N105MM,1765923747,44.0068,-93.874,1524,11
a01866,N105MM,1765923749,44.0081,-93.8736,1524,14
a01866,N105MM,1765923750,44.0089,-93.8733,1524,16
a01866,N105MM,1765923751,44.0091,-93.8731,1524,20
a01866,N105MM,1765923752,44.01,-93.8726,1828,20
a01866,N105MM,1765923754,44.0112,-93.872,1828,19
a01866,N105MM,1765923755,44.0121,-93.872,1828,9
a01866,N105MM,1765923758,44.0137,-93.8714,1828,9
a01866,N105MM,1765923768,44.0191,-93.8702,1828,9
a01866,N105MM,1765923771,44.0203,-93.8699,1828,10
a01866,N105MM,1765923775,44.0224,-93.8694,1524,7
a01866,N105MM,1765923776,44.023,-93.8693,1524,4
a01866,N105MM,1765923784,44.0273,-93.8689,1524,4
a01866,N105MM,1765923785,44.0277,-93.8688,1524,8
a01866,N105MM,1765923786,44.0284,-93.8686,1524,12
a01866,N105MM,1765923787,44.029,-93.8683,1524,24
a01866,N105MM,1765923788,44.0294,-93.8679,1828,30
a01866,N105MM,1765923789,44.0297,-93.8677,1828,41
a01866,N105MM,1765923790,44.0303,-93.8668,1828,51
a01866,N105MM,1765923791,44.0305,-93.8663,1828,59
a01866,N105MM,1765923792,44.0307,-93.8655,1828,68
a01866,N105MM,1765923793,44.0309,-93.8648,1828,78
a01866,N105MM,1765923794,44.031,-93.8641,1828,85
a01866,N105MM,1765923795,44.0309,-93.8631,1828,95
a01866,N105MM,1765923796,44.0309,-93.8627,1828,95
a01866,N105MM,1765923797,44.0306,-93.8614,1828,110
a01866,N105MM,1765923799,44.0299,-93.8598,1828,119
a01866,N105MM,1765923800,44.0295,-93.8592,1828,133
a01866,N105MM,1765923801,44.0292,-93.8589,1828,137
a01866,N105MM,1765923803,44.0285,-93.8583,1828,158
a01866,N105MM,1765923805,44.0271,-93.8579,1828,169
a01866,N105MM,1765923806,44.0262,-93.8576,1828,166
a01866,N105MM,1765923807,44.026,-93.8575,1828,166
a01866,N105MM,1765923808,44.0254,-93.8572,1828,162
a01866,N105MM,1765923809,44.0251,-93.8571,1828,155
a01866,N105MM,1765923810,44.0243,-93.8565,1828,152
a01866,N105MM,1765923811,44.024,-93.8563,1828,151
a01866,N105MM,1765923813,44.0225,-93.8554,1828,160
a01866,N105MM,1765923814,44.022,-93.8552,1828,165
a01866,N105MM,1765923815,44.0213,-93.855,1828,168
a01866,N105MM,1765923823,44.0163,-93.8494,1219,135
a01866,N105MM,1765923837,44.007,-93.8366,1524,135
a01866,N105MM,1765923840,44.0051,-93.8342,1524,134
a01866,N105MM,1765923841,44.0047,-93.8338,1524,142
a01866,N105MM,1765923843,44.0033,-93.8322,1219,141
a01866,N105MM,1765923846,44.0012,-93.8295,1219,134
a01866,N105MM,1765923847,44.0005,-93.8284,1219,132
a01866,N105MM,1765923863,43.9911,-93.8134,1219,131
a01866,N105MM,1765923864,43.9906,-93.8125,1219,131
a01866,N105MM,1765923865,43.99,-93.8117,1524,134
a01866,N105MM,1765923866,43.9893,-93.8109,1524,140
a01866,N105MM,1765923867,43.9887,-93.8104,1524,144
a01866,N105MM,1765923868,43.9882,-93.8098,1524,144
a01866,N105MM,1765923869,43.9876,-93.8094,1524,151
a01866,N105MM,1765923870,43.9868,-93.8089,1524,155
a01866,N105MM,1765923871,43.9866,-93.8087,1524,155
a01866,N105MM,1765923873,43.9854,-93.8081,1524,160
a01866,N105MM,1765923888,43.9755,-93.8044,1524,163
a01866,N105MM,1765923896,43.9706,-93.8022,1828,161
a01866,N105MM,1765923907,43.9639,-93.799,1828,163
a01866,N105MM,1765923908,43.9633,-93.7989,1828,168
a01866,N105MM,1765923910,43.9622,-93.7987,1828,173
a01866,N105MM,1765923911,43.9616,-93.7987,1828,182
a01866,N105MM,1765923915,43.9598,-93.7992,1828,182
a01866,N105MM,1765923917,43.9592,-93.7998,1828,213
a01866,N105MM,1765923918,43.9589,-93.8002,1828,219
a01866,N105MM,1765923919,43.9587,-93.8006,1828,224
a01866,N105MM,1765923922,43.9583,-93.8013,1828,242
a01866,N105MM,1765923923,43.9579,-93.8023,1828,248
a01866,N105MM,1765923924,43.9579,-93.8027,1828,254
a01866,N105MM,1765923925,43.9578,-93.8032,1828,257
a01866,N105MM,1765923936,43.9572,-93.8082,1828,260
a01866,N105MM,1765923937,43.9571,-93.8093,1828,265
a01866,N105MM,1765923942,43.9571,-93.8119,1828,266
a01866,N105MM,1765923944,43.957,-93.8132,1828,264
a01866,N105MM,1765923950,43.9567,-93.8165,1828,262
a01866,N105MM,1765923953,43.9566,-93.8179,1828,260
a01866,N105MM,1765923956,43.9563,-93.82,1828,259
a01866,N105MM,1765923960,43.956,-93.8218,1828,258
a01866,N105MM,1765923964,43.9557,-93.8237,1828,255
a01866,N105MM,1765923965,43.9556,-93.8244,1828,253
a01866,N105MM,1765923967,43.9554,-93.8251,1828,251
a01866,N105MM,1765923973,43.9548,-93.8276,1828,249
a01866,N105MM,1765923974,43.9546,-93.828,1828,243
a01866,N105MM,1765923975,43.9545,-93.8283,1828,242
a01866,N105MM,1765923976,43.9544,-93.8287,1828,238
a01866,N105MM,1765923977,43.9542,-93.8289,1828,232
a01866,N105MM,1765923978,43.9541,-93.8291,1828,230
a01866,N105MM,1765923979,43.9539,-93.8294,1828,227
a01866,N105MM,1765923980,43.9537,-93.8297,1828,223
a01866,N105MM,1765923981,43.9533,-93.8302,1828,222
a01866,N105MM,1765923982,43.9531,-93.8304,1828,220
a01866,N105MM,1765923983,43.9529,-93.8307,1828,216
a01866,N105MM,1765923984,43.9525,-93.831,1828,214
a01866,N105MM,1765923985,43.9523,-93.8312,1828,212
a01866,N105MM,1765923986,43.952,-93.8314,1828,204
a01866,N105MM,1765923987,43.9518,-93.8315,1828,202
a01866,N105MM,1765923988,43.9513,-93.8317,1828,197
a01866,N105MM,1765923989,43.9511,-93.8317,1828,187
a01866,N105MM,1765923990,43.9508,-93.8317,1828,185
a01866,N105MM,1765923991,43.9504,-93.8317,1828,175
a01866,N105MM,1765923992,43.9498,-93.8316,1828,171
a01866,N105MM,1765923994,43.949,-93.8313,1828,159
a01866,N105MM,1765923995,43.9489,-93.8312,1828,156
a01866,N105MM,1765923996,43.9485,-93.8309,1828,153
a01866,N105MM,1765923997,43.948,-93.8306,1828,149
a01866,N105MM,1765923998,43.9476,-93.83,1828,140
a01866,N105MM,1765923999,43.9474,-93.8298,1828,140
a01866,N105MM,1765924000,43.9471,-93.8293,1828,132
a01866,N105MM,1765924001,43.9467,-93.8288,1828,133
a01866,N105MM,1765924002,43.9464,-93.8283,1828,136
a01866,N105MM,1765924003,43.9459,-93.8278,1828,141
a01866,N105MM,1765924004,43.9455,-93.8275,1828,148
a01866,N105MM,1765924006,43.9446,-93.8267,1828,146
a01866,N105MM,1765924007,43.9443,-93.8264,1828,144
a01866,N105MM,1765924008,43.9438,-93.8259,1828,143
a01866,N105MM,1765924009,43.9435,-93.8255,1828,141
a01866,N105MM,1765924010,43.9433,-93.8253,1828,133
a01866,N105MM,1765924013,43.9423,-93.8235,1828,123
a01866,N105MM,1765924015,43.9417,-93.822,1828,123
a01866,N105MM,1765924016,43.9413,-93.8214,1828,125
a01866,N105MM,1765924021,43.9396,-93.8183,1828,127
a01866,N105MM,1765924022,43.9392,-93.8177,1828,129
a01866,N105MM,1765924023,43.9389,-93.8172,1828,134
a01866,N105MM,1765924024,43.9387,-93.817,1828,137
a01866,N105MM,1765924025,43.9381,-93.8164,1828,141
a01866,N105MM,1765924026,43.9378,-93.816,1828,141
a01866,N105MM,1765924027,43.9374,-93.8158,1828,150
a01866,N105MM,1765924028,43.937,-93.8156,1828,156
a01866,N105MM,1765924031,43.9359,-93.8149,1828,155
a01866,N105MM,1765924035,43.9338,-93.8135,1828,152
a01866,N105MM,1765924037,43.9329,-93.8128,1828,150
a01866,N105MM,1765924038,43.9324,-93.8123,1828,148
a01866,N105MM,1765924039,43.932,-93.8119,1828,145
a01866,N105MM,1765924040,43.9316,-93.8115,1828,139
a01866,N105MM,1765924042,43.9307,-93.8102,1828,139
a01866,N105MM,1765924043,43.9305,-93.8096,1828,127
a01866,N105MM,1765924047,43.9297,-93.8071,1828,113
a01866,N105MM,1765924048,43.9295,-93.8068,1828,113
a01866,N105MM,1765924049,43.9291,-93.8056,1828,116
a01866,N105MM,1765924053,43.9279,-93.8024,1828,117
a01866,N105MM,1765924057,43.9266,-93.7991,1828,119
a01866,N105MM,1765924058,43.9262,-93.7983,1828,124
a01866,N105MM,1765924059,43.926,-93.7979,1828,126
a01866,N105MM,1765924060,43.9254,-93.7968,1828,131
a01866,N105MM,1765924061,43.925,-93.7963,1828,133
a01866,N105MM,1765924062,43.9247,-93.7957,1828,135
a01866,N105MM,1765924063,43.9242,-93.7953,1828,141
a01866,N105MM,1765924064,43.924,-93.7951,1828,141
a01866,N105MM,1765924065,43.9236,-93.7947,1828,144
a01866,N105MM,1765924066,43.9231,-93.7943,1828,149
a01866,N105MM,1765924067,43.9227,-93.794,1828,156
a01866,N105MM,1765924070,43.9217,-93.7936,1828,155
a01866,N105MM,1765924072,43.9211,-93.7932,1828,156
a01866,N105MM,1765924073,43.9205,-93.7928,1828,160
a01866,N105MM,1765924074,43.9199,-93.7926,1828,162
a01866,N105MM,1765924083,43.9138,-93.79,1828,163
a01866,N105MM,1765924085,43.9122,-93.7895,1828,165
a01866,N105MM,1765924086,43.9118,-93.7893,1828,167
a01866,N105MM,1765924087,43.9112,-93.7892,1828,171
a01866,N105MM,1765924090,43.9097,-93.7894,1828,190
a01866,N105MM,1765924091,43.9094,-93.7896,1828,190
a01866,N105MM,1765924092,43.9092,-93.7898,1828,207
a01866,N105MM,1765924094,43.9089,-93.7902,1828,207
a01866,N105MM,1765924096,43.9088,-93.7905,1828,270
a01866,N105MM,1765924097,43.9089,-93.7908,1828,287
a01866,N105MM,1765924098,43.909,-93.7909,1828,300
a01866,N105MM,1765924099,43.9092,-93.7912,1828,300
a01866,N105MM,1765924100,43.9094,-93.7913,1828,345
a01866,N105MM,1765924101,43.9098,-93.7914,1828,349
a01866,N105MM,1765924102,43.9103,-93.7914,1828,2
a01866,N105MM,1765924103,43.9107,-93.7913,1828,8
a01866,N105MM,1765924104,43.9111,-93.7912,1828,11
a01866,N105MM,1765924105,43.9115,-93.791,1828,16
a01866,N105MM,1765924108,43.9127,-93.7904,1828,17
a01866,N105MM,1765924109,43.913,-93.7903,1828,13
a01866,N105MM,1765924110,43.9133,-93.7902,1828,12
a01866,N105MM,1765924111,43.9136,-93.7902,1828,10
a01866,N105MM,1765924112,43.9138,-93.7902,1828,3
a01866,N105MM,1765924113,43.9139,-93.7902,1828,1
a01866,N105MM,1765924115,43.9142,-93.7902,1828,354
a01866,N105MM,1765924116,43.9143,-93.7902,1828,333
a01866,N105MM,1765924117,43.9144,-93.7903,1828,324
a01866,N105MM,1765924118,43.9144,-93.7902,1828,53
a01866,N105MM,1765924119,43.9145,-93.7901,1828,39
a01866,N105MM,1765924121,43.9145,-93.7898,1828,105
a01866,N105MM,1765924122,43.9145,-93.7898,1828,97
a01866,N105MM,1765924123,43.9144,-93.7897,1828,150
a01866,N105MM,1765924124,43.9143,-93.7894,1828,91
a01866,N105MM,1765924129,43.9143,-93.7879,1828,91
a01866,N105MM,1765924131,43.9152,-93.787,1524,38
a01866,N105MM,1765924132,43.9156,-93.7865,1524,34
a01866,N105MM,1765924133,43.9162,-93.7861,1524,32
a01866,N105MM,1765924134,43.9166,-93.7858,1524,30
a01866,N105MM,1765924135,43.9171,-93.7854,1524,29
a01866,N105MM,1765924142,43.9202,-93.7832,1828,26
a01866,N105MM,1765924146,43.9217,-93.7821,1828,27
a01866,N105MM,1765924147,43.922,-93.7819,1828,29
a01866,N105MM,1765924148,43.9224,-93.7815,1828,32
a01866,N105MM,1765924149,43.9228,-93.7812,1828,32
a01866,N105MM,1765924150,43.9232,-93.7808,1828,35
a01866,N105MM,1765924160,43.9267,-93.7772,1828,36
a01866,N105MM,1765924167,43.9296,-93.7743,1828,38
a01866,N105MM,1765924169,43.9301,-93.7736,1828,40
a01866,N105MM,1765924172,43.9311,-93.7724,1828,42
a01866,N105MM,1765924175,43.9317,-93.7716,1828,44
a01866,N105MM,1765924180,43.9331,-93.7697,1828,46
a01866,N105MM,1765924181,43.9333,-93.7694,1828,48
a01866,N105MM,1765924182,43.9334,-93.7691,1828,51
a01866,N105MM,1765924183,43.9337,-93.7686,1828,51
a01866,N105MM,1765924185,43.9338,-93.7682,1828,76
a01866,N105MM,1765924186,43.934,-93.7679,1828,65
a01866,N105MM,1765924194,43.9347,-93.7646,1219,51
a01866,N105MM,1765924210,43.9429,-93.7565,1219,20
a01866,N105MM,1765924214,43.9454,-93.7554,1219,16
a01866,N105MM,1765924215,43.9462,-93.7551,1219,13
a01866,N105MM,1765924221,43.9497,-93.754,1219,14
a01866,N105MM,1765924230,43.9549,-93.752,1219,16
a01866,N105MM,1765924242,43.9627,-93.7491,1219,10
a01866,N105MM,1765924243,43.9633,-93.749,1219,8
a01866,N105MM,1765924245,43.9643,-93.7489,1219,5
a01866,N105MM,1765924247,43.9653,-93.7489,1219,5
a01866,N105MM,1765924248,43.9662,-93.749,1219,356
a01866,N105MM,1765924249,43.9668,-93.7491,1219,354
a01866,N105MM,1765924250,43.9672,-93.7491,1219,352
a01866,N105MM,1765924253,43.9692,-93.7497,1219,349
a01866,N105MM,1765924263,43.9741,-93.7515,1219,343
a01866,N105MM,1765924288,43.9876,-93.7576,1219,342
a01866,N105MM,1765924290,43.9884,-93.7577,1219,352
a01866,N105MM,1765924293,43.9897,-93.758,1219,349
a01866,N105MM,1765924299,43.993,-93.7589,1219,347
a01866,N105MM,1765924308,43.998,-93.7606,1219,345
a01866,N105MM,1765924317,44.0029,-93.7626,1219,343
a01866,N105MM,1765924324,44.0065,-93.7642,1219,341
a01866,N105MM,1765924338,44.014,-93.7679,1219,339
a01866,N105MM,1765924351,44.0207,-93.7717,1219,336
a01866,N105MM,1765924357,44.0238,-93.7737,1219,334
a01866,N105MM,1765924369,44.0301,-93.778,1219,332
a01866,N105MM,1765924389,44.0403,-93.7858,1219,330
a01866,N105MM,1765924400,44.0456,-93.7903,1219,327
a01866,N105MM,1765924414,44.0527,-93.7967,1219,325
a01866,N105MM,1765924418,44.0544,-93.7983,1219,323
a01866,N105MM,1765924448,44.068,-93.8131,1219,321
a01866,N105MM,1765918456,43.9938,-93.7922,1828,148
a01866,N105MM,1765918457,43.9934,-93.7919,1828,146
a01866,N105MM,1765918458,43.993,-93.7915,1828,144
a01866,N105MM,1765918459,43.9926,-93.791,1828,140
a01866,N105MM,1765918460,43.9922,-93.7906,1828,133
a01866,N105MM,1765918461,43.992,-93.7902,1828,133
a01866,N105MM,1765918462,43.9915,-93.7896,1828,136
a01866,N105MM,1765918463,43.9914,-93.7894,1828,136
a01866,N105MM,1765918464,43.9909,-93.7888,1828,141
a01866,N105MM,1765918467,43.9896,-93.7876,1524,143
a01866,N105MM,1765918468,43.9885,-93.7867,1524,143
a01866,N105MM,1765918470,43.9876,-93.786,1524,149
a01866,N105MM,1765918471,43.9874,-93.7858,1828,149
a01866,N105MM,1765918475,43.985,-93.7848,1828,170
a01866,N105MM,1765918477,43.9844,-93.7847,1828,175
a01866,N105MM,1765918478,43.984,-93.7847,1828,182
a01866,N105MM,1765918480,43.9832,-93.7848,1828,180
a01866,N105MM,1765918481,43.9828,-93.7847,1828,174
a01866,N105MM,1765918482,43.9824,-93.7847,1828,176
a01866,N105MM,1765918483,43.9816,-93.7846,1524,177
a01866,N105MM,1765918494,43.9744,-93.7841,1524,176
a01866,N105MM,1765918501,43.9699,-93.7835,1524,173
a01866,N105MM,1765918522,43.9542,-93.7804,1524,171
a01866,N105MM,1765918536,43.9438,-93.778,1828,168
a01866,N105MM,1765918584,43.9123,-93.7686,1828,168
a01866,N105MM,1765918591,43.9078,-93.7673,1828,167
a01866,N105MM,1765918592,43.9071,-93.767,1828,164
a01866,N105MM,1765918593,43.9065,-93.7667,1828,160
a01866,N105MM,1765918594,43.9059,-93.7663,1828,155
a01866,N105MM,1765918595,43.9052,-93.7659,1828,149
a01866,N105MM,1765918598,43.9042,-93.7648,1828,136
a01866,N105MM,1765918599,43.9036,-93.764,1828,132
a01866,N105MM,1765918603,43.9024,-93.7612,1828,111
a01866,N105MM,1765918604,43.9021,-93.7601,1828,104
a01866,N105MM,1765918605,43.9021,-93.7598,1828,102
a01866,N105MM,1765918607,43.902,-93.7578,2438,87
a01866,N105MM,1765918608,43.9021,-93.757,2438,81
a01866,N105MM,1765918609,43.9022,-93.7562,2438,74
a01866,N105MM,1765918610,43.9024,-93.7556,2438,70
a01866,N105MM,1765918611,43.9026,-93.755,2438,63
a01866,N105MM,1765918612,43.9029,-93.7543,2438,56
a01866,N105MM,1765918613,43.9031,-93.7538,2438,50
a01866,N105MM,1765918614,43.9033,-93.7536,2438,46
a01866,N105MM,1765918615,43.9037,-93.7529,2438,43
a01866,N105MM,1765918636,43.9101,-93.7454,2438,41
a01866,N105MM,1765918637,43.9102,-93.7454,2438,33
a01866,N105MM,1765918638,43.9103,-93.7452,2438,54
a01866,N105MM,1765918639,43.9105,-93.7447,2438,54
a01866,N105MM,1765918640,43.9107,-93.7445,2438,36
a01866,N105MM,1765918641,43.9107,-93.7444,2438,36
a01866,N105MM,1765918642,43.9107,-93.7442,1828,77
a01866,N105MM,1765918643,43.9108,-93.7439,1828,43
a01866,N105MM,1765918645,43.9108,-93.7435,1828,102
a01866,N105MM,1765918646,43.9109,-93.7434,1828,102
a01866,N105MM,1765918648,43.9106,-93.7431,1828,141
a01866,N105MM,1765918649,43.9102,-93.7428,1828,140
a01866,N105MM,1765918650,43.9099,-93.7426,1828,161
a01866,N105MM,1765918651,43.9093,-93.7424,1828,163
a01866,N105MM,1765918652,43.9083,-93.7421,1828,167
a01866,N105MM,1765918654,43.907,-93.7417,1828,168
a01866,N105MM,1765918655,43.9065,-93.7415,1828,165
a01866,N105MM,1765918656,43.9062,-93.7413,1828,162
a01866,N105MM,1765918657,43.9052,-93.741,1828,160
a01866,N105MM,1765918658,43.9049,-93.7408,1828,159
a01866,N105MM,1765918670,43.8981,-93.7369,1828,157
a01866,N105MM,1765918672,43.8971,-93.7363,1828,159
a01866,N105MM,1765918673,43.8965,-93.7361,1828,160
a01866,N105MM,1765918675,43.8955,-93.7356,1828,162
a01866,N105MM,1765918676,43.8949,-93.7354,1828,164
a01866,N105MM,1765918677,43.8943,-93.7352,1828,166
a01866,N105MM,1765918679,43.8931,-93.7348,1828,168
a01866,N105MM,1765918684,43.8904,-93.7341,1828,170
a01866,N105MM,1765918686,43.8893,-93.7339,1828,171
a01866,N105MM,1765918713,43.8734,-93.7315,1828,173
a01866,N105MM,1765918716,43.872,-93.7312,1828,171
a01866,N105MM,1765918720,43.8698,-93.7307,1828,169
a01866,N105MM,1765918724,43.8682,-93.7302,1828,167
a01866,N105MM,1765918727,43.8669,-93.7298,1828,165
a01866,N105MM,1765918733,43.8645,-93.7292,1828,163
a01866,N105MM,1765918737,43.8634,-93.7279,1828,160
a01866,N105MM,1765918740,43.8627,-93.7273,1828,133
a01866,N105MM,1765918741,43.8625,-93.7271,1828,144
a01866,N105MM,1765918742,43.8623,-93.7267,1828,128
a01866,N105MM,1765918743,43.8622,-93.7266,1828,148
a01866,N105MM,1765918744,43.862,-93.7261,1828,102
a01866,N105MM,1765918746,43.8613,-93.7261,1828,178
a01866,N105MM,1765918751,43.8622,-93.7246,1524,31
a01866,N105MM,1765918753,43.8635,-93.7237,1219,31
a01866,N105MM,1765918754,43.8641,-93.7233,1219,22
a01866,N105MM,1765918765,43.87,-93.7199,1219,24
a01866,N105MM,1765918768,43.8711,-93.7192,1219,25
a01866,N105MM,1765918771,43.8726,-93.7183,1219,17
a01866,N105MM,1765918772,43.8728,-93.7182,1219,16
a01866,N105MM,1765918773,43.8733,-93.7181,1219,12
a01866,N105MM,1765918780,43.8762,-93.7172,1219,13
a01866,N105MM,1765918783,43.8774,-93.7168,1219,15
a01866,N105MM,1765918788,43.879,-93.7161,1219,17
a01866,N105MM,1765918828,43.8953,-93.7083,1219,20
a01866,N105MM,1765918835,43.899,-93.7069,1219,14
a01866,N105MM,1765918853,43.909,-93.7036,1219,12
a01866,N105MM,1765918909,43.9428,-93.6933,1219,10
a01866,N105MM,1765918912,43.9444,-93.693,1219,8
a01866,N105MM,1765918914,43.9457,-93.6928,1219,4
a01866,N105MM,1765918918,43.9479,-93.6927,1219,0
a01866,N105MM,1765918921,43.9501,-93.6929,1219,358
a01866,N105MM,1765918922,43.9509,-93.693,1219,353
a01866,N105MM,1765918924,43.9518,-93.6932,1219,351
a01866,N105MM,1765918927,43.9539,-93.6937,1219,349
a01866,N105MM,1765918931,43.9563,-93.6944,1219,347
a01866,N105MM,1765918935,43.9587,-93.6952,1219,344
a01866,N105MM,1765918937,43.9598,-93.6957,1219,342
a01866,N105MM,1765918939,43.9608,-93.6961,1219,339
a01866,N105MM,1765918944,43.9638,-93.6978,1219,337
a01866,N105MM,1765918951,43.9661,-93.6993,1219,333
a01866,N105MM,1765918961,43.9711,-93.7031,1219,332
a01866,N105MM,1765918962,43.9734,-93.7051,1219,327
a01866,N105MM,1765918967,43.9757,-93.7071,1219,326
a01866,N105MM,1765918973,43.9786,-93.7098,1219,324
a01866,N105MM,1765918977,43.9805,-93.7118,1219,322
a01866,N105MM,1765918982,43.983,-93.7145,1219,320
a01866,N105MM,1765918999,43.9904,-93.7232,1219,318
a01866,N105MM,1765919006,43.9936,-93.7274,1219,316
a01866,N105MM,1765919012,43.996,-93.7306,1219,314
a01866,N105MM,1765919050,44.0124,-93.7537,914,314
a01866,N105MM,1765919084,44.0266,-93.774,914,314
a01866,N105MM,1765919128,44.047,-93.7985,914,316
a01866,N105MM,1765916743,44.155,-93.922,914,171
a01866,N105MM,1765916745,44.1535,-93.9217,914,171
a01866,N105MM,1765916752,44.1486,-93.9208,1219,173
a01866,N105MM,1765916756,44.1459,-93.9205,1219,174
a01866,N105MM,1765916780,44.1305,-93.919,1219,177
a01866,N105MM,1765916800,44.1172,-93.9186,1524,179
a01866,N105MM,1765916826,44.1012,-93.9179,1524,177
a01866,N105MM,1765916845,44.0893,-93.9175,1828,179
a01866,N105MM,1765916896,44.0569,-93.9181,1828,181
a01866,N105MM,1765916898,44.0557,-93.9182,1828,179
a01866,N105MM,1765916899,44.0549,-93.9182,1828,175
a01866,N105MM,1765916900,44.0542,-93.9181,1828,173
a01866,N105MM,1765916901,44.0533,-93.9178,1828,168
a01866,N105MM,1765916902,44.0526,-93.9176,1828,163
a01866,N105MM,1765916903,44.0519,-93.9172,1828,158
a01866,N105MM,1765916904,44.051,-93.9166,1828,152
a01866,N105MM,1765916905,44.0506,-93.9164,1828,149
a01866,N105MM,1765916906,44.0499,-93.9157,1828,144
a01866,N105MM,1765916907,44.0493,-93.915,1828,140
a01866,N105MM,1765916908,44.0491,-93.9148,1828,134
a01866,N105MM,1765916909,44.0483,-93.9137,1828,133
a01866,N105MM,1765916910,44.0476,-93.9124,1828,128
a01866,N105MM,1765916911,44.0474,-93.9121,1828,124
a01866,N105MM,1765916912,44.0467,-93.9105,1828,118
a01866,N105MM,1765916913,44.0466,-93.9101,1828,118
a01866,N105MM,1765916914,44.0461,-93.9086,1828,111
a01866,N105MM,1765916916,44.0457,-93.9071,1828,105
a01866,N105MM,1765916920,44.0448,-93.9018,1828,103
a01866,N105MM,1765916921,44.0447,-93.9012,1828,106
a01866,N105MM,1765916923,44.044,-93.8984,1828,113
a01866,N105MM,1765916924,44.0439,-93.8979,1828,114
a01866,N105MM,1765916925,44.0434,-93.8966,1828,118
a01866,N105MM,1765916926,44.043,-93.8956,1828,123
a01866,N105MM,1765916928,44.0417,-93.8932,1828,129
a01866,N105MM,1765916930,44.0408,-93.892,1828,135
a01866,N105MM,1765916931,44.0402,-93.8913,1828,142
a01866,N105MM,1765916932,44.0393,-93.8904,1828,144
a01866,N105MM,1765916933,44.0383,-93.8895,1828,151
a01866,N105MM,1765916934,44.0376,-93.8891,1828,156
a01866,N105MM,1765916935,44.0372,-93.8888,1828,156
a01866,N105MM,1765916936,44.0363,-93.8884,1828,164
a01866,N105MM,1765916937,44.0353,-93.8882,1828,169
a01866,N105MM,1765916938,44.0346,-93.888,1828,172
a01866,N105MM,1765916939,44.0337,-93.8879,1828,175
a01866,N105MM,1765916977,44.0036,-93.886,1828,177
a01866,N105MM,1765916985,43.9981,-93.8854,1828,174
a01866,N105MM,1765916997,43.9941,-93.8772,1828,75
a01866,N105MM,1765917002,43.9961,-93.8735,1828,26
a01866,N105MM,1765917003,43.9964,-93.8734,1828,17
a01866,N105MM,1765917004,43.9971,-93.8732,1828,5
a01866,N105MM,1765917005,43.9974,-93.8732,1828,352
a01866,N105MM,1765917006,43.9979,-93.8733,1828,333
a01866,N105MM,1765917008,43.9988,-93.8745,1828,294
a01866,N105MM,1765917009,43.9989,-93.8748,1828,294
a01866,N105MM,1765917010,43.9989,-93.8752,1828,267
a01866,N105MM,1765917011,43.9986,-93.8765,1828,233
a01866,N105MM,1765917012,43.9984,-93.8768,1828,221
a01866,N105MM,1765917013,43.998,-93.8773,1828,211
a01866,N105MM,1765917014,43.9971,-93.8777,1828,196
a01866,N105MM,1765917015,43.9968,-93.8777,1828,181
a01866,N105MM,1765917016,43.9962,-93.8777,1828,179
a01866,N105MM,1765917017,43.9952,-93.8777,1828,177
a01866,N105MM,1765917018,43.9946,-93.8776,1828,175
a01866,N105MM,1765917028,43.9887,-93.8767,1828,173
a01866,N105MM,1765917041,43.9881,-93.8807,1828,23
a01866,N105MM,1765917042,43.9885,-93.8803,1828,45
a01866,N105MM,1765917043,43.9889,-93.8795,1828,57
a01866,N105MM,1765917044,43.9892,-93.879,1828,66
a01866,N105MM,1765917045,43.9893,-93.8773,1828,88
a01866,N105MM,1765917047,43.989,-93.8754,1828,113
a01866,N105MM,1765917048,43.9887,-93.8747,1828,121
a01866,N105MM,1765917049,43.9883,-93.874,1828,135
a01866,N105MM,1765917050,43.9877,-93.8735,1828,148
a01866,N105MM,1765917051,43.9875,-93.8734,1828,156
a01866,N105MM,1765917052,43.9865,-93.8728,1828,158
a01866,N105MM,1765917054,43.9859,-93.8725,1828,159
a01866,N105MM,1765917055,43.9846,-93.8719,1828,161
a01866,N105MM,1765917057,43.9834,-93.8714,1828,163
a01866,N105MM,1765917063,43.9797,-93.8699,1828,165
a01866,N105MM,1765917089,43.9662,-93.8653,1828,164
a01866,N105MM,1765917103,43.9605,-93.8628,1828,161
a01866,N105MM,1765917105,43.9597,-93.8625,1828,163
a01866,N105MM,1765917106,43.9594,-93.8623,1828,165
a01866,N105MM,1765917107,43.9592,-93.8622,1828,167
a01866,N105MM,1765917132,43.9488,-93.8594,1828,168
a01866,N105MM,1765917134,43.9478,-93.8591,1828,170
a01866,N105MM,1765917136,43.9471,-93.859,1828,173
a01866,N105MM,1765917139,43.946,-93.8589,1828,175
a01866,N105MM,1765917140,43.9458,-93.8589,1828,181
a01866,N105MM,1765917141,43.9453,-93.8589,1828,181
a01866,N105MM,1765917142,43.9449,-93.8589,1828,185
a01866,N105MM,1765917144,43.9441,-93.8591,1828,192
a01866,N105MM,1765917147,43.9435,-93.8593,1828,192
a01866,N105MM,1765917149,43.9428,-93.8597,1828,203
a01866,N105MM,1765917150,43.9426,-93.8599,1828,205
a01866,N105MM,1765917151,43.9424,-93.8601,1828,208
a01866,N105MM,1765917152,43.9421,-93.8603,1828,208
a01866,N105MM,1765917153,43.942,-93.8604,1828,217
a01866,N105MM,1765917154,43.9419,-93.8605,1828,203
a01866,N105MM,1765917156,43.9414,-93.8611,1828,222
a01866,N105MM,1765917157,43.9414,-93.8612,1828,228
a01866,N105MM,1765917158,43.9412,-93.8615,1828,232
a01866,N105MM,1765917160,43.941,-93.862,1828,241
a01866,N105MM,1765917162,43.9408,-93.8625,1828,251
a01866,N105MM,1765917163,43.9407,-93.8629,1828,255
a01866,N105MM,1765917164,43.9407,-93.863,1828,257
a01866,N105MM,1765917165,43.9406,-93.8635,1828,258
a01866,N105MM,1765917166,43.9406,-93.8638,1828,262
a01866,N105MM,1765917167,43.9406,-93.8641,1828,263
a01866,N105MM,1765917168,43.9406,-93.8643,1828,265
a01866,N105MM,1765917169,43.9406,-93.8648,1828,267
a01866,N105MM,1765917170,43.9406,-93.865,1828,268
a01866,N105MM,1765917171,43.9406,-93.8653,1828,271
a01866,N105MM,1765917172,43.9405,-93.8657,1828,272
a01866,N105MM,1765917174,43.9406,-93.8662,1828,278
a01866,N105MM,1765917175,43.9406,-93.8664,1828,278
a01866,N105MM,1765917176,43.9406,-93.8666,1828,281
a01866,N105MM,1765917177,43.9407,-93.8669,1828,283
a01866,N105MM,1765917178,43.9407,-93.8672,1828,286
a01866,N105MM,1765917179,43.9408,-93.8674,1828,288
a01866,N105MM,1765917180,43.9408,-93.8676,1828,291
a01866,N105MM,1765917181,43.9409,-93.8678,1828,292
a01866,N105MM,1765917182,43.9409,-93.868,1828,295
a01866,N105MM,1765917183,43.9411,-93.8683,1828,297
a01866,N105MM,1765917184,43.9412,-93.8686,1828,300
a01866,N105MM,1765917185,43.9412,-93.8687,1828,300
a01866,N105MM,1765917186,43.9414,-93.869,1828,303
a01866,N105MM,1765917187,43.9414,-93.8691,1828,305
a01866,N105MM,1765917188,43.9415,-93.8693,1828,308
a01866,N105MM,1765917189,43.9416,-93.8695,1828,311
a01866,N105MM,1765917190,43.9418,-93.8697,1828,315
a01866,N105MM,1765917192,43.9421,-93.87,1828,322
a01866,N105MM,1765917193,43.9422,-93.8702,1828,322
a01866,N105MM,1765917194,43.9424,-93.8703,1828,327
a01866,N105MM,1765917195,43.9425,-93.8704,1828,329
a01866,N105MM,1765917196,43.9427,-93.8706,1828,332
a01866,N105MM,1765917197,43.9428,-93.8707,1828,332
a01866,N105MM,1765917198,43.943,-93.8708,1828,336
a01866,N105MM,1765917199,43.9433,-93.8709,1828,340
a01866,N105MM,1765917201,43.9435,-93.871,1828,342
a01866,N105MM,1765917202,43.9438,-93.8711,1828,348
a01866,N105MM,1765917203,43.944,-93.8712,1828,352
a01866,N105MM,1765917204,43.9442,-93.8712,1828,355
a01866,N105MM,1765917206,43.9448,-93.8712,1828,1
a01866,N105MM,1765917207,43.9452,-93.8712,1828,2
a01866,N105MM,1765917208,43.9454,-93.8711,1828,5
a01866,N105MM,1765917210,43.9459,-93.871,1828,7
a01866,N105MM,1765917211,43.9463,-93.871,1828,11
a01866,N105MM,1765917212,43.9466,-93.8709,1828,12
a01866,N105MM,1765917214,43.9471,-93.8707,1828,14
a01866,N105MM,1765917216,43.9474,-93.8705,1828,23
a01866,N105MM,1765917217,43.9478,-93.8703,1828,21
a01866,N105MM,1765917219,43.9484,-93.8701,1828,18
a01866,N105MM,1765917220,43.9486,-93.8699,1828,15
a01866,N105MM,1765917229,43.9528,-93.8685,1828,14
a01866,N105MM,1765917232,43.954,-93.8681,1828,16
a01866,N105MM,1765917248,43.9587,-93.8661,1828,18
a01866,N105MM,1765917252,43.9597,-93.8656,1828,20
a01866,N105MM,1765917254,43.96,-93.8654,1828,22
a01866,N105MM,1765917255,43.9604,-93.8652,1828,17
a01866,N105MM,1765917256,43.9605,-93.8651,1828,14
a01866,N105MM,1765917257,43.9607,-93.8651,1828,11
a01866,N105MM,1765917260,43.9618,-93.8648,1828,9
a01866,N105MM,1765917273,43.9685,-93.863,1828,11
a01866,N105MM,1765917277,43.9706,-93.8623,1828,13
a01866,N105MM,1765917278,43.9712,-93.8622,1828,9
a01866,N105MM,1765917282,43.9733,-93.8618,1828,8
a01866,N105MM,1765917283,43.9739,-93.8616,1828,10
a01866,N105MM,1765917284,43.9748,-93.8613,1828,16
a01866,N105MM,1765917287,43.9765,-93.8604,1828,28
a01866,N105MM,1765917288,43.9768,-93.8601,1828,6
a01866,N105MM,1765917289,43.9774,-93.8595,1828,35
a01866,N105MM,1765917290,43.9779,-93.8588,1828,40
a01866,N105MM,1765917291,43.9785,-93.8582,1828,45
a01866,N105MM,1765917292,43.979,-93.8574,1828,49
a01866,N105MM,1765917293,43.9794,-93.8566,1828,52
a01866,N105MM,1765917294,43.9797,-93.8559,1828,58
a01866,N105MM,1765917295,43.98,-93.855,1828,61
a01866,N105MM,1765917296,43.9804,-93.8538,1828,61
a01866,N105MM,1765917297,43.9806,-93.8527,1828,76
a01866,N105MM,1765917298,43.9807,-93.8516,1828,82
a01866,N105MM,1765917299,43.9808,-93.8504,1828,86
a01866,N105MM,1765917300,43.9808,-93.8499,1828,90
a01866,N105MM,1765917301,43.9808,-93.8482,1828,92
a01866,N105MM,1765917302,43.9808,-93.8475,1828,93
a01866,N105MM,1765917316,43.9797,-93.8304,1828,95
a01866,N105MM,1765917318,43.9796,-93.8299,1828,110
a01866,N105MM,1765917319,43.9796,-93.83,1828,258
a01866,N105MM,1765917320,43.9796,-93.8301,1828,270
a01866,N105MM,1765917322,43.9797,-93.8305,1828,268
a01866,N105MM,1765917323,43.9797,-93.8308,1828,266
a01866,N105MM,1765917324,43.9796,-93.831,1828,295
a01866,N105MM,1765917325,43.9796,-93.8312,1828,262
a01866,N105MM,1765917327,43.9796,-93.8311,1828,96
a01866,N105MM,1765917328,43.9796,-93.8305,1828,91
a01866,N105MM,1765917351,43.9791,-93.804,1828,91
a01866,N105MM,1765917359,43.9788,-93.7942,1828,93
a01866,N105MM,1765917360,43.9787,-93.7932,1828,96
a01866,N105MM,1765917362,43.9785,-93.7916,1828,99
a01866,N105MM,1765917363,43.9785,-93.7913,1828,108
a01866,N105MM,1765917364,43.9785,-93.7911,1828,117
a01866,N105MM,1765917365,43.9784,-93.791,1828,122
a01866,N105MM,1765917366,43.9784,-93.791,1828,125
a01866,N105MM,1765917367,43.9783,-93.791,1828,212
a01866,N105MM,1765917368,43.9783,-93.7911,1828,233
a01866,N105MM,1765917369,43.9782,-93.7911,1828,244
a01866,N105MM,1765917370,43.9781,-93.7914,1828,248
a01866,N105MM,1765917372,43.9781,-93.7915,1828,248
a01866,N105MM,1765917373,43.978,-93.7913,1828,105
a01866,N105MM,1765917374,43.978,-93.7909,1828,101
a01866,N105MM,1765917376,43.9777,-93.789,1828,100
a01866,N105MM,1765917385,43.9761,-93.779,1828,100
a01866,N105MM,1765917387,43.9757,-93.7758,1828,98
a01866,N105MM,1765917390,43.9754,-93.7724,1828,96
a01866,N105MM,1765917395,43.975,-93.7665,1828,94
a01866,N105MM,1765917396,43.9749,-93.7652,1828,90
a01866,N105MM,1765917397,43.9751,-93.7637,1828,76
a01866,N105MM,1765917398,43.9753,-93.7629,1828,65
a01866,N105MM,1765917399,43.9755,-93.7624,1828,55
a01866,N105MM,1765917400,43.9758,-93.762,1828,52
a01866,N105MM,1765917401,43.9761,-93.7615,1828,42
a01866,N105MM,1765917402,43.9763,-93.7612,1828,39
a01866,N105MM,1765917403,43.9767,-93.7608,1828,33
a01866,N105MM,1765917404,43.9773,-93.7605,1828,22
a01866,N105MM,1765917405,43.9778,-93.7602,1828,15
a01866,N105MM,1765917406,43.978,-93.7601,1828,13
a01866,N105MM,1765917407,43.9785,-93.7601,1828,1
a01866,N105MM,1765917409,43.9793,-93.7604,1828,340
a01866,N105MM,1765917410,43.9798,-93.761,1828,309
a01866,N105MM,1765917411,43.98,-93.7612,1828,304
a01866,N105MM,1765917412,43.9802,-93.762,1828,290
a01866,N105MM,1765917413,43.9804,-93.7631,1828,278
a01866,N105MM,1765917414,43.9805,-93.764,1828,272
a01866,N105MM,1765917415,43.9804,-93.7649,1828,267
a01866,N105MM,1765917416,43.9804,-93.7658,1828,264
a01866,N105MM,1765917417,43.9803,-93.7669,1828,262
a01866,N105MM,1765917453,43.977,-93.7983,1828,261
a01866,N105MM,1765917455,43.9768,-93.8,1828,263
a01866,N105MM,1765917467,43.9761,-93.8097,1828,265
a01866,N105MM,1765917489,43.9748,-93.8276,1828,263
a01866,N105MM,1765917490,43.9747,-93.8289,1828,260
a01866,N105MM,1765917491,43.9747,-93.8292,1828,258
a01866,N105MM,1765917492,43.9745,-93.8299,1828,254
a01866,N105MM,1765917493,43.9745,-93.8301,1828,252
a01866,N105MM,1765917507,43.9736,-93.8278,1828,124
a01866,N105MM,1765917508,43.9736,-93.8275,1828,107
a01866,N105MM,1765917509,43.9735,-93.8265,1828,95
a01866,N105MM,1765917510,43.9735,-93.8259,1828,94
a01866,N105MM,1765917511,43.9734,-93.8247,1828,92
a01866,N105MM,1765917525,43.9732,-93.8067,1828,90
a01866,N105MM,1765917543,43.9726,-93.7848,1828,93
a01866,N105MM,1765917545,43.9725,-93.7828,1828,95
a01866,N105MM,1765917546,43.9724,-93.7818,1828,99
a01866,N105MM,1765917547,43.9723,-93.7815,1828,112
a01866,N105MM,1765917548,43.9723,-93.7814,1828,113
a01866,N105MM,1765917550,43.9721,-93.7808,2438,115
a01866,N105MM,1765917552,43.972,-93.7805,2438,114
a01866,N105MM,1765917554,43.9718,-93.7799,2438,106
a01866,N105MM,1765917555,43.9718,-93.7797,2438,92
a01866,N105MM,1765917557,43.9719,-93.7792,2438,93
a01866,N105MM,1765917559,43.9719,-93.7789,1828,92
a01866,N105MM,1765917560,43.9718,-93.7788,1828,99
a01866,N105MM,1765917561,43.9718,-93.7789,1828,270
a01866,N105MM,1765917563,43.9718,-93.7796,1828,272
a01866,N105MM,1765917565,43.9719,-93.7815,1828,273
a01866,N105MM,1765917566,43.9719,-93.7826,1828,268
a01866,N105MM,1765917567,43.9718,-93.7854,1828,264
a01866,N105MM,1765917574,43.9723,-93.7905,1828,271
a01866,N105MM,1765917587,43.9722,-93.8024,1828,270
a01866,N105MM,1765917588,43.9722,-93.8034,1828,274
a01866,N105MM,1765917589,43.9723,-93.804,1828,278
a01866,N105MM,1765917590,43.9724,-93.8045,1828,286
a01866,N105MM,1765917591,43.9725,-93.8047,1828,297
a01866,N105MM,1765917592,43.9728,-93.8054,1828,316
a01866,N105MM,1765917593,43.973,-93.8056,1828,335
a01866,N105MM,1765917595,43.9733,-93.8057,1828,335
a01866,N105MM,1765917596,43.9736,-93.8059,1828,270
a01866,N105MM,1765917600,43.9753,-93.8051,1828,24
a01866,N105MM,1765917601,43.9754,-93.8049,1828,27
a01866,N105MM,1765917602,43.9761,-93.8043,1828,42
a01866,N105MM,1765917603,43.9763,-93.804,1828,45
a01866,N105MM,1765917604,43.9767,-93.8033,1828,50
a01866,N105MM,1765917605,43.9771,-93.8024,1828,62
a01866,N105MM,1765917606,43.9774,-93.8013,1828,69
a01866,N105MM,1765917607,43.9775,-93.8009,1828,75
a01866,N105MM,1765917608,43.9778,-93.7992,1828,78
a01866,N105MM,1765917609,43.9779,-93.7981,1828,83
a01866,N105MM,1765917610,43.978,-93.7967,1828,86
a01866,N105MM,1765917611,43.9779,-93.7956,1828,88
a01866,N105MM,1765917612,43.9779,-93.7939,1828,90
a01866,N105MM,1765917639,43.9774,-93.7605,1828,92
a01866,N105MM,1765917640,43.9773,-93.7594,1828,90
a01866,N105MM,1765917641,43.9774,-93.7582,1828,86
a01866,N105MM,1765917643,43.9777,-93.7555,1828,75
a01866,N105MM,1765917644,43.9778,-93.7551,1828,73
a01866,N105MM,1765917645,43.9781,-93.7539,1828,67
a01866,N105MM,1765917646,43.9785,-93.7529,1828,62
a01866,N105MM,1765917647,43.9789,-93.7518,1828,55
a01866,N105MM,1765917648,43.9794,-93.751,1828,49
a01866,N105MM,1765917649,43.9799,-93.7503,1828,43
a01866,N105MM,1765917650,43.9805,-93.7497,1828,38
a01866,N105MM,1765908652,44.1999,-93.9306,914,317
a01866,N105MM,1765908657,44.2016,-93.9328,914,318
a01866,N105MM,1765908683,44.2115,-93.9436,1219,320
a01866,N105MM,1765908686,44.2128,-93.9449,1219,324
a01866,N105MM,1765908708,44.2217,-93.9524,1219,326
a01866,N105MM,1765908712,44.2235,-93.9537,1219,332
a01866,N105MM,1765908716,44.2252,-93.9549,1219,332
a01866,N105MM,1765908728,44.2308,-93.9589,1524,334
a01866,N105MM,1765908735,44.2339,-93.961,1524,335
a01866,N105MM,1765908756,44.2437,-93.9668,1524,338
a01866,N105MM,1765908763,44.2472,-93.9687,1524,340
a01866,N105MM,1765908777,44.2536,-93.9717,1828,342
a01866,N105MM,1765908781,44.2554,-93.9724,1828,343
a01866,N105MM,1765908807,44.2681,-93.9774,1828,345
a01866,N105MM,1765908826,44.279,-93.9818,1828,343
a01866,N105MM,1765908828,44.2803,-93.9824,1828,340
a01866,N105MM,1765908830,44.2815,-93.983,1828,338
a01866,N105MM,1765908832,44.2826,-93.9836,1828,337
a01866,N105MM,1765908835,44.2843,-93.9846,1828,335
a01866,N105MM,1765908839,44.2863,-93.986,1828,332
a01866,N105MM,1765908842,44.2881,-93.9874,1828,330
a01866,N105MM,1765908846,44.2899,-93.9888,1828,328
a01866,N105MM,1765908850,44.2922,-93.9909,1828,326
a01866,N105MM,1765908855,44.2945,-93.9931,1828,323
a01866,N105MM,1765908869,44.3008,-93.9999,1828,321
a01866,N105MM,1765908880,44.3061,-94.0059,1828,319
a01866,N105MM,1765908926,44.325,-94.0299,1828,317
a01866,N105MM,1765908927,44.3253,-94.0304,1828,309
a01866,N105MM,1765908928,44.3256,-94.031,1828,299
a01866,N105MM,1765908929,44.3257,-94.0315,1828,290
a01866,N105MM,1765908930,44.3258,-94.0322,1828,279
a01866,N105MM,1765908931,44.3258,-94.0329,1828,265
a01866,N105MM,1765908932,44.3256,-94.034,1828,245
a01866,N105MM,1765908933,44.3253,-94.0347,1828,239
a01866,N105MM,1765908934,44.325,-94.0353,1828,238
a01866,N105MM,1765908943,44.3268,-94.0398,1828,338
a01866,N105MM,1765908950,44.33,-94.0416,1828,336
a01866,N105MM,1765908961,44.3358,-94.0453,1828,334
a01866,N105MM,1765908965,44.3384,-94.0463,1828,349
a01866,N105MM,1765908966,44.3391,-94.0464,1828,358
a01866,N105MM,1765908967,44.3397,-94.0463,1828,2
a01866,N105MM,1765908968,44.3403,-94.0463,1828,4
a01866,N105MM,1765908970,44.3414,-94.0461,1828,6
a01866,N105MM,1765908976,44.3451,-94.0452,1828,8
a01866,N105MM,1765908977,44.3457,-94.0451,1828,4
a01866,N105MM,1765908978,44.3461,-94.0451,1828,0
a01866,N105MM,1765908979,44.3467,-94.0453,1828,344
a01866,N105MM,1765908980,44.3473,-94.0456,1828,334
a01866,N105MM,1765908981,44.3475,-94.0459,1828,317
a01866,N105MM,1765908982,44.348,-94.0471,1828,296
a01866,N105MM,1765908983,44.348,-94.0477,1828,270
a01866,N105MM,1765908984,44.3479,-94.0485,1828,251
a01866,N105MM,1765908986,44.3474,-94.0495,1828,225
a01866,N105MM,1765908989,44.346,-94.0504,1828,218
a01866,N105MM,1765908999,44.3415,-94.0434,1828,218
a01866,N105MM,1765909002,44.3428,-94.0412,1828,38
a01866,N105MM,1765909003,44.3433,-94.0408,1828,29
a01866,N105MM,1765909004,44.3436,-94.0406,1828,24
a01866,N105MM,1765909011,44.3478,-94.038,1524,23
a01866,N105MM,1765909014,44.3495,-94.0369,1524,25
a01866,N105MM,1765909016,44.3507,-94.0359,1524,34
a01866,N105MM,1765909017,44.351,-94.0355,1524,44
a01866,N105MM,1765909018,44.3516,-94.0342,1524,44
a01866,N105MM,1765909019,44.3519,-94.0333,1524,70
a01866,N105MM,1765909022,44.3521,-94.0308,1524,95
a01866,N105MM,1765909025,44.3507,-94.0272,1524,95
a01866,N105MM,1765909026,44.3499,-94.0265,1524,152
a01866,N105MM,1765909027,44.3492,-94.0261,1524,162
a01866,N105MM,1765909028,44.3485,-94.026,1524,172
a01866,N105MM,1765909030,44.3473,-94.026,1524,172
a01866,N105MM,1765909204,44.402,-94.0298,1828,265
a01866,N105MM,1765909205,44.402,-94.0302,1524,265
a01866,N105MM,1765909209,44.4013,-94.0327,1828,263
a01866,N105MM,1765909227,44.402,-94.0311,1828,265
a01866,N105MM,1765909229,44.402,-94.033,1524,267
a01866,N105MM,1765909231,44.402,-94.0339,1524,267
a01866,N105MM,1765909255,44.4,-94.0534,1828,263
a01866,N105MM,1765909260,44.3996,-94.0581,1828,263
a01866,N105MM,1765909274,44.3986,-94.0555,1828,135
a01866,N105MM,1765909275,44.3986,-94.0557,1828,264
a01866,N105MM,1765909276,44.3986,-94.0563,1828,270
a01866,N105MM,1765909278,44.3986,-94.0579,1828,270
a01866,N105MM,1765909285,44.3986,-94.0632,1828,268
a01866,N105MM,1765909291,44.3984,-94.0681,1828,265
a01866,N105MM,1765909329,44.4043,-94.09,1828,264
a01866,N105MM,1765909333,44.4077,-94.089,1828,12
a01866,N105MM,1765909339,44.4118,-94.0878,1828,13
a01866,N105MM,1765909340,44.4126,-94.0874,1828,17
a01866,N105MM,1765909342,44.4129,-94.0872,1828,22
a01866,N105MM,1765909356,44.4125,-94.0843,1828,94
a01866,N105MM,1765909358,44.4113,-94.0839,1828,165
a01866,N105MM,1765909365,44.4058,-94.0822,1828,167
a01866,N105MM,1765909379,44.3983,-94.0689,1828,98
a01866,N105MM,1765909390,44.3972,-94.0568,1828,97
a01866,N105MM,1765909393,44.3971,-94.0559,1828,97
a01866,N105MM,1765909394,44.397,-94.0557,1828,103
a01866,N105MM,1765909396,44.3969,-94.0553,1828,102
a01866,N105MM,1765909397,44.3969,-94.0547,1828,82
a01866,N105MM,1765909400,44.397,-94.0543,1828,82
a01866,N105MM,1765909402,44.3969,-94.0539,1828,111
a01866,N105MM,1765909410,44.3972,-94.0531,1524,111
a01866,N105MM,1765909411,44.3974,-94.054,1524,286
a01866,N105MM,1765909419,44.3991,-94.0618,1524,286
a01866,N105MM,1765909437,44.4042,-94.0779,1219,301
a01866,N105MM,1765909438,44.4046,-94.0787,1524,300
a01866,N105MM,1765909440,44.405,-94.0799,1524,298
a01866,N105MM,1765909441,44.4052,-94.0804,1524,295
a01866,N105MM,1765909442,44.4053,-94.0806,1524,291
a01866,N105MM,1765909443,44.4055,-94.0814,1524,281
a01866,N105MM,1765909444,44.4055,-94.0816,1524,275
a01866,N105MM,1765909445,44.4055,-94.0818,1828,270
a01866,N105MM,1765909446,44.4054,-94.0823,1828,257
a01866,N105MM,1765909447,44.4053,-94.0827,1828,244
a01866,N105MM,1765909448,44.4052,-94.0829,1828,244
a01866,N105MM,1765909449,44.4049,-94.0834,1828,222
a01866,N105MM,1765909450,44.4047,-94.0836,1828,212
a01866,N105MM,1765909451,44.4043,-94.0839,1828,212
a01866,N105MM,1765909452,44.4041,-94.084,1828,197
a01866,N105MM,1765909468,44.398,-94.0746,1828,92
a01866,N105MM,1765909471,44.398,-94.0721,1828,87
a01866,N105MM,1765909476,44.3982,-94.0668,1828,85
a01866,N105MM,1765909480,44.3985,-94.0627,1828,83
a01866,N105MM,1765909482,44.3987,-94.0605,1828,80
a01866,N105MM,1765909483,44.3988,-94.0595,1828,79
a01866,N105MM,1765909484,44.3991,-94.058,1828,78
a01866,N105MM,1765909485,44.3992,-94.057,1828,76
a01866,N105MM,1765909486,44.3993,-94.0564,1828,74
a01866,N105MM,1765909487,44.3997,-94.0547,1828,72
a01866,N105MM,1765909488,44.4,-94.0538,1828,66
a01866,N105MM,1765909495,44.4025,-94.0487,1828,46
a01866,N105MM,1765909496,44.4032,-94.0479,1828,46
a01866,N105MM,1765909497,44.4038,-94.0473,1828,32
a01866,N105MM,1765909498,44.4046,-94.0467,1828,26
a01866,N105MM,1765909500,44.4057,-94.0461,1828,18
a01866,N105MM,1765909502,44.4066,-94.0457,1828,18
a01866,N105MM,1765909503,44.4073,-94.0455,1828,11
a01866,N105MM,1765909521,44.4194,-94.0415,1828,11
a01866,N105MM,1765909522,44.4202,-94.0414,1828,7
a01866,N105MM,1765909523,44.4207,-94.0413,1828,8
a01866,N105MM,1765909524,44.4213,-94.0411,1828,11
a01866,N105MM,1765909525,44.4219,-94.0409,1828,15
a01866,N105MM,1765909526,44.4225,-94.0406,1828,17
a01866,N105MM,1765909527,44.4229,-94.0405,1828,21
a01866,N105MM,1765909529,44.424,-94.0396,1828,27
a01866,N105MM,1765909532,44.4257,-94.0385,1828,27
a01866,N105MM,1765909536,44.4287,-94.0368,1828,23
a01866,N105MM,1765909538,44.4297,-94.0362,1828,25
a01866,N105MM,1765909541,44.432,-94.0349,1828,20
a01866,N105MM,1765909545,44.4349,-94.0335,1828,18
a01866,N105MM,1765909547,44.436,-94.033,1828,16
a01866,N105MM,1765909552,44.4394,-94.0317,1828,13
a01866,N105MM,1765909563,44.4464,-94.0297,1828,11
a01866,N105MM,1765909565,44.4479,-94.0292,1828,9
a01866,N105MM,1765909569,44.4502,-94.0288,1828,7
a01866,N105MM,1765909571,44.4511,-94.0287,1828,20
a01866,N105MM,1765909572,44.4518,-94.0285,1828,12
a01866,N105MM,1765909573,44.4522,-94.0283,1828,12
a01866,N105MM,1765909578,44.4561,-94.0268,1828,343
a01866,N105MM,1765909580,44.4575,-94.0252,1828,29
a01866,N105MM,1765909581,44.4581,-94.0246,1828,27
a01866,N105MM,1765909582,44.459,-94.0241,1828,25
a01866,N105MM,1765909583,44.4597,-94.0236,1828,24
a01866,N105MM,1765909584,44.4603,-94.0232,1828,22
a01866,N105MM,1765909585,44.4612,-94.0227,1828,21
a01866,N105MM,1765909587,44.4626,-94.022,1828,20
a01866,N105MM,1765909592,44.4663,-94.0202,1828,17
a01866,N105MM,1765909603,44.4735,-94.0173,1828,15
a01866,N105MM,1765909604,44.4743,-94.0169,1828,22
a01866,N105MM,1765909608,44.4764,-94.0156,1828,23
a01866,N105MM,1765909610,44.4776,-94.0146,1828,29
a01866,N105MM,1765909611,44.4784,-94.0141,1828,27
a01866,N105MM,1765909612,44.4788,-94.0138,1828,24
a01866,N105MM,1765909615,44.4817,-94.0121,1828,24
a01866,N105MM,1765909617,44.4831,-94.0113,1828,20
a01866,N105MM,1765909629,44.4904,-94.0076,1828,18
a01866,N105MM,1765909631,44.4912,-94.0068,1828,36
a01866,N105MM,1765909632,44.4921,-94.0058,1828,38
a01866,N105MM,1765909633,44.4923,-94.0055,1828,38
a01866,N105MM,1765909634,44.4932,-94.0047,1828,35
a01866,N105MM,1765909649,44.5029,-93.9941,1828,34
a01866,N105MM,1765909657,44.5083,-93.9891,1828,32
a01866,N105MM,1765909662,44.5118,-93.9861,1828,30
a01866,N105MM,1765909663,44.512,-93.9859,1828,28
a01866,N105MM,1765909664,44.5129,-93.9853,1828,23
a01866,N105MM,1765909665,44.5132,-93.9851,1828,22
a01866,N105MM,1765909666,44.5138,-93.9848,1828,18
a01866,N105MM,1765909667,44.5145,-93.9846,1828,12
a01866,N105MM,1765909668,44.515,-93.9845,1828,7
a01866,N105MM,1765909669,44.5153,-93.9844,1828,3
a01866,N105MM,1765909670,44.5156,-93.9844,1828,354
a01866,N105MM,1765909671,44.516,-93.9845,1828,351
a01866,N105MM,1765909672,44.5163,-93.9846,1828,340
a01866,N105MM,1765909673,44.5167,-93.9848,1828,333
a01866,N105MM,1765909674,44.5168,-93.9849,1828,328
a01866,N105MM,1765909675,44.517,-93.9852,1828,321
a01866,N105MM,1765909676,44.5173,-93.9857,1828,296
a01866,N105MM,1765909677,44.5174,-93.9861,1828,283
a01866,N105MM,1765909679,44.5173,-93.987,1828,249
a01866,N105MM,1765909680,44.5172,-93.9872,1828,242
a01866,N105MM,1765909681,44.5169,-93.9878,1828,233
a01866,N105MM,1765909682,44.5166,-93.9882,1828,223
a01866,N105MM,1765909683,44.5162,-93.9885,1828,212
a01866,N105MM,1765909684,44.5158,-93.9888,1828,206
a01866,N105MM,1765909685,44.5152,-93.9892,1828,201
a01866,N105MM,1765909686,44.5146,-93.9895,1828,197
a01866,N105MM,1765909692,44.511,-93.991,1828,195
a01866,N105MM,1765909694,44.5097,-93.9915,1828,195
a01866,N105MM,1765909697,44.5075,-93.9925,1828,199
a01866,N105MM,1765909699,44.5065,-93.993,1828,206
a01866,N105MM,1765909700,44.5056,-93.9937,1828,206
a01866,N105MM,1765909705,44.5031,-93.9966,1828,226
a01866,N105MM,1765909713,44.4997,-94.0014,1828,225
a01866,N105MM,1765909714,44.4989,-94.0026,1828,227
a01866,N105MM,1765909715,44.4987,-94.0028,1828,227
a01866,N105MM,1765909719,44.4972,-94.0056,1828,236
a01866,N105MM,1765909726,44.496,-94.0114,1828,269
a01866,N105MM,1765909731,44.4958,-94.0146,1828,268
a01866,N105MM,1765909733,44.4957,-94.0159,1828,266
a01866,N105MM,1765909734,44.4957,-94.0169,1828,271
a01866,N105MM,1765909738,44.4959,-94.0194,1828,271
a01866,N105MM,1765909741,44.4959,-94.0211,1828,270
a01866,N105MM,1765909744,44.4959,-94.0234,1828,268
a01866,N105MM,1765909751,44.4957,-94.0282,1828,266
a01866,N105MM,1765909752,44.4957,-94.0286,1828,264
a01866,N105MM,1765909753,44.4956,-94.0296,1828,262
a01866,N105MM,1765909756,44.4954,-94.0316,1828,261
a01866,N105MM,1765909761,44.4949,-94.0345,1828,244
a01866,N105MM,1765909763,44.4946,-94.0356,1828,249
a01866,N105MM,1765909767,44.4941,-94.0379,1828,252
a01866,N105MM,1765909769,44.4938,-94.0391,1828,253
a01866,N105MM,1765909777,44.4929,-94.0438,1828,255
a01866,N105MM,1765909780,44.4926,-94.0456,1828,257
a01866,N105MM,1765909793,44.4917,-94.0527,1828,259
a01866,N105MM,1765909794,44.4916,-94.0534,1828,257
a01866,N105MM,1765909795,44.4915,-94.0542,1828,250
a01866,N105MM,1765909796,44.4913,-94.0548,1828,246
a01866,N105MM,1765909797,44.4912,-94.055,1828,244
a01866,N105MM,1765909798,44.4909,-94.0557,1828,237
a01866,N105MM,1765909799,44.4907,-94.0561,1828,226
a01866,N105MM,1765909800,44.4905,-94.0563,1828,224
a01866,N105MM,1765909805,44.4887,-94.0574,1828,224
a01866,N105MM,1765909806,44.488,-94.0574,1828,179
a01866,N105MM,1765909819,44.4829,-94.0495,1828,103
a01866,N105MM,1765909820,44.4828,-94.0485,1828,104
a01866,N105MM,1765909821,44.4826,-94.048,1828,108
a01866,N105MM,1765909822,44.4822,-94.0466,1828,113
a01866,N105MM,1765909823,44.4819,-94.0456,1828,119
a01866,N105MM,1765909824,44.4815,-94.0449,1828,124
a01866,N105MM,1765909825,44.4811,-94.0442,1828,129
a01866,N105MM,1765909826,44.4806,-94.0434,1828,136
a01866,N105MM,1765909832,44.4778,-94.04,1828,138
a01866,N105MM,1765909833,44.477,-94.039,1828,141
a01866,N105MM,1765909834,44.4764,-94.0385,1828,146
a01866,N105MM,1765909835,44.4758,-94.0381,1828,150
a01866,N105MM,1765909836,44.4753,-94.0377,1828,159
a01866,N105MM,1765909838,44.4739,-94.0371,1828,161
a01866,N105MM,1765909847,44.4698,-94.0306,1524,113
a01866,N105MM,1765909850,44.4686,-94.0266,1524,111
a01866,N105MM,1765909868,44.4633,-94.0059,1524,109
a01866,N105MM,1765909869,44.463,-94.0048,1524,110
a01866,N105MM,1765909875,44.4613,-93.9986,1828,112
a01866,N105MM,1765909877,44.4609,-93.9975,1524,110
a01866,N105MM,1765909879,44.46,-93.9946,1524,112
a01866,N105MM,1765909891,44.4571,-93.9832,1828,110
a01866,N105MM,1765909893,44.4573,-93.9813,1828,67
a01866,N105MM,1765909896,44.458,-93.9802,1828,36
a01866,N105MM,1765909897,44.4582,-93.9801,1828,25
a01866,N105MM,1765909898,44.4584,-93.98,1828,14
a01866,N105MM,1765909899,44.4587,-93.98,1828,346
a01866,N105MM,1765909900,44.459,-93.9801,1828,333
a01866,N105MM,1765909901,44.4592,-93.9803,1828,327
a01866,N105MM,1765909902,44.4592,-93.9805,1828,316
a01866,N105MM,1765909903,44.4595,-93.9808,1828,306
a01866,N105MM,1765909904,44.4596,-93.981,1828,306
a01866,N105MM,1765909905,44.4598,-93.9817,1828,295
a01866,N105MM,1765909906,44.46,-93.9821,1828,292
a01866,N105MM,1765909908,44.4602,-93.9831,1828,290
a01866,N105MM,1765909909,44.4603,-93.9835,1828,288
a01866,N105MM,1765909921,44.4616,-93.9893,1828,286
a01866,N105MM,1765909922,44.4617,-93.9899,1828,283
a01866,N105MM,1765909923,44.4618,-93.9904,1828,279
a01866,N105MM,1765909924,44.4618,-93.9906,1828,273
a01866,N105MM,1765909925,44.4618,-93.9914,1828,267
a01866,N105MM,1765909926,44.4618,-93.9918,1828,263
a01866,N105MM,1765909927,44.4617,-93.9922,1828,259
a01866,N105MM,1765909928,44.4616,-93.9928,1828,255
a01866,N105MM,1765909929,44.4615,-93.9934,1828,251
a01866,N105MM,1765909934,44.4608,-93.9959,1828,252
a01866,N105MM,1765909935,44.4607,-93.9966,1828,254
a01866,N105MM,1765909938,44.4605,-93.9979,1828,261
a01866,N105MM,1765909943,44.4604,-94.0006,1828,266
a01866,N105MM,1765909946,44.4603,-94.0025,1828,264
a01866,N105MM,1765909947,44.4602,-94.003,1828,262
a01866,N105MM,1765909948,44.4601,-94.0039,1828,260
a01866,N105MM,1765909950,44.46,-94.0047,1828,258
a01866,N105MM,1765909954,44.4597,-94.0069,1828,255
a01866,N105MM,1765909959,44.4592,-94.0095,1828,253
a01866,N105MM,1765909961,44.4589,-94.0104,1828,250
a01866,N105MM,1765909964,44.4586,-94.0117,1828,248
a01866,N105MM,1765909967,44.4582,-94.0128,1828,246
a01866,N105MM,1765909968,44.4581,-94.0132,1828,243
a01866,N105MM,1765909978,44.457,-94.0162,1828,242
a01866,N105MM,1765909980,44.4568,-94.0167,1828,239
a01866,N105MM,1765909981,44.4566,-94.0171,1828,237
a01866,N105MM,1765909982,44.4565,-94.0172,1828,234
a01866,N105MM,1765909983,44.4565,-94.0173,1828,234
a01866,N105MM,1765909985,44.4563,-94.0178,1828,230
a01866,N105MM,1765909987,44.456,-94.0181,1828,228
a01866,N105MM,1765909988,44.4559,-94.0183,1828,226
a01866,N105MM,1765909990,44.4556,-94.0188,1828,225
a01866,N105MM,1765909991,44.4554,-94.0189,1828,212
a01866,N105MM,1765909994,44.455,-94.0189,1828,175
a01866,N105MM,1765909995,44.4549,-94.019,1828,191
a01866,N105MM,1765909996,44.4549,-94.0189,1828,181
a01866,N105MM,1765909998,44.4544,-94.0187,1828,153
a01866,N105MM,1765910007,44.4535,-94.0148,1524,100
a01866,N105MM,1765910015,44.4527,-94.0073,1828,98
a01866,N105MM,1765910024,44.4518,-93.9993,1828,97
a01866,N105MM,1765910048,44.4503,-93.9818,1828,96
a01866,N105MM,1765910051,44.4501,-93.9803,1828,97
a01866,N105MM,1765910052,44.4501,-93.9797,1828,98
a01866,N105MM,1765910053,44.4499,-93.9789,1828,100
a01866,N105MM,1765910054,44.4499,-93.9781,1828,88
a01866,N105MM,1765910056,44.4498,-93.9773,1828,104
a01866,N105MM,1765910073,44.4508,-93.9686,1219,63
a01866,N105MM,1765910077,44.4521,-93.965,1219,61
a01866,N105MM,1765910082,44.4541,-93.9612,1219,59
a01866,N105MM,1765910083,44.4544,-93.9608,1219,36
a01866,N105MM,1765910086,44.4562,-93.96,1219,36
a01866,N105MM,1765910087,44.4567,-93.9601,1219,351
a01866,N105MM,1765910089,44.4572,-93.9604,1219,334
a01866,N105MM,1765910091,44.4578,-93.9611,1524,305
a01866,N105MM,1765910092,44.4579,-93.9614,1524,297
a01866,N105MM,1765910093,44.4581,-93.9619,1524,285
a01866,N105MM,1765910094,44.4581,-93.9623,1524,276
a01866,N105MM,1765910095,44.4581,-93.9625,1524,272
a01866,N105MM,1765910096,44.4581,-93.9628,1524,268
a01866,N105MM,1765910097,44.458,-93.9634,1524,264
a01866,N105MM,1765910098,44.458,-93.9637,1524,262
a01866,N105MM,1765910103,44.4578,-93.9659,1524,260
a01866,N105MM,1765910118,44.4569,-93.9722,1524,258
a01866,N105MM,1765910126,44.4564,-93.975,1828,255
a01866,N105MM,1765910137,44.4557,-93.9785,1828,253
a01866,N105MM,1765910148,44.4549,-93.9828,1828,256
a01866,N105MM,1765910152,44.4545,-93.9852,1828,258
a01866,N105MM,1765910162,44.4537,-93.9908,1828,260
a01866,N105MM,1765910195,44.4516,-94.0105,1828,262
a01866,N105MM,1765910223,44.45,-94.0255,1828,261
a01866,N105MM,1765910224,44.4499,-94.0266,1828,257
a01866,N105MM,1765910225,44.4499,-94.0269,1828,255
a01866,N105MM,1765910226,44.4497,-94.0275,1828,252
a01866,N105MM,1765910227,44.4495,-94.0282,1828,250
a01866,N105MM,1765910228,44.4494,-94.0287,1828,246
a01866,N105MM,1765910231,44.4489,-94.0303,1828,245
a01866,N105MM,1765910237,44.4478,-94.0335,2438,243
a01866,N105MM,1765910248,44.4457,-94.0389,2438,241
a01866,N105MM,1765910250,44.4454,-94.0399,2438,245
a01866,N105MM,1765910251,44.4454,-94.0402,2438,246
a01866,N105MM,1765910252,44.4452,-94.0408,2438,248
a01866,N105MM,1765910253,44.4451,-94.0413,2438,250
a01866,N105MM,1765910255,44.4448,-94.0422,2438,254
a01866,N105MM,1765910258,44.4446,-94.0436,2438,254
a01866,N105MM,1765910260,44.4444,-94.0447,2438,252
a01866,N105MM,1765910268,44.4435,-94.0479,2438,250
a01866,N105MM,1765910274,44.443,-94.0498,2438,247
a01866,N105MM,1765910276,44.4429,-94.0503,2438,245
a01866,N105MM,1765910277,44.4427,-94.0505,2438,244
a01866,N105MM,1765910278,44.4427,-94.0508,2438,241
a01866,N105MM,1765910279,44.4426,-94.0509,2743,240
a01866,N105MM,1765910280,44.4425,-94.0511,2743,239
a01866,N105MM,1765910281,44.4424,-94.0513,2743,236
a01866,N105MM,1765910282,44.4424,-94.0514,2743,233
a01866,N105MM,1765910283,44.4423,-94.0515,2743,231
a01866,N105MM,1765910285,44.4422,-94.0519,2743,201
a01866,N105MM,1765910286,44.4422,-94.0519,2438,207
a01866,N105MM,1765910288,44.4422,-94.0519,2438,115
a01866,N105MM,1765910305,44.4415,-94.0475,1524,111
a01866,N105MM,1765910306,44.4412,-94.0472,1524,111
a01866,N105MM,1765910307,44.441,-94.0467,1524,116
a01866,N105MM,1765910308,44.4408,-94.0459,1524,118
a01866,N105MM,1765910309,44.4403,-94.0444,1524,119
a01866,N105MM,1765910325,44.4334,-94.0289,1524,121
a01866,N105MM,1765910329,44.432,-94.0257,1524,120
a01866,N105MM,1765910336,44.4292,-94.0187,1524,117
a01866,N105MM,1765910345,44.4261,-94.0101,1828,115
a01866,N105MM,1765910353,44.4236,-94.0024,1828,116
a01866,N105MM,1765910354,44.4231,-94.0013,1828,118
a01866,N105MM,1765910355,44.4228,-94.0004,1828,121
a01866,N105MM,1765910356,44.4223,-93.9996,1828,123
a01866,N105MM,1765910357,44.4219,-93.9988,1828,127
a01866,N105MM,1765910359,44.4213,-93.9977,1828,127
a01866,N105MM,1765910360,44.4205,-93.9965,1828,135
a01866,N105MM,1765910361,44.4203,-93.9963,1828,138
a01866,N105MM,1765910362,44.4195,-93.9955,1828,143
a01866,N105MM,1765910364,44.4185,-93.9946,1828,145
a01866,N105MM,1765910365,44.4179,-93.9941,1828,154
a01866,N105MM,1765910366,44.4175,-93.9939,1828,158
a01866,N105MM,1765910367,44.4166,-93.9935,1828,161
a01866,N105MM,1765910368,44.4163,-93.9934,1828,169
a01866,N105MM,1765910369,44.4152,-93.9931,1828,172
a01866,N105MM,1765910370,44.4145,-93.9931,1828,179
a01866,N105MM,1765910371,44.4139,-93.9932,1828,184
a01866,N105MM,1765910373,44.4127,-93.9935,1828,192
a01866,N105MM,1765910375,44.4119,-93.9939,1828,203
a01866,N105MM,1765910376,44.4112,-93.9944,1828,211
a01866,N105MM,1765910380,44.4099,-93.9961,1828,230
a01866,N105MM,1765910381,44.4095,-93.9968,1828,230
a01866,N105MM,1765910383,44.409,-93.9984,1828,250
a01866,N105MM,1765910384,44.4089,-93.9988,1828,250
a01866,N105MM,1765910385,44.4088,-93.9997,1828,257
a01866,N105MM,1765910386,44.4087,-94.0005,1828,260
a01866,N105MM,1765910389,44.4084,-94.0025,1828,261
a01866,N105MM,1765910391,44.4082,-94.0039,1828,259
a01866,N105MM,1765910399,44.4076,-94.0084,1828,258
a01866,N105MM,1765910401,44.4074,-94.0097,1828,256
a01866,N105MM,1765910407,44.4069,-94.0124,1828,253
a01866,N105MM,1765910410,44.4066,-94.0142,1828,252
a01866,N105MM,1765910413,44.4062,-94.0156,1828,250
a01866,N105MM,1765910415,44.4061,-94.0162,1828,248
a01866,N105MM,1765910416,44.4059,-94.0169,1828,246
a01866,N105MM,1765910420,44.4054,-94.0182,1828,244
a01866,N105MM,1765910421,44.4052,-94.0187,1828,241
a01866,N105MM,1765910422,44.4051,-94.019,1828,239
a01866,N105MM,1765910423,44.4049,-94.0194,1828,236
a01866,N105MM,1765910424,44.4047,-94.0199,1828,232
a01866,N105MM,1765910425,44.4045,-94.0201,1828,230
a01866,N105MM,1765910426,44.4044,-94.0203,1828,227
a01866,N105MM,1765910428,44.4039,-94.0211,1828,221
a01866,N105MM,1765910429,44.4035,-94.0215,1828,218
a01866,N105MM,1765910430,44.4031,-94.0219,1828,209
a01866,N105MM,1765910431,44.4029,-94.022,1828,209
a01866,N105MM,1765910432,44.4024,-94.0223,1828,196
a01866,N105MM,1765910433,44.4021,-94.0223,1828,191
a01866,N105MM,1765910435,44.4012,-94.0223,1828,174
a01866,N105MM,1765910436,44.4011,-94.0223,1828,172
a01866,N105MM,1765910437,44.4005,-94.0221,1828,163
a01866,N105MM,1765910438,44.4003,-94.022,1828,160
a01866,N105MM,1765910444,44.3981,-94.0194,1828,126
a01866,N105MM,1765910449,44.3964,-94.0162,1828,127
a01866,N105MM,1765910451,44.3959,-94.0153,1828,122
a01866,N105MM,1765910458,44.3949,-94.0108,1828,95
a01866,N105MM,1765910459,44.3948,-94.0099,1828,100
a01866,N105MM,1765910460,44.3947,-94.0092,1828,107
a01866,N105MM,1765910461,44.3945,-94.0084,1828,111
a01866,N105MM,1765910463,44.3941,-94.0071,1828,111
a01866,N105MM,1765910466,44.3936,-94.0052,1828,109
a01866,N105MM,1765910467,44.3935,-94.0049,1828,108
a01866,N105MM,1765910468,44.3932,-94.0036,1828,103
a01866,N105MM,1765910469,44.3932,-94.0033,1828,100
a01866,N105MM,1765910470,44.3931,-94.0024,1828,97
a01866,N105MM,1765910471,44.3931,-94.0018,1828,93
a01866,N105MM,1765910474,44.3931,-94.0,1828,92
a01866,N105MM,1765910475,44.393,-93.9994,1828,94
a01866,N105MM,1765910481,44.3927,-93.9948,1828,96
a01866,N105MM,1765910483,44.3924,-93.9925,1828,98
a01866,N105MM,1765910484,44.3924,-93.9922,1828,106
a01866,N105MM,1765910485,44.3922,-93.9914,1828,108
a01866,N105MM,1765910486,44.392,-93.9904,1828,112
a01866,N105MM,1765910487,44.3917,-93.9896,1828,117
a01866,N105MM,1765910488,44.3914,-93.9891,1828,120
a01866,N105MM,1765910489,44.3912,-93.9886,1828,124
a01866,N105MM,1765910491,44.3906,-93.9876,1828,131
a01866,N105MM,1765910497,44.3896,-93.9835,1524,98
a01866,N105MM,1765910502,44.389,-93.9784,1524,100
a01866,N105MM,1765910503,44.3889,-93.9775,1524,102
a01866,N105MM,1765910504,44.3887,-93.9766,1524,108
a01866,N105MM,1765910505,44.3884,-93.9758,1524,118
a01866,N105MM,1765910506,44.388,-93.975,1524,129
a01866,N105MM,1765910507,44.3876,-93.9746,1828,137
a01866,N105MM,1765910509,44.3866,-93.9736,1828,155
a01866,N105MM,1765910511,44.3862,-93.9734,1828,157
a01866,N105MM,1765910512,44.3857,-93.9732,1828,163
a01866,N105MM,1765910516,44.3835,-93.9737,1828,208
a01866,N105MM,1765910517,44.3832,-93.974,1828,212
a01866,N105MM,1765910518,44.3828,-93.9744,1828,210
a01866,N105MM,1765910519,44.3821,-93.9749,1828,207
a01866,N105MM,1765910522,44.3808,-93.9758,1828,208
a01866,N105MM,1765910523,44.3803,-93.9762,1828,212
a01866,N105MM,1765910524,44.3801,-93.9764,1828,215
a01866,N105MM,1765910525,44.3796,-93.9769,1828,216
a01866,N105MM,1765910526,44.379,-93.9775,1828,220
a01866,N105MM,1765910527,44.3789,-93.9778,1828,219
a01866,N105MM,1765910528,44.3783,-93.9784,1828,217
a01866,N105MM,1765910530,44.3775,-93.9791,1828,210
a01866,N105MM,1765910531,44.3769,-93.9796,1828,205
a01866,N105MM,1765910533,44.376,-93.9801,1828,199
a01866,N105MM,1765910534,44.3753,-93.9803,1828,197
a01866,N105MM,1765910535,44.3747,-93.9805,1828,191
a01866,N105MM,1765910537,44.3737,-93.9807,1828,191
a01866,N105MM,1765910538,44.3728,-93.9808,1828,184
a01866,N105MM,1765910539,44.3725,-93.9808,1828,177
a01866,N105MM,1765910540,44.3719,-93.9807,1828,177
a01866,N105MM,1765910557,44.3694,-93.9856,1828,316
a01866,N105MM,1765910560,44.3707,-93.9856,1828,0
a01866,N105MM,1765910563,44.3718,-93.9856,1828,2
a01866,N105MM,1765910567,44.3729,-93.9855,1828,1
a01866,N105MM,1765910568,44.3731,-93.9855,1828,0
a01866,N105MM,1765910581,44.3739,-93.9851,1828,356
a01866,N105MM,1765910588,44.3749,-93.9894,1524,281
a01866,N105MM,1765910589,44.375,-93.9901,1524,281
a01866,N105MM,1765910590,44.375,-93.9908,1524,276
a01866,N105MM,1765910591,44.3751,-93.9914,1524,276
a01866,N105MM,1765910592,44.3752,-93.9924,1524,274
a01866,N105MM,1765910593,44.3752,-93.9927,1524,271
a01866,N105MM,1765910594,44.3752,-93.9935,1524,269
a01866,N105MM,1765910595,44.3752,-93.9941,1524,268
a01866,N105MM,1765910596,44.3751,-93.9948,1524,264
a01866,N105MM,1765910597,44.375,-93.9956,1524,261
a01866,N105MM,1765910598,44.3749,-93.9967,1524,256
a01866,N105MM,1765910599,44.3747,-93.9975,1524,252
a01866,N105MM,1765910600,44.3746,-93.998,1524,250
a01866,N105MM,1765910601,44.3743,-93.9988,1524,246
a01866,N105MM,1765910602,44.374,-93.9997,1219,245
a01866,N105MM,1765910603,44.3737,-94.0006,1219,241
a01866,N105MM,1765910604,44.3736,-94.0009,1219,240
a01866,N105MM,1765910605,44.373,-94.0022,1219,237
a01866,N105MM,1765910606,44.3728,-94.0026,1219,236
a01866,N105MM,1765910607,44.3721,-94.0041,1219,234
a01866,N105MM,1765910608,44.3717,-94.0049,1219,233
a01866,N105MM,1765910609,44.3712,-94.0057,1524,230
a01866,N105MM,1765910610,44.3707,-94.0065,1524,229
a01866,N105MM,1765910612,44.3697,-94.008,1524,227
a01866,N105MM,1765910614,44.3689,-94.0091,1524,225
a01866,N105MM,1765910628,44.3617,-94.0187,1524,223
a01866,N105MM,1765910636,44.3578,-94.0241,1524,225
a01866,N105MM,1765910652,44.3514,-94.0337,1828,227
a01866,N105MM,1765910659,44.3498,-94.0373,1828,249
a01866,N105MM,1765910662,44.3495,-94.0392,1828,261
a01866,N105MM,1765910663,44.3494,-94.0396,1828,263
a01866,N105MM,1765910664,44.3494,-94.0401,1828,265
a01866,N105MM,1765910666,44.3493,-94.041,1828,266
a01866,N105MM,1765910667,44.3493,-94.0417,1828,268
a01866,N105MM,1765910677,44.3493,-94.0464,1828,269
a01866,N105MM,1765910685,44.3492,-94.0507,1828,265
a01866,N105MM,1765910703,44.3484,-94.0611,1828,263
a01866,N105MM,1765910733,44.3466,-94.0803,1828,261
a01866,N105MM,1765910744,44.3455,-94.0897,1828,259
a01866,N105MM,1765910746,44.3452,-94.0911,1828,251
a01866,N105MM,1765910753,44.3448,-94.0897,2438,94
a01866,N105MM,1765910756,44.3447,-94.088,2438,92
a01866,N105MM,1765910757,44.3447,-94.087,2438,90
a01866,N105MM,1765910759,44.3447,-94.0865,2438,90
a01866,N105MM,1765910760,44.3447,-94.0856,1828,92
a01866,N105MM,1765910763,44.3446,-94.0864,1828,266
a01866,N105MM,1765910767,44.3445,-94.0895,1828,266
a01866,N105MM,1765910770,44.3444,-94.0918,1828,264
a01866,N105MM,1765910798,44.3418,-94.0772,1828,101
a01866,N105MM,1765910799,44.3416,-94.0766,1828,105
a01866,N105MM,1765910802,44.3413,-94.0757,2438,105
a01866,N105MM,1765910803,44.3412,-94.0756,2438,140
a01866,N105MM,1765910804,44.341,-94.0755,2438,164
a01866,N105MM,1765910805,44.341,-94.0755,2438,183
a01866,N105MM,1765910806,44.3409,-94.0755,2438,188
a01866,N105MM,1765910807,44.3409,-94.0755,2438,55
a01866,N105MM,1765910808,44.3408,-94.0756,2438,154
a01866,N105MM,1765910810,44.3405,-94.0759,2438,154
a01866,N105MM,1765910813,44.3404,-94.0766,1828,266
a01866,N105MM,1765910817,44.3402,-94.079,1828,265
a01866,N105MM,1765910820,44.3395,-94.0815,1828,244
a01866,N105MM,1765910824,44.3396,-94.0846,1828,244
a01866,N105MM,1765910825,44.3395,-94.0855,1828,259
a01866,N105MM,1765910828,44.3392,-94.0878,1828,258
a01866,N105MM,1765910833,44.3381,-94.093,1828,250
a01866,N105MM,1765910834,44.3378,-94.094,1828,245
a01866,N105MM,1765910844,44.3347,-94.1031,1828,245
a01866,N105MM,1765910846,44.3342,-94.1047,1828,243
a01866,N105MM,1765910847,44.3338,-94.1056,1828,240
a01866,N105MM,1765910848,44.3337,-94.106,1828,238
a01866,N105MM,1765910849,44.3333,-94.1069,1828,235
a01866,N105MM,1765910850,44.3327,-94.1081,1828,233
a01866,N105MM,1765910852,44.3321,-94.1092,1828,231
a01866,N105MM,1765910853,44.3314,-94.1104,1828,229
a01866,N105MM,1765910854,44.3309,-94.1111,1828,228
a01866,N105MM,1765910857,44.3297,-94.1127,1828,226
a01866,N105MM,1765910858,44.3291,-94.1134,1828,220
a01866,N105MM,1765910859,44.3284,-94.1143,1828,217
a01866,N105MM,1765910860,44.3279,-94.1148,1828,215
a01866,N105MM,1765910861,44.3274,-94.1153,1828,214
a01866,N105MM,1765910862,44.3266,-94.1159,1828,212
a01866,N105MM,1765910863,44.3261,-94.1164,1828,210
a01866,N105MM,1765910864,44.3257,-94.1167,1828,209
a01866,N105MM,1765910865,44.325,-94.1173,1828,207
a01866,N105MM,1765910867,44.324,-94.118,1828,205
a01866,N105MM,1765910868,44.3234,-94.1184,1828,203
a01866,N105MM,1765910869,44.3225,-94.1189,1828,200
a01866,N105MM,1765910870,44.3222,-94.119,1828,197
a01866,N105MM,1765910871,44.3212,-94.1194,1828,195
a01866,N105MM,1765910872,44.3205,-94.1196,1828,188
a01866,N105MM,1765910873,44.3197,-94.1197,1828,184
a01866,N105MM,1765910875,44.3186,-94.1197,1828,176
a01866,N105MM,1765910876,44.3179,-94.1195,1828,173
a01866,N105MM,1765910879,44.3156,-94.1187,1828,158
a01866,N105MM,1765910881,44.3142,-94.1178,1828,151
a01866,N105MM,1765910884,44.3124,-94.1161,1828,142
a01866,N105MM,1765910888,44.3102,-94.1128,1828,130
a01866,N105MM,1765910890,44.3092,-94.1113,1828,128
a01866,N105MM,1765910891,44.3087,-94.1103,1828,127
a01866,N105MM,1765910893,44.3078,-94.1086,1828,125
a01866,N105MM,1765910898,44.3056,-94.104,1828,123
a01866,N105MM,1765910919,44.3014,-94.0829,1524,93
a01866,N105MM,1765910922,44.3013,-94.0802,1524,91
a01866,N105MM,1765910925,44.3013,-94.0767,1524,89
a01866,N105MM,1765910928,44.3014,-94.0734,1219,87
a01866,N105MM,1765910929,44.3014,-94.0724,1219,87
a01866,N105MM,1765910937,44.3018,-94.0637,1219,84
a01866,N105MM,1765910940,44.302,-94.0607,1219,83
a01866,N105MM,1765910955,44.3035,-94.0454,914,81
a01866,N105MM,1765910968,44.3049,-94.0332,914,80
a00ac9,N1010F,1765919780,33.6327,-101.8317,1219,126
a00ac9,N1010F,1765919784,33.6311,-101.8289,1219,124
a00ac9,N1010F,1765919786,33.6304,-101.8274,1219,119
a00ac9,N1010F,1765919787,33.6301,-101.8267,1219,117
a00ac9,N1010F,1765919790,33.6292,-101.8245,1219,110
a00ac9,N1010F,1765919792,33.6288,-101.8229,1219,110
a00ac9,N1010F,1765919793,33.6286,-101.822,1219,104
a00ac9,N1010F,1765919794,33.6284,-101.8211,1219,103
a00ac9,N1010F,1765919795,33.6283,-101.8201,1219,100
a00ac9,N1010F,1765919796,33.6282,-101.8196,1219,100
a00ac9,N1010F,1765919797,33.6281,-101.8187,1219,95
a00ac9,N1010F,1765919798,33.628,-101.8179,1219,93
a00ac9,N1010F,1765919800,33.628,-101.8158,1219,91
a00ac9,N1010F,1765919801,33.628,-101.8152,1219,91
a00ac9,N1010F,1765919802,33.628,-101.8144,1219,86
a00ac9,N1010F,1765919803,33.6281,-101.8133,1219,86
a00ac9,N1010F,1765919806,33.6283,-101.8104,1219,82
a00ac9,N1010F,1765919811,33.629,-101.806,1524,80
a00ac9,N1010F,1765919826,33.6309,-101.793,1524,80
a00ac9,N1010F,1765919842,33.6327,-101.7795,1524,82
a00ac9,N1010F,1765919875,33.6354,-101.7503,1828,84
a00ac9,N1010F,1765919959,33.6417,-101.6725,1828,84
a00ac9,N1010F,1765920703,33.7059,-100.8245,1828,85
a00ac9,N1010F,1765924193,33.9204,-96.9361,1828,87
a00ac9,N1010F,1765924287,33.9244,-96.826,1524,87
a00ac9,N1010F,1765924374,33.9285,-96.7222,1219,87
a00ac9,N1010F,1765924415,33.9302,-96.6742,1219,87
a026cf,N109GX,1765920789,39.0275,-86.3334,2743,113
a026cf,N109GX,1765920793,39.0248,-86.3254,3048,113
a026cf,N109GX,1765920821,39.0084,-86.2769,3352,113
a026cf,N109GX,1765920853,38.9874,-86.2149,3657,113
a026cf,N109GX,1765920880,38.969,-86.1608,3962,113
a026cf,N109GX,1765920904,38.9522,-86.1113,3962,113
a026cf,N109GX,1765920929,38.9348,-86.0606,4572,113
a026cf,N109GX,1765920959,38.9128,-85.9966,4876,113
a026cf,N109GX,1765920987,38.8922,-85.9367,5181,113
a026cf,N109GX,1765921012,38.8736,-85.8826,5486,113
a026cf,N109GX,1765921039,38.8538,-85.8251,5791,113
a026cf,N109GX,1765921070,38.8306,-85.7574,6096,113
a026cf,N109GX,1765921101,38.8071,-85.6886,6400,113
a026cf,N109GX,1765921133,38.7824,-85.6175,6705,114
a026cf,N109GX,1765921164,38.7583,-85.5483,7010,114
a026cf,N109GX,1765921196,38.7332,-85.4763,7315,114
a026cf,N109GX,1765921227,38.7087,-85.4064,7620,114
a026cf,N109GX,1765921259,38.6838,-85.3356,7924,114
a026cf,N109GX,1765921296,38.6541,-85.2512,8229,114
a026cf,N109GX,1765921339,38.6195,-85.1531,8229,114
a026cf,N109GX,1765921382,38.5842,-85.0532,8839,114
a026cf,N109GX,1765921432,38.5419,-84.934,9144,114
a026cf,N109GX,1765921491,38.4913,-84.7918,9448,114
a026cf,N109GX,1765921550,38.4394,-84.6466,9753,114
a026cf,N109GX,1765921616,38.3806,-84.4833,10058,114
a026cf,N109GX,1765921697,38.306,-84.2768,9753,114
a026cf,N109GX,1765921755,38.2518,-84.1276,9448,114
a026cf,N109GX,1765922127,37.9021,-83.185,9448,115
a026cf,N109GX,1765922133,37.8959,-83.1695,9448,118
a026cf,N109GX,1765922137,37.8913,-83.1593,9448,120
a026cf,N109GX,1765922141,37.8867,-83.1498,9448,122
a026cf,N109GX,1765922147,37.8798,-83.1369,9144,124
a026cf,N109GX,1765922208,37.8033,-82.9996,8839,124
a026cf,N109GX,1765922308,37.6794,-82.7772,8839,122
a026cf,N109GX,1765922310,37.6765,-82.7713,8839,120
a026cf,N109GX,1765922313,37.6734,-82.7642,8839,119
a026cf,N109GX,1765922316,37.6703,-82.7568,8839,116
a026cf,N109GX,1765922330,37.6576,-82.7219,8229,115
a026cf,N109GX,1765922560,37.4567,-82.1132,8229,113
a026cf,N109GX,1765922784,37.2546,-81.5213,8229,113
a026cf,N109GX,1765922791,37.2464,-81.5015,8229,116
a026cf,N109GX,1765922793,37.2445,-81.4976,8229,120
a026cf,N109GX,1765922797,37.239,-81.4875,8229,123
a026cf,N109GX,1765922798,37.2376,-81.4849,8229,125
a026cf,N109GX,1765922801,37.2334,-81.4782,8229,127
a026cf,N109GX,1765922806,37.2256,-81.467,8229,130
a026cf,N109GX,1765922807,37.2241,-81.465,8229,133
a026cf,N109GX,1765922810,37.2194,-81.4592,8229,134
a026cf,N109GX,1765922813,37.2143,-81.4531,8229,136
a026cf,N109GX,1765922816,37.2101,-81.4484,8229,138
a026cf,N109GX,1765922820,37.2026,-81.4406,8229,140
a026cf,N109GX,1765922871,37.1059,-81.3632,8229,142
a026cf,N109GX,1765922875,37.0981,-81.3577,8229,150
a026cf,N109GX,1765922887,37.0758,-81.3421,7924,150
a026cf,N109GX,1765922943,36.9635,-81.2642,7620,150
a026cf,N109GX,1765922991,36.8679,-81.1973,7315,150
a026cf,N109GX,1765923037,36.7787,-81.1344,7010,150
a026cf,N109GX,1765923080,36.6957,-81.0758,6705,150
a026cf,N109GX,1765923127,36.6063,-81.0131,6400,150
a026cf,N109GX,1765923174,36.5205,-80.9535,6096,150
a026cf,N109GX,1765923218,36.4379,-80.8963,5791,150
a026cf,N109GX,1765923265,36.3524,-80.8376,5486,151
a026cf,N109GX,1765923305,36.2805,-80.7881,5181,150
a026cf,N109GX,1765923340,36.2166,-80.744,4876,150
a026cf,N109GX,1765923363,36.1755,-80.715,4876,148
a026cf,N109GX,1765923365,36.173,-80.7132,4876,146
a026cf,N109GX,1765923367,36.1688,-80.7095,4876,144
a026cf,N109GX,1765923368,36.1679,-80.7087,4876,143
a026cf,N109GX,1765923370,36.1655,-80.7063,4876,141
a026cf,N109GX,1765923371,36.1631,-80.7038,4876,139
a026cf,N109GX,1765923372,36.1614,-80.702,4876,137
a026cf,N109GX,1765923373,36.1593,-80.6995,4876,136
a026cf,N109GX,1765923375,36.1567,-80.6963,4572,135
a026cf,N109GX,1765923376,36.1555,-80.6946,4572,132
a026cf,N109GX,1765923377,36.1537,-80.6921,4572,131
a026cf,N109GX,1765923379,36.1514,-80.6889,4572,129
a026cf,N109GX,1765923381,36.1486,-80.6844,4572,127
a026cf,N109GX,1765923383,36.1459,-80.6797,4572,125
a026cf,N109GX,1765923384,36.1449,-80.6778,4572,123
a026cf,N109GX,1765923385,36.1439,-80.6758,4572,122
a026cf,N109GX,1765923387,36.1417,-80.6712,4572,120
a026cf,N109GX,1765923389,36.1402,-80.6679,4572,118
a026cf,N109GX,1765923391,36.1379,-80.6623,4572,116
a026cf,N109GX,1765923392,36.1374,-80.6609,4572,115
a026cf,N109GX,1765923394,36.1356,-80.656,4572,112
a026cf,N109GX,1765923396,36.1338,-80.6504,4572,111
a026cf,N109GX,1765923399,36.1321,-80.6442,4572,108
a026cf,N109GX,1765923403,36.1295,-80.6339,4572,106
a026cf,N109GX,1765923408,36.1269,-80.6219,3962,104
a026cf,N109GX,1765923409,36.1264,-80.6197,3962,103
a026cf,N109GX,1765923418,36.1227,-80.5986,3962,101
a026cf,N109GX,1765923431,36.1184,-80.5684,3962,99
a026cf,N109GX,1765923453,36.1128,-80.519,3657,97
a026cf,N109GX,1765923469,36.1093,-80.4856,3352,97
a026cf,N109GX,1765923481,36.1067,-80.4605,3048,97
a026cf,N109GX,1765923505,36.1012,-80.4132,3048,99
a026cf,N109GX,1765923507,36.1005,-80.4091,3048,101
a026cf,N109GX,1765923511,36.0992,-80.4024,2743,104
a026cf,N109GX,1765923513,36.0985,-80.3992,2743,106
a026cf,N109GX,1765923516,36.0971,-80.394,2743,108
a026cf,N109GX,1765923536,36.0869,-80.3607,2438,110
a026cf,N109GX,1765923558,36.0764,-80.3251,1828,110
a026cf,N109GX,1765923577,36.0672,-80.2945,1828,110
a026cf,N109GX,1765923623,36.0471,-80.2271,1524,109
a03f1e,988,1765912953,40.7795,-73.8727,-304,302
a03f1e,988,1765912958,40.7816,-73.8769,0,302
a03f1e,988,1765912965,40.7843,-73.8824,0,303
a03f1e,988,1765912967,40.7849,-73.8837,0,305
a03f1e,988,1765912968,40.7856,-73.8847,0,307
a03f1e,988,1765912969,40.7861,-73.8855,0,309
a03f1e,988,1765912970,40.7863,-73.8858,0,311
a03f1e,988,1765912971,40.787,-73.8867,0,313
a03f1e,988,1765912972,40.7875,-73.8874,0,316
a03f1e,988,1765912973,40.788,-73.8879,0,318
a03f1e,988,1765912974,40.7882,-73.8882,0,321
a03f1e,988,1765912975,40.7887,-73.8888,0,324
a03f1e,988,1765912976,40.7896,-73.8896,0,326
a03f1e,988,1765912977,40.7905,-73.8903,304,329
a03f1e,988,1765912979,40.7915,-73.8909,304,333
a03f1e,988,1765912980,40.7919,-73.8911,304,334
a03f1e,988,1765912982,40.7936,-73.8921,304,336
a03f1e,988,1765912984,40.7946,-73.8926,304,338
a03f1e,988,1765912986,40.7965,-73.8936,304,340
a03f1e,988,1765913020,40.8219,-73.9043,609,342
a03f1e,988,1765913038,40.8379,-73.9115,609,340
a03f1e,988,1765913063,40.8619,-73.9215,914,343
a03f1e,988,1765913095,40.8977,-73.9349,1219,344
a03f1e,988,1765913097,40.9001,-73.9359,1219,343
a03f1e,988,1765913099,40.9024,-73.9368,1219,341
a03f1e,988,1765913101,40.905,-73.938,1219,339
a03f1e,988,1765913103,40.9071,-73.9392,1219,337
a03f1e,988,1765913105,40.9093,-73.9405,1219,335
a03f1e,988,1765913106,40.9103,-73.9412,1219,333
a03f1e,988,1765913107,40.9115,-73.942,1219,332
a03f1e,988,1765913108,40.912,-73.9424,1219,330
a03f1e,988,1765913109,40.9135,-73.9436,1219,329
a03f1e,988,1765913110,40.914,-73.944,1219,327
a03f1e,988,1765913111,40.9155,-73.9453,1219,325
a03f1e,988,1765913113,40.9173,-73.9472,1219,323
a03f1e,988,1765913114,40.9181,-73.948,1524,320
a03f1e,988,1765913115,40.9189,-73.949,1524,318
a03f1e,988,1765913116,40.9196,-73.95,1524,317
a03f1e,988,1765913117,40.9206,-73.9512,1524,315
a03f1e,988,1765913118,40.9213,-73.9522,1524,314
a03f1e,988,1765913119,40.9218,-73.9529,1524,312
a03f1e,988,1765913120,40.923,-73.9547,1524,310
a03f1e,988,1765913121,40.9237,-73.9559,1524,309
a03f1e,988,1765913122,40.9244,-73.957,1524,307
a03f1e,988,1765913123,40.925,-73.9582,1524,306
a03f1e,988,1765913124,40.9257,-73.9595,1524,304
a03f1e,988,1765913125,40.9262,-73.9607,1524,302
a03f1e,988,1765913126,40.9267,-73.9619,1524,300
a03f1e,988,1765913127,40.9272,-73.9631,1524,299
a03f1e,988,1765913128,40.9278,-73.9645,1524,297
a03f1e,988,1765913129,40.9283,-73.9659,1524,295
a03f1e,988,1765913130,40.9288,-73.9673,1524,294
a03f1e,988,1765913131,40.9292,-73.9688,1524,292
a03f1e,988,1765913132,40.9295,-73.9696,1524,290
a03f1e,988,1765913133,40.93,-73.9717,1524,288
a03f1e,988,1765913134,40.9303,-73.9731,1524,286
a03f1e,988,1765913135,40.9306,-73.9748,1524,284
a03f1e,988,1765913136,40.9307,-73.9755,1524,283
a03f1e,988,1765913137,40.9309,-73.9769,1524,281
a03f1e,988,1765913138,40.9312,-73.9792,1828,279
a03f1e,988,1765913139,40.9313,-73.98,1828,277
a03f1e,988,1765913140,40.9314,-73.9815,1828,275
a03f1e,988,1765913141,40.9315,-73.9832,1828,273
a03f1e,988,1765913142,40.9315,-73.9849,1828,271
a03f1e,988,1765913143,40.9315,-73.9863,1828,269
a03f1e,988,1765913144,40.9314,-73.9883,1828,268
a03f1e,988,1765913145,40.9314,-73.9892,1828,266
a03f1e,988,1765913146,40.9312,-73.9913,1828,264
a03f1e,988,1765913147,40.9311,-73.9927,1828,262
a03f1e,988,1765913148,40.9309,-73.9944,1828,261
a03f1e,988,1765913149,40.9307,-73.9959,1828,259
a03f1e,988,1765913150,40.9305,-73.9967,1828,257
a03f1e,988,1765913151,40.9301,-73.9988,1828,256
a03f1e,988,1765913152,40.9297,-74.0004,1828,254
a03f1e,988,1765913153,40.9296,-74.0013,1828,252
a03f1e,988,1765913154,40.9292,-74.0027,1828,250
a03f1e,988,1765913155,40.9286,-74.0049,1828,249
a03f1e,988,1765913157,40.9278,-74.0073,1828,247
a03f1e,988,1765913167,40.9229,-74.0218,1828,245
a03f1e,988,1765913187,40.9127,-74.0506,2438,244
a03f1e,988,1765913208,40.9019,-74.0806,2743,244
a03f1e,988,1765913239,40.8857,-74.126,3048,244
a03f1e,988,1765913264,40.8724,-74.164,3352,245
a03f1e,988,1765913303,40.8509,-74.2249,3657,245
a03f1e,988,1765913355,40.8171,-74.3188,3962,244
a03f1e,988,1765913379,40.8011,-74.363,3962,244
a03f1e,988,1765913408,40.7813,-74.4177,4572,244
a03f1e,988,1765913434,40.7632,-74.4678,4876,244
a03f1e,988,1765913497,40.7197,-74.5884,5181,244
a03f1e,988,1765913534,40.6935,-74.6609,5486,244
a03f1e,988,1765913558,40.6765,-74.7078,5791,244
a03f1e,988,1765913601,40.6452,-74.7939,6096,244
a03f1e,988,1765913636,40.6192,-74.8655,6400,244
a03f1e,988,1765913679,40.5864,-74.9549,6705,244
a03f1e,988,1765913699,40.5708,-74.9974,6705,243
a03f1e,988,1765913705,40.5659,-75.0097,6705,241
a03f1e,988,1765913710,40.5608,-75.0211,6705,238
a03f1e,988,1765913714,40.5574,-75.0283,6705,237
a03f1e,988,1765913718,40.553,-75.0367,6705,234
a03f1e,988,1765913722,40.5484,-75.0449,7010,233
a03f1e,988,1765913723,40.5472,-75.0469,7010,232
a03f1e,988,1765913763,40.4994,-75.1231,7315,230
a03f1e,988,1765913816,40.4336,-75.2275,7620,230
a03f1e,988,1765913860,40.3787,-75.3143,7924,230
a03f1e,988,1765913916,40.3067,-75.4276,8229,230
a03f1e,988,1765913963,40.245,-75.5243,8229,230
a03f1e,988,1765913973,40.232,-75.5453,8229,231
a03f1e,988,1765913985,40.2171,-75.5712,8229,234
a03f1e,988,1765914025,40.1719,-75.6605,8839,236
a03f1e,988,1765914078,40.1117,-75.7798,9144,236
a03f1e,988,1765914114,40.07,-75.8621,9144,235
a03f1e,988,1765914125,40.057,-75.8857,9448,233
a03f1e,988,1765914128,40.0528,-75.8929,9448,232
a03f1e,988,1765914175,39.9901,-75.9922,9753,230
a03f1e,988,1765914234,39.9105,-76.1169,10058,230
a03f1e,988,1765914270,39.8622,-76.192,10363,230
a03f1e,988,1765914334,39.7773,-76.324,10668,230
a03f1e,988,1765914420,39.6625,-76.5014,10972,230
a03f1e,988,1765914421,39.6612,-76.5035,10668,230
a03f1e,988,1765914423,39.659,-76.5068,10972,230
a03f1e,988,1765914577,39.4534,-76.8221,10668,229
a03f1e,988,1765914578,39.452,-76.8242,10972,229
a03f1e,988,1765914579,39.4507,-76.8263,10668,229
a03f1e,988,1765914580,39.4492,-76.8285,10972,229
a03f1e,988,1765914583,39.4452,-76.8345,10668,229
a03f1e,988,1765914584,39.444,-76.8364,10972,229
a03f1e,988,1765914588,39.4382,-76.8452,10668,229
a03f1e,988,1765914589,39.4375,-76.8463,10972,229
a03f1e,988,1765914601,39.4221,-76.8699,10668,229
a03f1e,988,1765914601,39.4216,-76.8707,10972,229
a03f1e,988,1765914604,39.4175,-76.8769,10668,229
a03f1e,988,1765914605,39.4162,-76.8789,10972,229
a03f1e,988,1765914606,39.4146,-76.8812,10668,229
a03f1e,988,1765914608,39.4121,-76.8851,10972,229
a03f1e,988,1765914609,39.4109,-76.887,10668,229
a03f1e,988,1765914613,39.4048,-76.8962,10972,229
a03f1e,988,1765914614,39.4035,-76.8983,10668,229
a03f1e,988,1765914615,39.4027,-76.8995,10972,229
a03f1e,988,1765914616,39.4013,-76.9017,10668,229
a03f1e,988,1765914626,39.3881,-76.9218,10972,229
a03f1e,988,1765914627,39.3866,-76.9241,10668,229
a03f1e,988,1765914721,39.2605,-77.115,10972,229
a03f1e,988,1765914722,39.2592,-77.1169,10668,229
a03f1e,988,1765914746,39.2272,-77.1653,10972,229
a03f1e,988,1765914749,39.2231,-77.1715,10668,229
a03f1e,988,1765914750,39.2218,-77.1735,10972,229
a03f1e,988,1765915062,38.7969,-77.8082,10668,229
a03f1e,988,1765915063,38.7955,-77.8103,10972,229
a03f1e,988,1765915069,38.7872,-77.8226,10668,229
a03f1e,988,1765915071,38.7846,-77.8264,10972,229
a03f1e,988,1765915077,38.7764,-77.8386,10668,229
a03f1e,988,1765915079,38.7735,-77.8429,10972,229
a03f1e,988,1765915219,38.5823,-78.1238,10668,229
a03f1e,988,1765915220,38.5809,-78.1258,10972,229
a03f1e,988,1765915225,38.574,-78.1359,10668,228
a03f1e,988,1765915226,38.5727,-78.1378,10972,228
a03f1e,988,1765915229,38.5687,-78.1437,10668,228
a03f1e,988,1765915230,38.5674,-78.1456,10972,228
a03f1e,988,1765915234,38.5619,-78.1536,10668,228
a03f1e,988,1765915235,38.5606,-78.1556,10972,228
a03f1e,988,1765915238,38.5564,-78.1616,10668,228
a03f1e,988,1765915239,38.5549,-78.1638,10972,228
a03f1e,988,1765915240,38.5536,-78.1658,10668,228
a03f1e,988,1765915244,38.5482,-78.1736,10972,228
a03f1e,988,1765915245,38.547,-78.1755,10668,228
a03f1e,988,1765915286,38.4906,-78.2579,10972,228
a03f1e,988,1765915438,38.2832,-78.5587,10668,228
a03f1e,988,1765915439,38.2819,-78.5607,10972,228
a03f1e,988,1765915440,38.2804,-78.5628,10668,228
a03f1e,988,1765915524,38.1663,-78.727,10972,228
a03f1e,988,1765915525,38.1647,-78.7293,10668,228
a03f1e,988,1765915526,38.1633,-78.7312,10972,228
a03f1e,988,1765915529,38.1591,-78.7373,10668,228
a03f1e,988,1765915532,38.1549,-78.7433,10972,228
a03f1e,988,1765915533,38.1536,-78.7453,10668,228
a03f1e,988,1765915534,38.1521,-78.7474,10972,228
a03f1e,988,1765915535,38.1507,-78.7494,10668,228
a03f1e,988,1765915536,38.15,-78.7504,10972,228
a03f1e,988,1765915886,37.6692,-79.4278,10668,227
a03f1e,988,1765915887,37.6679,-79.4296,10972,227
a03f1e,988,1765915889,37.6649,-79.4337,10668,227
a03f1e,988,1765915891,37.6622,-79.4374,10972,227
a03f1e,988,1765915892,37.6609,-79.4393,10668,227
a03f1e,988,1765915977,37.5433,-79.6013,10972,227
a03f1e,988,1765915978,37.542,-79.6032,10668,227
a03f1e,988,1765915980,37.5398,-79.6062,10972,227
a03f1e,988,1765916135,37.3229,-79.9029,10668,227
a03f1e,988,1765916136,37.3223,-79.9038,10972,227
a03f1e,988,1765916137,37.3201,-79.9067,10668,227
a03f1e,988,1765916287,37.1108,-80.1904,10972,227
a03f1e,988,1765916292,37.1036,-80.2001,10668,227
a03f1e,988,1765916293,37.1029,-80.2011,10972,227
a03f1e,988,1765916310,37.0776,-80.2352,10668,227
a03f1e,988,1765916311,37.0762,-80.237,10972,227
a03f1e,988,1765916312,37.0756,-80.2379,10668,227
a03f1e,988,1765916314,37.0721,-80.2426,10972,227
a03f1e,988,1765916704,36.508,-80.9635,10668,225
a03f1e,988,1765916850,36.2979,-81.227,10972,225
a03f1e,988,1765917115,35.9044,-81.7151,10668,225
a03f1e,988,1765917313,35.6119,-82.0687,10363,224
a03f1e,988,1765917314,35.6103,-82.0707,10668,224
a03f1e,988,1765917341,35.5696,-82.1189,10363,224
a03f1e,988,1765917342,35.5681,-82.1205,10668,224
a03f1e,988,1765917343,35.5664,-82.1226,10363,224
a03f1e,988,1765917348,35.5589,-82.1316,10668,224
a03f1e,988,1765917402,35.4773,-82.2287,10363,224
a03f1e,988,1765917476,35.3676,-82.3618,10058,225
a03f1e,988,1765917541,35.2735,-82.4791,9753,225
a03f1e,988,1765917605,35.1802,-82.5942,9448,225
a03f1e,988,1765917667,35.0881,-82.7044,9144,224
a03f1e,988,1765917730,34.9933,-82.8167,8839,224
a03f1e,988,1765917793,34.8971,-82.9298,8229,223
a03f1e,988,1765917855,34.8021,-83.0396,8229,223
a03f1e,988,1765917910,34.7169,-83.1378,7924,223
a03f1e,988,1765917937,34.676,-83.185,7620,223
a03f1e,988,1765917959,34.6437,-83.222,7315,223
a03f1e,988,1765917983,34.6084,-83.2626,7010,223
a03f1e,988,1765918007,34.5737,-83.3021,6705,223
a03f1e,988,1765918031,34.5402,-83.3405,6400,223
a03f1e,988,1765918056,34.5054,-83.3807,6096,223
a03f1e,988,1765918082,34.4697,-83.4218,5791,223
a03f1e,988,1765918109,34.434,-83.4624,5486,223
a03f1e,988,1765918136,34.3978,-83.5038,5181,223
a03f1e,988,1765918165,34.3609,-83.5463,4876,223
a03f1e,988,1765918192,34.3258,-83.5866,4572,223
a03f1e,988,1765918221,34.2889,-83.6287,3962,223
a03f1e,988,1765918247,34.2554,-83.6649,3962,220
a03f1e,988,1765918288,34.2025,-83.7205,3657,221
a03f1e,988,1765918358,34.119,-83.8089,3352,221
a03f1e,988,1765918421,34.0559,-83.8763,3048,222
a03f1e,988,1765918477,34.002,-83.9342,2743,221
a03f1e,988,1765918495,33.9849,-83.9524,2743,220
a03f1e,988,1765918497,33.9835,-83.9538,2743,218
a03f1e,988,1765918499,33.9807,-83.9563,2743,215
a03f1e,988,1765918500,33.9796,-83.9571,2743,214
a03f1e,988,1765918501,33.9791,-83.9575,2743,212
a03f1e,988,1765918502,33.9781,-83.9582,2743,211
a03f1e,988,1765918503,33.9764,-83.9594,2743,210
a03f1e,988,1765918504,33.9753,-83.9602,2743,208
a03f1e,988,1765918505,33.9742,-83.9608,2743,207
a03f1e,988,1765918506,33.9731,-83.9614,2743,205
a03f1e,988,1765918507,33.972,-83.962,2743,204
a03f1e,988,1765918508,33.9707,-83.9627,2743,202
a03f1e,988,1765918509,33.9694,-83.9632,2743,201
a03f1e,988,1765918510,33.968,-83.9639,2743,199
a03f1e,988,1765918512,33.9655,-83.9648,2743,196
a03f1e,988,1765918513,33.9642,-83.9651,2743,194
a03f1e,988,1765918514,33.963,-83.9655,2743,192
a03f1e,988,1765918515,33.9617,-83.9658,2743,191
a03f1e,988,1765918518,33.9579,-83.9663,2743,185
a03f1e,988,1765918519,33.9565,-83.9664,2743,184
a03f1e,988,1765918520,33.9553,-83.9665,2743,182
a03f1e,988,1765918521,33.9538,-83.9666,2743,181
a03f1e,988,1765918523,33.9509,-83.9666,2743,180
a03f1e,988,1765918533,33.9377,-83.9663,2438,178
a03f1e,988,1765918577,33.8776,-83.9637,1828,177
a03f1e,988,1765918661,33.7632,-83.9592,1828,180
a03f1e,988,1765918663,33.7607,-83.9593,1828,181
a03f1e,988,1765918665,33.7581,-83.9595,1828,183
a03f1e,988,1765918667,33.7556,-83.9598,1828,186
a03f1e,988,1765918669,33.7528,-83.9603,1828,188
a03f1e,988,1765918671,33.7502,-83.9608,1828,190
a03f1e,988,1765918673,33.7475,-83.9615,1828,192
a03f1e,988,1765918675,33.7449,-83.9623,1828,193
a03f1e,988,1765918712,33.6984,-83.9779,1828,196
a03f1e,988,1765918745,33.6577,-83.9918,1828,197
a03f1e,988,1765918747,33.6556,-83.9927,1828,200
a03f1e,988,1765918748,33.6543,-83.9933,1828,201
a03f1e,988,1765918749,33.6534,-83.9938,1828,203
a03f1e,988,1765918750,33.6522,-83.9944,1828,204
a03f1e,988,1765918751,33.6517,-83.9948,1828,206
a03f1e,988,1765918752,33.6501,-83.9958,1828,207
a03f1e,988,1765918753,33.6489,-83.9965,1828,209
a03f1e,988,1765918754,33.648,-83.9972,1828,211
a03f1e,988,1765918755,33.6468,-83.9981,1828,212
a03f1e,988,1765918758,33.6439,-84.0007,1828,218
a03f1e,988,1765918759,33.6429,-84.0016,1828,219
a03f1e,988,1765918760,33.6421,-84.0025,1828,221
a03f1e,988,1765918761,33.6413,-84.0035,1828,223
a03f1e,988,1765918762,33.6406,-84.0044,1828,225
a03f1e,988,1765918763,33.6398,-84.0053,1828,228
a03f1e,988,1765918764,33.6391,-84.0063,1828,230
a03f1e,988,1765918765,33.638,-84.008,1828,232
a03f1e,988,1765918766,33.6377,-84.0086,1828,234
a03f1e,988,1765918767,33.637,-84.0099,1828,236
a03f1e,988,1765918768,33.6364,-84.0111,1828,238
a03f1e,988,1765918769,33.6358,-84.0123,1828,240
a03f1e,988,1765918770,33.6353,-84.0134,1828,242
a03f1e,988,1765918771,33.6349,-84.0145,1828,244
a03f1e,988,1765918772,33.6344,-84.0157,1828,245
a03f1e,988,1765918773,33.6338,-84.0174,1828,247
a03f1e,988,1765918774,33.6335,-84.0186,1828,249
a03f1e,988,1765918775,33.6333,-84.0192,1828,251
a03f1e,988,1765918776,33.633,-84.0205,1828,252
a03f1e,988,1765918777,33.6327,-84.0216,1828,254
a03f1e,988,1765918778,33.6323,-84.0236,1828,256
a03f1e,988,1765918779,33.6322,-84.0243,1828,258
a03f1e,988,1765918780,33.632,-84.0257,1828,259
a03f1e,988,1765918781,33.6319,-84.0269,1828,261
a03f1e,988,1765918782,33.6318,-84.028,1828,263
a03f1e,988,1765918783,33.6316,-84.0295,1828,264
a03f1e,988,1765918784,33.6316,-84.0307,1828,266
a03f1e,988,1765918785,33.6315,-84.0319,1828,267
a03f1e,988,1765918819,33.6318,-84.0732,1524,269
a03f1e,988,1765918875,33.6319,-84.1389,1219,270
a03f1e,988,1765918950,33.632,-84.2227,914,269
a03f1e,988,1765919012,33.6319,-84.2846,609,270
a03f1e,988,1765919073,33.6319,-84.3418,304,269
a03f1e,988,1765919152,33.6319,-84.4055,0,270
a03f1e,988,1765919178,33.6319,-84.4264,0,270
a1719e,N192WS,1765920121,25.0921,-79.1072,3962,329
a1719e,N192WS,1765920485,25.5585,-79.4136,3657,329
a1719e,N192WS,1765920519,25.5988,-79.4402,3352,329
a1719e,N192WS,1765920559,25.6456,-79.4711,3048,329
a1719e,N192WS,1765920598,25.6895,-79.5001,2743,329
a1719e,N192WS,1765920637,25.7344,-79.5299,2438,329
a1719e,N192WS,1765920678,25.7802,-79.5602,1828,328
a1719e,N192WS,1765920714,25.8188,-79.5859,1828,327
a1719e,N192WS,1765920716,25.8213,-79.5877,1828,325
a1719e,N192WS,1765920718,25.823,-79.5891,1828,323
a1719e,N192WS,1765920719,25.8236,-79.5895,1828,323
a1719e,N192WS,1765920722,25.8271,-79.5926,1828,320
a1719e,N192WS,1765920723,25.8276,-79.5931,1828,319
a1719e,N192WS,1765920724,25.8293,-79.5948,1828,318
a1719e,N192WS,1765920726,25.8311,-79.5966,1828,316
a1719e,N192WS,1765920728,25.8328,-79.5985,1828,314
a1719e,N192WS,1765920732,25.8357,-79.6021,1828,310
a1719e,N192WS,1765920735,25.8379,-79.605,1828,308
a1719e,N192WS,1765920737,25.8395,-79.6073,1828,306
a1719e,N192WS,1765920738,25.8404,-79.6088,1828,305
a1719e,N192WS,1765920741,25.8426,-79.6123,1828,302
a1719e,N192WS,1765920744,25.8444,-79.6156,1828,300
a1719e,N192WS,1765920746,25.8457,-79.6182,1828,298
a1719e,N192WS,1765920748,25.8469,-79.6208,1828,296
a1719e,N192WS,1765920750,25.848,-79.6231,1828,294
a1719e,N192WS,1765920761,25.8535,-79.6371,1524,292
a1719e,N192WS,1765920770,25.8579,-79.6487,1524,292
a1719e,N192WS,1765920996,25.9785,-79.9308,1524,295
a1719e,N192WS,1765921003,25.9824,-79.9397,1524,297
a1719e,N192WS,1765921007,25.985,-79.9449,1524,300
a1719e,N192WS,1765921011,25.9874,-79.9493,1524,302
a1719e,N192WS,1765921014,25.9897,-79.9531,1524,304
a1719e,N192WS,1765921018,25.9927,-79.9577,1524,306
a1719e,N192WS,1765921021,25.9948,-79.9607,1524,308
a1719e,N192WS,1765921187,26.1295,-80.1275,1524,310
a1719e,N192WS,1765921190,26.1323,-80.1313,1524,308
a1719e,N192WS,1765921193,26.1344,-80.1345,1524,305
a1719e,N192WS,1765921195,26.1359,-80.1368,1524,303
a1719e,N192WS,1765921198,26.1378,-80.1402,1524,301
a1719e,N192WS,1765921200,26.139,-80.1425,1524,299
a1719e,N192WS,1765921202,26.1403,-80.1452,1524,297
a1719e,N192WS,1765921205,26.1421,-80.1492,1524,295
a1719e,N192WS,1765921207,26.1429,-80.1513,1524,293
a1719e,N192WS,1765921209,26.144,-80.154,1524,291
a1719e,N192WS,1765921211,26.1449,-80.1568,1524,289
a1719e,N192WS,1765921214,26.146,-80.1602,1524,287
a1719e,N192WS,1765921216,26.1468,-80.163,1524,285
a1719e,N192WS,1765921218,26.1475,-80.166,1524,284
a1719e,N192WS,1765921221,26.1483,-80.1697,1524,281
a1719e,N192WS,1765921224,26.149,-80.1738,1524,279
a1719e,N192WS,1765921227,26.1495,-80.178,1524,277
a1719e,N192WS,1765921230,26.1499,-80.1823,1524,274
a1719e,N192WS,1765921233,26.1502,-80.1867,1524,272
a1719e,N192WS,1765921290,26.1507,-80.2625,1219,270
a1719e,N192WS,1765921328,26.1508,-80.3124,1219,268
a1719e,N192WS,1765921330,26.1507,-80.3147,1219,266
a1719e,N192WS,1765921331,26.1506,-80.3158,1219,265
a1719e,N192WS,1765921332,26.1504,-80.3171,1219,263
a1719e,N192WS,1765921333,26.1503,-80.318,1219,262
a1719e,N192WS,1765921334,26.1502,-80.3191,1219,260
a1719e,N192WS,1765921335,26.1501,-80.32,1219,259
a1719e,N192WS,1765921337,26.1497,-80.3222,1219,257
a1719e,N192WS,1765921338,26.1494,-80.3233,1219,255
a1719e,N192WS,1765921339,26.1492,-80.3242,1219,253
a1719e,N192WS,1765921341,26.1487,-80.326,1219,251
a1719e,N192WS,1765921342,26.1483,-80.327,1219,249
a1719e,N192WS,1765921343,26.148,-80.3279,1219,248
a1719e,N192WS,1765921344,26.1476,-80.3289,1219,246
a1719e,N192WS,1765921345,26.1472,-80.3299,1219,245
a1719e,N192WS,1765921346,26.1469,-80.3307,1219,244
a1719e,N192WS,1765921347,26.1465,-80.3316,1219,242
a1719e,N192WS,1765921348,26.146,-80.3326,1219,241
a1719e,N192WS,1765921350,26.1451,-80.3343,1219,239
a1719e,N192WS,1765921351,26.1446,-80.3352,1219,237
a1719e,N192WS,1765921353,26.1436,-80.3367,1219,234
a1719e,N192WS,1765921354,26.1431,-80.3375,1219,233
a1719e,N192WS,1765921355,26.1426,-80.3383,1219,231
a1719e,N192WS,1765921356,26.142,-80.3391,1219,230
a1719e,N192WS,1765921357,26.1415,-80.3397,1219,228
a1719e,N192WS,1765921358,26.1409,-80.3404,1219,227
a1719e,N192WS,1765921359,26.1403,-80.3412,1219,226
a1719e,N192WS,1765921360,26.1396,-80.3418,1219,224
a1719e,N192WS,1765921361,26.139,-80.3424,1219,223
a1719e,N192WS,1765921363,26.1376,-80.3438,1219,221
a1719e,N192WS,1765921364,26.1369,-80.3445,1219,217
a1719e,N192WS,1765921365,26.1359,-80.3453,1219,216
a1719e,N192WS,1765921366,26.1353,-80.3458,1219,215
a1719e,N192WS,1765921367,26.1346,-80.3463,1219,213
a1719e,N192WS,1765921368,26.1339,-80.3469,1219,212
a1719e,N192WS,1765921369,26.133,-80.3474,1219,211
a1719e,N192WS,1765921370,26.1322,-80.3479,1219,209
a1719e,N192WS,1765921372,26.1306,-80.3489,914,207
a1719e,N192WS,1765921373,26.1297,-80.3494,914,205
a1719e,N192WS,1765921374,26.1288,-80.3498,914,203
a1719e,N192WS,1765921375,26.128,-80.3502,914,202
a1719e,N192WS,1765921376,26.1272,-80.3505,914,201
a1719e,N192WS,1765921377,26.1265,-80.3508,914,199
a1719e,N192WS,1765921378,26.1256,-80.3512,914,197
a1719e,N192WS,1765921379,26.1243,-80.3516,914,196
a1719e,N192WS,1765921380,26.1235,-80.3518,914,194
a1719e,N192WS,1765921381,26.1227,-80.352,914,193
a1719e,N192WS,1765921382,26.1219,-80.3522,914,191
a1719e,N192WS,1765921383,26.121,-80.3524,914,190
a1719e,N192WS,1765921384,26.12,-80.3526,914,188
a1719e,N192WS,1765921386,26.1183,-80.3528,914,185
a1719e,N192WS,1765921387,26.1174,-80.3529,914,184
a1719e,N192WS,1765921388,26.1165,-80.353,914,182
a1719e,N192WS,1765921389,26.1156,-80.353,914,181
a1719e,N192WS,1765921390,26.1147,-80.353,914,180
a1719e,N192WS,1765921392,26.113,-80.3529,914,178
a1719e,N192WS,1765921394,26.1109,-80.3529,914,176
a1719e,N192WS,1765921396,26.1091,-80.3527,914,173
a1719e,N192WS,1765921397,26.1086,-80.3526,914,170
a1719e,N192WS,1765921398,26.1078,-80.3524,914,167
a1719e,N192WS,1765921399,26.107,-80.3522,914,165
a1719e,N192WS,1765921400,26.1062,-80.3519,914,162
a1719e,N192WS,1765921401,26.1054,-80.3517,914,159
a1719e,N192WS,1765921402,26.1043,-80.3512,609,158
a1719e,N192WS,1765921403,26.1035,-80.3508,609,155
a1719e,N192WS,1765921404,26.1029,-80.3504,609,152
a1719e,N192WS,1765921405,26.1021,-80.3499,609,150
a1719e,N192WS,1765921406,26.1013,-80.3493,609,146
a1719e,N192WS,1765921407,26.101,-80.349,609,143
a1719e,N192WS,1765921408,26.1003,-80.3484,609,141
a1719e,N192WS,1765921409,26.0996,-80.3477,609,137
a1719e,N192WS,1765921410,26.099,-80.3471,609,134
a1719e,N192WS,1765921411,26.0985,-80.3466,609,131
a1719e,N192WS,1765921412,26.098,-80.3459,609,129
a1719e,N192WS,1765921413,26.0973,-80.3449,609,125
a1719e,N192WS,1765921414,26.097,-80.3443,609,123
a1719e,N192WS,1765921415,26.0965,-80.3435,609,121
a1719e,N192WS,1765921416,26.096,-80.3426,609,119
a1719e,N192WS,1765921433,26.09,-80.3296,304,117
a1719e,N192WS,1765921467,26.0789,-80.306,304,115
a1719e,N192WS,1765921468,26.0786,-80.3054,304,114
a1719e,N192WS,1765921469,26.0783,-80.3047,304,112
a1719e,N192WS,1765921470,26.0782,-80.304,304,109
a1719e,N192WS,1765921471,26.078,-80.3034,304,107
a1719e,N192WS,1765921472,26.0778,-80.3026,304,103
a1719e,N192WS,1765921473,26.0776,-80.3018,304,101
a1719e,N192WS,1765921474,26.0775,-80.3013,304,99
a1719e,N192WS,1765921475,26.0774,-80.3007,304,97
a1719e,N192WS,1765921476,26.0774,-80.3,304,95
a1719e,N192WS,1765921477,26.0773,-80.2993,304,94
a1719e,N192WS,1765921479,26.0773,-80.298,304,92
a1719e,N192WS,1765921593,26.0774,-80.2287,0,90
a1719e,N192WS,1765921690,26.0771,-80.1752,0,90
a1828d,LBQ197,1765920967,43.1353,-89.3402,304,208
a1828d,LBQ197,1765920978,43.1273,-89.3461,304,206
a1828d,LBQ197,1765920980,43.1257,-89.3471,609,204
a1828d,LBQ197,1765920981,43.1249,-89.3476,609,203
a1828d,LBQ197,1765920982,43.1238,-89.3483,609,201
a1828d,LBQ197,1765920984,43.1224,-89.3489,609,200
a1828d,LBQ197,1765920985,43.1214,-89.3494,609,196
a1828d,LBQ197,1765920986,43.1206,-89.3497,609,197
a1828d,LBQ197,1765920987,43.1202,-89.3498,609,192
a1828d,LBQ197,1765920988,43.1188,-89.3503,609,191
a1828d,LBQ197,1765920989,43.1179,-89.3505,609,189
a1828d,LBQ197,1765920990,43.1172,-89.3507,609,187
a1828d,LBQ197,1765920992,43.1149,-89.351,609,185
a1828d,LBQ197,1765920993,43.1139,-89.3511,609,183
a1828d,LBQ197,1765920994,43.1134,-89.3511,609,181
a1828d,LBQ197,1765920995,43.112,-89.3512,609,180
a1828d,LBQ197,1765920996,43.111,-89.3512,914,179
a1828d,LBQ197,1765920999,43.108,-89.351,914,176
a1828d,LBQ197,1765921001,43.1059,-89.3508,914,174
a1828d,LBQ197,1765921004,43.103,-89.3503,914,172
a1828d,LBQ197,1765921007,43.1002,-89.3498,914,171
a1828d,LBQ197,1765921014,43.0921,-89.3478,1219,168
a1828d,LBQ197,1765921032,43.0717,-89.342,1524,168
a1828d,LBQ197,1765921047,43.0539,-89.3372,1828,169
a1828d,LBQ197,1765921063,43.0345,-89.3328,1828,171
a1828d,LBQ197,1765921081,43.0114,-89.3277,2438,170
a1828d,LBQ197,1765921093,42.9958,-89.3242,2438,170
a1828d,LBQ197,1765921095,42.9934,-89.3236,2438,168
a1828d,LBQ197,1765921096,42.992,-89.3231,2438,166
a1828d,LBQ197,1765921097,42.9906,-89.3226,2743,165
a1828d,LBQ197,1765921098,42.9901,-89.3224,2743,163
a1828d,LBQ197,1765921099,42.9888,-89.3218,2743,161
a1828d,LBQ197,1765921100,42.987,-89.3209,2743,160
a1828d,LBQ197,1765921101,42.9856,-89.3202,2743,157
a1828d,LBQ197,1765921102,42.9843,-89.3195,2743,156
a1828d,LBQ197,1765921103,42.9832,-89.3187,2743,154
a1828d,LBQ197,1765921104,42.982,-89.3179,2743,152
a1828d,LBQ197,1765921105,42.9808,-89.3169,2743,150
a1828d,LBQ197,1765921106,42.9795,-89.316,2743,148
a1828d,LBQ197,1765921107,42.9784,-89.315,2743,146
a1828d,LBQ197,1765921108,42.9773,-89.3139,2743,144
a1828d,LBQ197,1765921109,42.9762,-89.3129,2743,143
a1828d,LBQ197,1765921110,42.975,-89.3115,2743,142
a1828d,LBQ197,1765921111,42.9738,-89.3103,2743,140
a1828d,LBQ197,1765921112,42.9727,-89.3088,2743,138
a1828d,LBQ197,1765921113,42.972,-89.3081,2743,137
a1828d,LBQ197,1765921114,42.971,-89.3067,2743,135
a1828d,LBQ197,1765921115,42.97,-89.3053,3048,134
a1828d,LBQ197,1765921116,42.9689,-89.3039,3048,131
a1828d,LBQ197,1765921118,42.9667,-89.3003,3048,129
a1828d,LBQ197,1765921119,42.9657,-89.2986,3048,128
a1828d,LBQ197,1765921120,42.9648,-89.2971,3048,126
a1828d,LBQ197,1765921122,42.9631,-89.2936,3048,125
a1828d,LBQ197,1765921123,42.9625,-89.2922,3048,122
a1828d,LBQ197,1765921124,42.9616,-89.2902,3048,120
a1828d,LBQ197,1765921125,42.9607,-89.2882,3048,118
a1828d,LBQ197,1765921126,42.96,-89.2863,3048,117
a1828d,LBQ197,1765921127,42.9594,-89.2846,3048,116
a1828d,LBQ197,1765921128,42.9586,-89.2824,3048,113
a1828d,LBQ197,1765921129,42.9581,-89.2806,3048,111
a1828d,LBQ197,1765921130,42.9576,-89.2786,3048,109
a1828d,LBQ197,1765921131,42.9571,-89.277,3048,107
a1828d,LBQ197,1765921132,42.9566,-89.2745,3048,106
a1828d,LBQ197,1765921133,42.9561,-89.2722,3048,104
a1828d,LBQ197,1765921134,42.9558,-89.2702,3048,102
a1828d,LBQ197,1765921135,42.9554,-89.2678,3048,100
a1828d,LBQ197,1765921136,42.9552,-89.2657,3048,99
a1828d,LBQ197,1765921137,42.9549,-89.2631,3048,97
a1828d,LBQ197,1765921138,42.9548,-89.2608,3048,95
a1828d,LBQ197,1765921139,42.9547,-89.2587,3048,94
a1828d,LBQ197,1765921140,42.9546,-89.2565,3048,91
a1828d,LBQ197,1765921141,42.9546,-89.2543,3048,90
a1828d,LBQ197,1765921142,42.9546,-89.2525,3048,88
a1828d,LBQ197,1765921143,42.9547,-89.2499,3352,86
a1828d,LBQ197,1765921144,42.9548,-89.2477,3352,85
a1828d,LBQ197,1765921147,42.9553,-89.2416,3352,83
a1828d,LBQ197,1765921155,42.9571,-89.2243,3657,81
a1828d,LBQ197,1765921167,42.9603,-89.1981,3657,80
a1828d,LBQ197,1765921171,42.9615,-89.1897,3657,77
a1828d,LBQ197,1765921175,42.963,-89.1809,3962,75
a1828d,LBQ197,1765921192,42.97,-89.144,3962,76
a1828d,LBQ197,1765921215,42.979,-89.0933,4572,76
a1828d,LBQ197,1765921235,42.9869,-89.0477,4876,76
a1828d,LBQ197,1765921255,42.995,-89.0011,5181,76
a1828d,LBQ197,1765921276,43.0037,-88.951,5486,76
a1828d,LBQ197,1765921302,43.0145,-88.8882,5791,76
a1828d,LBQ197,1765921344,43.0341,-88.7746,5486,76
a1828d,LBQ197,1765921347,43.0357,-88.7654,5791,76
a1828d,LBQ197,1765921348,43.0361,-88.7631,5486,76
a1828d,LBQ197,1765921353,43.0386,-88.7483,5791,76
a1828d,LBQ197,1765921355,43.0392,-88.7449,5486,76
a1828d,LBQ197,1765921365,43.0448,-88.7121,5791,76
a1828d,LBQ197,1765921367,43.0458,-88.706,5486,76
a1828d,LBQ197,1765921370,43.0473,-88.6973,5791,76
a1828d,LBQ197,1765921371,43.0478,-88.6943,5486,76
a1828d,LBQ197,1765921372,43.0484,-88.6908,5791,76
a1828d,LBQ197,1765921373,43.0489,-88.6878,5486,76
a1828d,LBQ197,1765921374,43.0495,-88.6847,5791,76
a1828d,LBQ197,1765921405,43.0659,-88.5881,5791,76
a1828d,LBQ197,1765921469,43.0998,-88.3843,5791,79
a1828d,LBQ197,1765921476,43.1022,-88.364,5791,81
a1828d,LBQ197,1765921485,43.1047,-88.337,6096,83
a1828d,LBQ197,1765921493,43.1064,-88.3117,6096,85
a1828d,LBQ197,1765921504,43.1076,-88.2799,6096,88
a1828d,LBQ197,1765921514,43.1078,-88.2496,6400,90
a1828d,LBQ197,1765921515,43.1078,-88.2479,6400,90
a1828d,LBQ197,1765921525,43.1071,-88.2184,6400,92
a1828d,LBQ197,1765921536,43.1054,-88.1864,6705,95
a1828d,LBQ197,1765921538,43.1049,-88.1805,6705,95
a1828d,LBQ197,1765921557,43.0998,-88.1288,7010,98
a1828d,LBQ197,1765921577,43.0938,-88.0713,7315,98
a1828d,LBQ197,1765921597,43.0876,-88.0136,7620,98
a1828d,LBQ197,1765921617,43.0816,-87.9572,7924,98
a1828d,LBQ197,1765921638,43.0753,-87.8996,8229,98
a1828d,LBQ197,1765921660,43.0684,-87.8368,8229,98
a1828d,LBQ197,1765921684,43.0611,-87.7705,8839,98
a1828d,LBQ197,1765921710,43.0531,-87.6986,9144,98
a1828d,LBQ197,1765921736,43.045,-87.6264,9448,98
a1828d,LBQ197,1765921760,43.0377,-87.5603,9753,98
a1828d,LBQ197,1765921787,43.0294,-87.4864,10058,98
a1828d,LBQ197,1765921818,43.0199,-87.4026,10363,98
a1828d,LBQ197,1765921846,43.0107,-87.3221,10668,98
a1828d,LBQ197,1765921885,42.998,-87.2115,10972,99
a1828d,LBQ197,1765921915,42.9882,-87.1271,11277,98
a1828d,LBQ197,1765921960,42.9734,-87.0009,11582,99
a1828d,LBQ197,1765922013,42.9556,-86.8496,11887,99
a1828d,LBQ197,1765922068,42.9367,-86.6913,12192,99
a1828d,LBQ197,1765922126,42.9159,-86.5198,12496,99
a1828d,LBQ197,1765922136,42.9123,-86.4899,12192,99
a1828d,LBQ197,1765922137,42.9119,-86.4865,12496,99
a1828d,LBQ197,1765922140,42.9108,-86.4781,12192,99
a1828d,LBQ197,1765922185,42.8941,-86.3412,12496,99
a1828d,LBQ197,1765922186,42.8937,-86.3382,12192,99
a1828d,LBQ197,1765922187,42.8932,-86.334,12496,99
a1828d,LBQ197,1765922191,42.8916,-86.3215,12192,99
a1828d,LBQ197,1765922192,42.8912,-86.3184,12496,99
a1828d,LBQ197,1765922195,42.8901,-86.309,12192,99
a1828d,LBQ197,1765922196,42.8899,-86.3076,12496,99
a1828d,LBQ197,1765922398,42.8062,-85.6471,12192,100
a1828d,LBQ197,1765922401,42.8048,-85.6369,12496,100
a1828d,LBQ197,1765922407,42.8024,-85.6181,12192,100
a1828d,LBQ197,1765922408,42.8019,-85.6144,12496,100
a1828d,LBQ197,1765922412,42.8003,-85.6019,12192,100
a1828d,LBQ197,1765922413,42.7998,-85.5984,12496,100
a1828d,LBQ197,1765922418,42.7977,-85.582,12192,100
a1828d,LBQ197,1765922419,42.7973,-85.5794,12496,100
a1828d,LBQ197,1765922420,42.7968,-85.5754,12192,99
a1828d,LBQ197,1765922422,42.7959,-85.5681,12496,99
a1828d,LBQ197,1765922440,42.7895,-85.5111,12192,97
a1828d,LBQ197,1765922440,42.7893,-85.5098,12496,97
a1828d,LBQ197,1765922450,42.786,-85.4751,12192,96
a1828d,LBQ197,1765922451,42.7858,-85.4724,12496,96
a1828d,LBQ197,1765922588,42.754,-85.0139,12192,95
a1828d,LBQ197,1765922589,42.7538,-85.0105,12496,95
a1828d,LBQ197,1765922602,42.7508,-84.9682,12192,95
a1828d,LBQ197,1765922603,42.7505,-84.9645,12496,95
a1828d,LBQ197,1765922604,42.7503,-84.9611,12192,95
a1828d,LBQ197,1765922605,42.7501,-84.9577,12496,95
a1828d,LBQ197,1765922632,42.7437,-84.8673,12192,95
a1828d,LBQ197,1765922633,42.7435,-84.8636,12496,95
a1828d,LBQ197,1765922698,42.7256,-84.649,12192,97
a1828d,LBQ197,1765922699,42.7253,-84.6463,12496,97
a1828d,LBQ197,1765922878,42.6668,-84.0538,12192,97
a1828d,LBQ197,1765922879,42.6666,-84.0519,12496,97
a1828d,LBQ197,1765922881,42.6659,-84.0453,12192,97
a1828d,LBQ197,1765922884,42.6649,-84.0354,12496,97
a1828d,LBQ197,1765922888,42.6635,-84.0215,12192,97
a1828d,LBQ197,1765922890,42.663,-84.0166,12496,97
a1828d,LBQ197,1765922893,42.6619,-84.0056,12192,97
a1828d,LBQ197,1765922894,42.6614,-84.0008,12496,97
a1828d,LBQ197,1765922898,42.6601,-83.9878,12192,97
a1828d,LBQ197,1765922899,42.6599,-83.9859,12496,97
a1828d,LBQ197,1765922907,42.6573,-83.9601,12192,97
a1828d,LBQ197,1765922908,42.6567,-83.9548,12496,97
a1828d,LBQ197,1765922995,42.6273,-83.6692,12192,98
a1828d,LBQ197,1765922996,42.627,-83.6659,12496,98
a1828d,LBQ197,1765922997,42.6267,-83.6631,12192,98
a1828d,LBQ197,1765922998,42.6263,-83.6593,12496,98
a1828d,LBQ197,1765923008,42.6228,-83.6257,12192,98
a1828d,LBQ197,1765923011,42.6221,-83.6191,12496,98
a1828d,LBQ197,1765923012,42.6216,-83.6142,12192,98
a1828d,LBQ197,1765923013,42.6212,-83.6105,12496,98
a1828d,LBQ197,1765923092,42.5935,-83.3495,12192,98
a1828d,LBQ197,1765923093,42.5932,-83.3466,12496,98
a1828d,LBQ197,1765923096,42.5921,-83.3367,12192,98
a1828d,LBQ197,1765923097,42.5917,-83.333,12496,98
a1828d,LBQ197,1765923108,42.5878,-83.2967,12192,98
a1828d,LBQ197,1765923109,42.5874,-83.2934,12496,98
a1828d,LBQ197,1765923174,42.5643,-83.0805,12192,98
a1828d,LBQ197,1765923175,42.5639,-83.077,12496,98
a1828d,LBQ197,1765923195,42.5566,-83.0108,12192,98
a1828d,LBQ197,1765923196,42.5563,-83.0082,12496,98
a1828d,LBQ197,1765923211,42.5507,-82.9576,12192,98
a1828d,LBQ197,1765923212,42.5504,-82.9543,12496,98
a1828d,LBQ197,1765923224,42.5461,-82.9161,12192,98
a1828d,LBQ197,1765923226,42.5454,-82.9095,12496,98
a1828d,LBQ197,1765923228,42.5445,-82.9016,12192,98
a1828d,LBQ197,1765923229,42.5443,-82.9001,12496,98
a1828d,LBQ197,1765923230,42.5439,-82.8963,12192,98
a1828d,LBQ197,1765923231,42.5435,-82.893,12496,98
a1828d,LBQ197,1765923350,42.4994,-82.5035,12192,98
a1828d,LBQ197,1765923351,42.4991,-82.5002,12496,98
a1828d,LBQ197,1765923356,42.4973,-82.4841,12192,98
a1828d,LBQ197,1765923357,42.4969,-82.4809,12496,98
a1828d,LBQ197,1765923360,42.4957,-82.4709,12192,98
a1828d,LBQ197,1765923361,42.4953,-82.4678,12496,98
a1828d,LBQ197,1765923362,42.495,-82.4649,12192,98
a1828d,LBQ197,1765923364,42.4943,-82.4586,12496,98
a1828d,LBQ197,1765923366,42.4935,-82.4518,12192,98
a1828d,LBQ197,1765923367,42.4931,-82.4481,12496,98
a1828d,LBQ197,1765923394,42.4831,-82.3615,12192,98
a1828d,LBQ197,1765923395,42.4825,-82.3569,12496,98
a1828d,LBQ197,1765923426,42.4708,-82.2563,12192,98
a1828d,LBQ197,1765923427,42.4705,-82.2543,12496,98
a1828d,LBQ197,1765923496,42.4441,-82.0308,12192,99
a1828d,LBQ197,1765923497,42.4438,-82.0279,12496,99
a1828d,LBQ197,1765923498,42.4434,-82.0246,12192,99
a1828d,LBQ197,1765923500,42.4427,-82.0188,12496,99
a1828d,LBQ197,1765923502,42.4418,-82.0117,12192,99
a1828d,LBQ197,1765923507,42.4399,-81.9956,12496,99
a1828d,LBQ197,1765923508,42.4395,-81.9927,12192,99
a1828d,LBQ197,1765923509,42.4391,-81.9892,12496,99
a1828d,LBQ197,1765923511,42.4383,-81.982,12192,99
a1828d,LBQ197,1765923512,42.4379,-81.9789,12496,99
a1828d,LBQ197,1765923589,42.408,-81.7311,12192,99
a1828d,LBQ197,1765923590,42.4076,-81.7277,12496,99
a1828d,LBQ197,1765923592,42.4068,-81.7214,12192,99
a1828d,LBQ197,1765923593,42.4064,-81.7179,12496,99
a1828d,LBQ197,1765923597,42.4049,-81.7057,12192,99
a1828d,LBQ197,1765923598,42.4044,-81.7025,12496,99
a1828d,LBQ197,1765923599,42.4041,-81.6992,12192,99
a1828d,LBQ197,1765923601,42.4031,-81.6916,12496,99
a1828d,LBQ197,1765923602,42.4029,-81.6901,12192,99
a1828d,LBQ197,1765923603,42.4023,-81.6851,12496,99
a1828d,LBQ197,1765923616,42.3973,-81.6441,12192,99
a1828d,LBQ197,1765923617,42.3968,-81.6404,12496,99
a1828d,LBQ197,1765923629,42.3921,-81.6017,12192,99
a1828d,LBQ197,1765923630,42.3917,-81.5987,12496,99
a1828d,LBQ197,1765923706,42.361,-81.352,12192,99
a1828d,LBQ197,1765923707,42.3606,-81.3488,12496,99
a1828d,LBQ197,1765923718,42.3561,-81.3132,12192,99
a1828d,LBQ197,1765923719,42.356,-81.3119,12496,99
a1828d,LBQ197,1765923817,42.3159,-80.9969,12192,99
a1828d,LBQ197,1765923818,42.3153,-80.9925,12496,99
a1828d,LBQ197,1765923909,42.2774,-80.7011,12192,100
a1828d,LBQ197,1765923911,42.2765,-80.6943,12496,100
a1828d,LBQ197,1765923943,42.2629,-80.5913,12192,100
a1828d,LBQ197,1765923944,42.2624,-80.5879,12496,100
a1828d,LBQ197,1765923962,42.2548,-80.5307,12192,100
a1828d,LBQ197,1765923963,42.2542,-80.5258,12496,100
a1828d,LBQ197,1765924055,42.2145,-80.2308,12192,100
a1828d,LBQ197,1765924056,42.214,-80.2271,12496,100
a1828d,LBQ197,1765924064,42.2105,-80.2019,12192,100
a1828d,LBQ197,1765924065,42.2101,-80.1986,12496,100
a1828d,LBQ197,1765924068,42.2088,-80.1893,12192,100
a1828d,LBQ197,1765924069,42.2084,-80.1863,12496,100
a1828d,LBQ197,1765924070,42.208,-80.183,12192,100
a1828d,LBQ197,1765924071,42.2078,-80.1817,12496,100
a1828d,LBQ197,1765924105,42.1924,-80.069,12192,100
a1828d,LBQ197,1765924107,42.1914,-80.0618,12496,100
a1828d,LBQ197,1765924122,42.1848,-80.0142,12192,100
a1828d,LBQ197,1765924123,42.1844,-80.0111,12496,100
a1828d,LBQ197,1765924136,42.1785,-79.968,12192,100
a1828d,LBQ197,1765924137,42.178,-79.9646,12496,100
a1828d,LBQ197,1765924189,42.1544,-79.7953,12192,100
a1828d,LBQ197,1765924190,42.154,-79.7922,12496,100
a1828d,LBQ197,1765924256,42.1239,-79.5788,12192,100
a1828d,LBQ197,1765924257,42.1235,-79.5755,12496,100
a1828d,LBQ197,1765924277,42.1146,-79.5133,12192,100
a1828d,LBQ197,1765924278,42.1139,-79.5081,12496,100
a1828d,LBQ197,1765924410,42.0524,-79.083,12192,101
a1828d,LBQ197,1765924411,42.0519,-79.0798,12496,101
a1828d,LBQ197,1765924462,42.0281,-78.9178,12192,101
a1828d,LBQ197,1765924463,42.0276,-78.9149,12496,101
a1828d,LBQ197,1765924488,42.0158,-78.8353,12192,101
a1828d,LBQ197,1765924489,42.0152,-78.8314,12496,101
a1828d,LBQ197,1765924571,41.9759,-78.5697,12192,101
a1828d,LBQ197,1765924572,41.9755,-78.5665,12496,101
a1828d,LBQ197,1765924575,41.974,-78.5566,12192,101
a1828d,LBQ197,1765924576,41.9735,-78.5537,12496,101
a1828d,LBQ197,1765924636,41.9441,-78.3609,12192,101
a1828d,LBQ197,1765924637,41.9436,-78.3577,12496,101
a1828d,LBQ197,1765924649,41.9378,-78.3199,12192,101
a1828d,LBQ197,1765924674,41.9255,-78.24,11887,101
a1828d,LBQ197,1765924695,41.9153,-78.1739,11582,101
a1828d,LBQ197,1765924715,41.9058,-78.1125,11277,101
a1828d,LBQ197,1765924736,41.8954,-78.0462,10972,101
a1828d,LBQ197,1765924757,41.8851,-77.9799,10668,101
a1828d,LBQ197,1765924775,41.8762,-77.9237,10668,102
a1828d,LBQ197,1765924789,41.8683,-77.8797,10668,104
a1828d,LBQ197,1765924808,41.8557,-77.8202,10668,107
a1828d,LBQ197,1765924869,41.8074,-77.6334,10363,109
a1828d,LBQ197,1765924871,41.8057,-77.6271,10668,109
a1828d,LBQ197,1765924872,41.8049,-77.6242,10363,109
a1828d,LBQ197,1765924875,41.8025,-77.6151,10668,109
a1828d,LBQ197,1765924879,41.7992,-77.6022,10363,109
a1828d,LBQ197,1765924880,41.7984,-77.5992,10668,109
a1828d,LBQ197,1765924884,41.7953,-77.5876,10363,109
a1828d,LBQ197,1765924886,41.7936,-77.5813,10668,109
a1828d,LBQ197,1765924887,41.7929,-77.5785,10363,109
a1828d,LBQ197,1765924892,41.7887,-77.563,10668,109
a1828d,LBQ197,1765924894,41.7872,-77.5571,10363,109
a1828d,LBQ197,1765924896,41.7857,-77.5516,10668,109
a1828d,LBQ197,1765924897,41.7846,-77.5473,10363,109
a1828d,LBQ197,1765924899,41.7832,-77.5422,10668,109
a1828d,LBQ197,1765924900,41.7824,-77.5391,10363,109
a1828d,LBQ197,1765924902,41.7807,-77.5327,10668,109
a1828d,LBQ197,1765924903,41.78,-77.5299,10363,109
a1828d,LBQ197,1765924904,41.7791,-77.5266,10668,109
a1828d,LBQ197,1765924907,41.7767,-77.5174,10363,109
a1828d,LBQ197,1765924908,41.7758,-77.5144,10668,109
a1828d,LBQ197,1765924914,41.7712,-77.4967,10363,109
a1828d,LBQ197,1765924915,41.7703,-77.4936,10668,109
a1828d,LBQ197,1765924919,41.7668,-77.4801,10363,109
a1828d,LBQ197,1765924921,41.7651,-77.4741,10668,109
a1828d,LBQ197,1765924927,41.7606,-77.4568,10363,109
a1828d,LBQ197,1765924929,41.7589,-77.4507,10668,109
a1828d,LBQ197,1765924935,41.7541,-77.4325,10363,109
a1828d,LBQ197,1765924936,41.753,-77.4283,10668,109
a1828d,LBQ197,1765924943,41.7476,-77.4083,10363,109
a1828d,LBQ197,1765924945,41.7458,-77.4016,10668,109
a1828d,LBQ197,1765924954,41.7387,-77.3746,10363,109
a1828d,LBQ197,1765924955,41.7382,-77.373,10668,109
a1828d,LBQ197,1765924969,41.7264,-77.3288,10363,109
a1828d,LBQ197,1765925003,41.6988,-77.2258,10058,109
a1828d,LBQ197,1765925028,41.6786,-77.1505,9753,109
a1828d,LBQ197,1765925052,41.6592,-77.079,9448,109
a1828d,LBQ197,1765925079,41.6359,-76.9933,9144,109
a1828d,LBQ197,1765925101,41.6169,-76.9226,8839,109
a1828d,LBQ197,1765925125,41.5959,-76.8457,8229,109
a1828d,LBQ197,1765925150,41.5741,-76.7662,8229,110
a1828d,LBQ197,1765925181,41.5474,-76.6685,7924,110
a1828d,LBQ197,1765925215,41.5173,-76.5589,7620,110
a1828d,LBQ197,1765925250,41.4867,-76.4483,7315,110
a1828d,LBQ197,1765925284,41.4566,-76.3398,7010,110
a1828d,LBQ197,1765925318,41.4261,-76.2302,6705,110
a1828d,LBQ197,1765925353,41.3949,-76.1196,6400,110
a1828d,LBQ197,1765925387,41.3647,-76.013,6096,110
a1828d,LBQ197,1765925421,41.3351,-75.9083,5791,110
a1828d,LBQ197,1765925458,41.3037,-75.7978,5486,110
a1828d,LBQ197,1765925496,41.2711,-75.6857,5181,111
a1828d,LBQ197,1765925536,41.2337,-75.5706,4876,114
a1828d,LBQ197,1765925576,41.1965,-75.4611,4572,114
a1828d,LBQ197,1765925609,41.1663,-75.3715,3962,114
a1828d,LBQ197,1765925626,41.1512,-75.3265,3962,114
a1828d,LBQ197,1765925647,41.1327,-75.2718,3657,114
a1828d,LBQ197,1765925664,41.1183,-75.2293,3352,114
a1828d,LBQ197,1765925680,41.1048,-75.1893,3048,114
a1828d,LBQ197,1765925699,41.0903,-75.1463,2743,114
a1828d,LBQ197,1765925720,41.075,-75.1014,2438,114
a1828d,LBQ197,1765925742,41.0602,-75.0577,1828,114
a1828d,LBQ197,1765925764,41.0462,-75.0169,1828,114
a1828d,LBQ197,1765925790,41.0308,-74.9715,1524,114
a1828d,LBQ197,1765925850,40.9975,-74.8743,1524,114
a1828d,LBQ197,1765925855,40.995,-74.8665,1524,111
a1828d,LBQ197,1765925857,40.994,-74.8631,1524,109
a1828d,LBQ197,1765925859,40.9932,-74.8595,1524,107
a1828d,LBQ197,1765925860,40.9928,-74.8579,1524,105
a1828d,LBQ197,1765925861,40.9925,-74.8564,1524,103
a1828d,LBQ197,1765925862,40.9921,-74.8536,1524,102
a1828d,LBQ197,1765925863,40.9918,-74.8522,1524,99
a1828d,LBQ197,1765925864,40.9916,-74.8504,1524,99
a1828d,LBQ197,1765925865,40.9915,-74.8484,1524,96
a1828d,LBQ197,1765925866,40.9913,-74.8468,1524,95
a1828d,LBQ197,1765925867,40.9912,-74.845,1524,93
a1828d,LBQ197,1765925869,40.9911,-74.8412,1524,91
a1828d,LBQ197,1765925870,40.9912,-74.8394,1524,87
a1828d,LBQ197,1765925872,40.9913,-74.8357,1524,85
a1828d,LBQ197,1765925873,40.9915,-74.8342,1524,83
a1828d,LBQ197,1765925874,40.9916,-74.8324,1524,81
a1828d,LBQ197,1765925877,40.9924,-74.8268,1524,79
a1828d,LBQ197,1765925890,40.9964,-74.8032,1219,76
a1828d,LBQ197,1765925928,41.0089,-74.7376,914,76
a1828d,LBQ197,1765925938,41.0123,-74.7193,914,76
a1828d,LBQ197,1765925968,41.0201,-74.6682,609,79
a1828d,LBQ197,1765925991,41.0259,-74.6313,609,77
a0a30e,DAL1058,1765911073,29.9663,-95.3484,0,153
a0a30e,DAL1058,1765911075,29.9653,-95.3478,0,153
a0a30e,DAL1058,1765911077,29.9637,-95.347,0,156
a0a30e,DAL1058,1765911079,29.9624,-95.3464,0,161
a0a30e,DAL1058,1765911080,29.9621,-95.3463,0,163
a0a30e,DAL1058,1765911081,29.9609,-95.346,0,168
a0a30e,DAL1058,1765911082,29.9605,-95.3459,0,172
a0a30e,DAL1058,1765911083,29.9594,-95.3458,0,176
a0a30e,DAL1058,1765911084,29.959,-95.3458,0,180
a0a30e,DAL1058,1765911086,29.9572,-95.3459,0,187
a0a30e,DAL1058,1765911087,29.9569,-95.346,0,191
a0a30e,DAL1058,1765911088,29.9559,-95.3462,0,194
a0a30e,DAL1058,1765911089,29.9552,-95.3465,304,197
a0a30e,DAL1058,1765911090,29.9547,-95.3467,304,202
a0a30e,DAL1058,1765911091,29.954,-95.347,304,205
a0a30e,DAL1058,1765911093,29.9526,-95.348,304,205
a0a30e,DAL1058,1765911094,29.952,-95.3485,304,215
a0a30e,DAL1058,1765911095,29.9512,-95.3491,304,219
a0a30e,DAL1058,1765911097,29.9501,-95.3504,304,226
a0a30e,DAL1058,1765911098,29.9497,-95.3509,304,230
a0a30e,DAL1058,1765911099,29.9492,-95.3517,304,234
a0a30e,DAL1058,1765911100,29.949,-95.3521,304,236
a0a30e,DAL1058,1765911101,29.9485,-95.353,304,240
a0a30e,DAL1058,1765911102,29.9481,-95.3539,304,243
a0a30e,DAL1058,1765911103,29.9478,-95.3546,304,246
a0a30e,DAL1058,1765911104,29.9475,-95.3556,304,250
a0a30e,DAL1058,1765911105,29.9474,-95.3561,304,252
a0a30e,DAL1058,1765911106,29.947,-95.3576,304,257
a0a30e,DAL1058,1765911107,29.9469,-95.3585,304,261
a0a30e,DAL1058,1765911108,29.9468,-95.3594,304,263
a0a30e,DAL1058,1765911109,29.9468,-95.3604,304,267
a0a30e,DAL1058,1765911110,29.9468,-95.3614,304,270
a0a30e,DAL1058,1765911111,29.9468,-95.3625,304,274
a0a30e,DAL1058,1765911112,29.9469,-95.3633,304,277
a0a30e,DAL1058,1765911113,29.947,-95.3644,304,280
a0a30e,DAL1058,1765911114,29.9473,-95.3654,304,283
a0a30e,DAL1058,1765911115,29.9475,-95.3664,304,286
a0a30e,DAL1058,1765911116,29.9478,-95.3674,304,289
a0a30e,DAL1058,1765911117,29.9481,-95.3683,304,293
a0a30e,DAL1058,1765911118,29.9485,-95.3691,304,295
a0a30e,DAL1058,1765911119,29.9489,-95.3701,304,298
a0a30e,DAL1058,1765911120,29.9494,-95.3711,304,301
a0a30e,DAL1058,1765911121,29.9499,-95.3718,304,304
a0a30e,DAL1058,1765911122,29.9504,-95.3727,304,307
a0a30e,DAL1058,1765911123,29.9511,-95.3737,304,308
a0a30e,DAL1058,1765911124,29.9518,-95.3745,304,313
a0a30e,DAL1058,1765911125,29.9525,-95.3753,304,316
a0a30e,DAL1058,1765911126,29.9533,-95.3761,304,319
a0a30e,DAL1058,1765911127,29.9535,-95.3764,304,321
a0a30e,DAL1058,1765911128,29.9548,-95.3774,304,324
a0a30e,DAL1058,1765911129,29.9555,-95.378,304,327
a0a30e,DAL1058,1765911130,29.9564,-95.3786,304,330
a0a30e,DAL1058,1765911131,29.9573,-95.3791,304,332
a0a30e,DAL1058,1765911132,29.9585,-95.3797,609,335
a0a30e,DAL1058,1765911133,29.9595,-95.3802,609,337
a0a30e,DAL1058,1765911134,29.9599,-95.3804,609,340
a0a30e,DAL1058,1765911136,29.9615,-95.3809,609,344
a0a30e,DAL1058,1765911136,29.962,-95.3811,609,345
a0a30e,DAL1058,1765911137,29.9636,-95.3815,609,349
a0a30e,DAL1058,1765911138,29.9641,-95.3815,609,351
a0a30e,DAL1058,1765911139,29.9652,-95.3817,609,353
a0a30e,DAL1058,1765911140,29.9658,-95.3818,609,357
a0a30e,DAL1058,1765911141,29.9669,-95.3818,609,359
a0a30e,DAL1058,1765911143,29.9698,-95.3817,609,5
a0a30e,DAL1058,1765911144,29.9709,-95.3815,609,7
a0a30e,DAL1058,1765911145,29.9718,-95.3814,609,9
a0a30e,DAL1058,1765911146,29.9732,-95.381,609,13
a0a30e,DAL1058,1765911147,29.9742,-95.3807,609,15
a0a30e,DAL1058,1765911148,29.9753,-95.3803,609,17
a0a30e,DAL1058,1765911149,29.9758,-95.3801,609,18
a0a30e,DAL1058,1765911150,29.9773,-95.3795,609,21
a0a30e,DAL1058,1765911151,29.9783,-95.379,609,22
a0a30e,DAL1058,1765911155,29.9825,-95.3769,609,24
a0a30e,DAL1058,1765911161,29.9888,-95.3735,609,26
a0a30e,DAL1058,1765911169,29.9968,-95.3687,609,28
a0a30e,DAL1058,1765911175,30.0038,-95.3642,609,30
a0a30e,DAL1058,1765911181,30.0106,-95.3592,914,33
a0a30e,DAL1058,1765911184,30.0138,-95.3568,914,34
a0a30e,DAL1058,1765911294,30.1305,-95.2571,1219,36
a0a30e,DAL1058,1765911318,30.1558,-95.2351,1524,36
a0a30e,DAL1058,1765911340,30.1798,-95.2146,1828,36
a0a30e,DAL1058,1765911364,30.2066,-95.192,1828,36
a0a30e,DAL1058,1765911390,30.2358,-95.1668,2438,37
a0a30e,DAL1058,1765911413,30.2619,-95.1443,2743,37
a0a30e,DAL1058,1765911440,30.2929,-95.1172,3048,36
a0a30e,DAL1058,1765911492,30.3584,-95.0611,3352,37
a0a30e,DAL1058,1765911520,30.3965,-95.0279,3657,36
a0a30e,DAL1058,1765911544,30.4294,-94.9995,3962,36
a0a30e,DAL1058,1765911572,30.4666,-94.9672,3962,37
a0a30e,DAL1058,1765911603,30.5094,-94.9303,4572,35
a0a30e,DAL1058,1765911637,30.5573,-94.8892,4572,36
a0a30e,DAL1058,1765911650,30.5762,-94.8743,4876,33
a0a30e,DAL1058,1765911693,30.6428,-94.8239,5181,33
a0a30e,DAL1058,1765911732,30.7036,-94.7769,5486,33
a0a30e,DAL1058,1765911765,30.7557,-94.7367,5791,33
a0a30e,DAL1058,1765911810,30.826,-94.6823,6096,33
a0a30e,DAL1058,1765911859,30.9066,-94.62,6400,33
a0a30e,DAL1058,1765911910,30.9895,-94.5558,6705,33
a0a30e,DAL1058,1765911965,31.0818,-94.4841,7010,33
a0a30e,DAL1058,1765912030,31.1913,-94.399,7315,33
a0a30e,DAL1058,1765912105,31.3223,-94.2967,7620,33
a0a30e,DAL1058,1765912164,31.4245,-94.2167,7924,33
a0a30e,DAL1058,1765912238,31.5544,-94.1147,8229,34
a0a30e,DAL1058,1765912310,31.6813,-94.0146,8229,34
a0a30e,DAL1058,1765912339,31.7336,-93.9734,8229,33
a0a30e,DAL1058,1765912367,31.7807,-93.9316,8229,44
a0a30e,DAL1058,1765912371,31.7863,-93.9251,8229,46
a0a30e,DAL1058,1765912372,31.7878,-93.9232,8229,47
a0a30e,DAL1058,1765912376,31.7952,-93.9133,8229,49
a0a30e,DAL1058,1765912382,31.8036,-93.9012,8229,51
a0a30e,DAL1058,1765912408,31.8388,-93.8482,8839,52
a0a30e,DAL1058,1765912501,31.9661,-93.6546,9144,52
a0a30e,DAL1058,1765912560,32.0481,-93.5291,9448,52
a0a30e,DAL1058,1765912622,32.1335,-93.3981,9753,52
a0a30e,DAL1058,1765912718,32.268,-93.1905,10058,52
a0a30e,DAL1058,1765912736,32.2939,-93.1504,9753,52
a0a30e,DAL1058,1765912739,32.2985,-93.1432,10058,52
a0a30e,DAL1058,1765912776,32.3515,-93.0609,9753,52
a0a30e,DAL1058,1765912778,32.3541,-93.0569,10058,52
a0a30e,DAL1058,1765912794,32.3772,-93.021,9753,52
a0a30e,DAL1058,1765912800,32.3862,-93.007,10058,52
a0a30e,DAL1058,1765912810,32.3999,-92.9857,9753,52
a0a30e,DAL1058,1765912812,32.4031,-92.9809,10058,52
a0a30e,DAL1058,1765912813,32.4038,-92.9798,9753,52
a0a30e,DAL1058,1765912816,32.4083,-92.9726,10058,52
a0a30e,DAL1058,1765912817,32.4098,-92.9704,9753,52
a0a30e,DAL1058,1765912818,32.4116,-92.9675,10058,52
a0a30e,DAL1058,1765912819,32.4125,-92.9662,9753,52
a0a30e,DAL1058,1765912825,32.4219,-92.9515,10058,52
a0a30e,DAL1058,1765912917,32.5518,-92.7487,9753,52
a0a30e,DAL1058,1765912918,32.5532,-92.7465,10058,52
a0a30e,DAL1058,1765912924,32.5624,-92.732,9753,53
a0a30e,DAL1058,1765912931,32.5719,-92.7163,10058,54
a0a30e,DAL1058,1765912937,32.5794,-92.7038,9753,54
a0a30e,DAL1058,1765912943,32.5874,-92.6904,10058,54
a0a30e,DAL1058,1765912947,32.5928,-92.6813,9753,54
a0a30e,DAL1058,1765913092,32.7882,-92.356,10668,54
a0a30e,DAL1058,1765913184,32.911,-92.1503,10972,54
a0a30e,DAL1058,1765913242,32.9887,-92.02,10972,52
a0a30e,DAL1058,1765913248,32.9969,-92.0077,10972,50
a0a30e,DAL1058,1765913253,33.0043,-91.9975,10972,48
a0a30e,DAL1058,1765913258,33.0123,-91.9874,10972,45
a0a30e,DAL1058,1765913305,33.0896,-91.8985,11277,43
a0a30e,DAL1058,1765913333,33.1357,-91.8461,10972,43
a0a30e,DAL1058,1765913334,33.1376,-91.844,11277,43
a0a30e,DAL1058,1765913351,33.1656,-91.812,10972,43
a0a30e,DAL1058,1765913352,33.1674,-91.8099,11277,43
a0a30e,DAL1058,1765913363,33.1859,-91.7889,10972,43
a0a30e,DAL1058,1765913365,33.1881,-91.7864,11277,43
a0a30e,DAL1058,1765913367,33.1914,-91.7825,10972,43
a0a30e,DAL1058,1765913368,33.1945,-91.7791,11277,43
a0a30e,DAL1058,1765913373,33.2021,-91.7704,10972,43
a0a30e,DAL1058,1765913374,33.2031,-91.7692,11277,43
a0a30e,DAL1058,1765913375,33.2046,-91.7675,10972,43
a0a30e,DAL1058,1765913376,33.2078,-91.7639,11277,43
a0a30e,DAL1058,1765913377,33.2095,-91.7619,10972,43
a0a30e,DAL1058,1765913378,33.2112,-91.76,11277,43
a0a30e,DAL1058,1765913379,33.2127,-91.7583,10972,43
a0a30e,DAL1058,1765913381,33.2161,-91.7544,11277,43
a0a30e,DAL1058,1765913384,33.2213,-91.7484,10972,43
a0a30e,DAL1058,1765913385,33.223,-91.7464,11277,43
a0a30e,DAL1058,1765913387,33.2257,-91.7434,10972,43
a0a30e,DAL1058,1765913388,33.2276,-91.7412,11277,43
a0a30e,DAL1058,1765913390,33.2316,-91.7366,10972,43
a0a30e,DAL1058,1765913391,33.2333,-91.7346,11277,43
a0a30e,DAL1058,1765913394,33.2383,-91.7291,10972,43
a0a30e,DAL1058,1765913395,33.2399,-91.7271,11277,43
a0a30e,DAL1058,1765913396,33.2408,-91.7261,10972,43
a0a30e,DAL1058,1765913398,33.2433,-91.7232,11277,43
a0a30e,DAL1058,1765913401,33.2497,-91.7159,10972,43
a0a30e,DAL1058,1765913402,33.2514,-91.7139,11277,43
a0a30e,DAL1058,1765913403,33.2538,-91.7112,10972,43
a0a30e,DAL1058,1765913405,33.2565,-91.7081,11277,43
a0a30e,DAL1058,1765913407,33.2601,-91.704,10972,43
a0a30e,DAL1058,1765913408,33.2614,-91.7025,11277,43
a0a30e,DAL1058,1765913410,33.2646,-91.6988,10972,43
a0a30e,DAL1058,1765913412,33.268,-91.6949,11277,43
a0a30e,DAL1058,1765913414,33.2716,-91.6909,10972,43
a0a30e,DAL1058,1765913415,33.2724,-91.6899,11277,43
a0a30e,DAL1058,1765913417,33.2768,-91.6848,10972,43
a0a30e,DAL1058,1765913418,33.2792,-91.6821,11277,43
a0a30e,DAL1058,1765913421,33.2831,-91.6777,10972,43
a0a30e,DAL1058,1765913422,33.2855,-91.675,11277,43
a0a30e,DAL1058,1765913425,33.2909,-91.6687,10972,43
a0a30e,DAL1058,1765913428,33.2951,-91.6639,11277,43
a0a30e,DAL1058,1765913432,33.3028,-91.6551,10972,43
a0a30e,DAL1058,1765913434,33.3048,-91.6528,11277,43
a0a30e,DAL1058,1765913435,33.3075,-91.6497,10972,43
a0a30e,DAL1058,1765913436,33.3092,-91.6478,11277,43
a0a30e,DAL1058,1765913438,33.3122,-91.6443,10972,43
a0a30e,DAL1058,1765913440,33.3165,-91.6394,11277,43
a0a30e,DAL1058,1765913444,33.3227,-91.6322,10972,43
a0a30e,DAL1058,1765913445,33.3243,-91.6305,11277,43
a0a30e,DAL1058,1765913450,33.3331,-91.6204,10972,43
a0a30e,DAL1058,1765913451,33.3346,-91.6186,11277,43
a0a30e,DAL1058,1765913453,33.3378,-91.6149,10972,43
a0a30e,DAL1058,1765913455,33.3419,-91.6103,11277,43
a0a30e,DAL1058,1765913457,33.3446,-91.6071,10972,43
a0a30e,DAL1058,1765913458,33.3461,-91.6054,11277,43
a0a30e,DAL1058,1765913467,33.3617,-91.5875,10972,43
a0a30e,DAL1058,1765913468,33.3634,-91.5856,11277,43
a0a30e,DAL1058,1765913471,33.3688,-91.5793,10972,43
a0a30e,DAL1058,1765913472,33.3705,-91.5774,11277,43
a0a30e,DAL1058,1765913481,33.3858,-91.5599,10972,43
a0a30e,DAL1058,1765913482,33.3868,-91.5587,11277,43
a0a30e,DAL1058,1765913483,33.3886,-91.5566,10972,43
a0a30e,DAL1058,1765913484,33.3912,-91.5537,11277,43
a0a30e,DAL1058,1765913485,33.392,-91.5527,10972,43
a0a30e,DAL1058,1765913486,33.3937,-91.5508,11277,43
a0a30e,DAL1058,1765913487,33.3954,-91.5488,10972,43
a0a30e,DAL1058,1765913488,33.3971,-91.5469,11277,43
a0a30e,DAL1058,1765913490,33.401,-91.5424,10972,43
a0a30e,DAL1058,1765913491,33.4018,-91.5414,11277,43
a0a30e,DAL1058,1765913492,33.4037,-91.5393,10972,43
a0a30e,DAL1058,1765913493,33.4061,-91.5365,11277,44
a0a30e,DAL1058,1765913497,33.4128,-91.5287,10972,44
a0a30e,DAL1058,1765913498,33.4144,-91.527,11277,44
a0a30e,DAL1058,1765913502,33.4213,-91.519,10972,43
a0a30e,DAL1058,1765913505,33.4264,-91.5132,11277,43
a0a30e,DAL1058,1765913507,33.4289,-91.5103,10972,43
a0a30e,DAL1058,1765913508,33.4314,-91.5074,11277,43
a0a30e,DAL1058,1765913511,33.4365,-91.5015,10972,43
a0a30e,DAL1058,1765913512,33.4382,-91.4996,11277,43
a0a30e,DAL1058,1765913513,33.439,-91.4986,10972,43
a0a30e,DAL1058,1765913514,33.4408,-91.4967,11277,43
a0a30e,DAL1058,1765913520,33.4502,-91.4858,10972,43
a0a30e,DAL1058,1765913521,33.453,-91.4824,11277,43
a0a30e,DAL1058,1765913524,33.4579,-91.4768,10972,44
a0a30e,DAL1058,1765913528,33.4644,-91.4694,11277,44
a0a30e,DAL1058,1765913529,33.4662,-91.4673,10972,44
a0a30e,DAL1058,1765913531,33.4699,-91.463,11277,44
a0a30e,DAL1058,1765913539,33.4837,-91.4471,10972,43
a0a30e,DAL1058,1765913541,33.4869,-91.4434,11277,43
a0a30e,DAL1058,1765913543,33.4903,-91.4395,10972,43
a0a30e,DAL1058,1765913544,33.492,-91.4376,11277,44
a0a30e,DAL1058,1765913547,33.497,-91.4318,10972,44
a0a30e,DAL1058,1765913548,33.4989,-91.4297,11277,44
a0a30e,DAL1058,1765913550,33.5013,-91.4269,10972,44
a0a30e,DAL1058,1765913553,33.5063,-91.4211,11277,44
a0a30e,DAL1058,1765913554,33.5088,-91.4182,10972,44
a0a30e,DAL1058,1765913556,33.5122,-91.4143,11277,44
a0a30e,DAL1058,1765913557,33.513,-91.4133,10972,44
a0a30e,DAL1058,1765913558,33.5145,-91.4116,11277,44
a0a30e,DAL1058,1765913559,33.5169,-91.4089,10972,44
a0a30e,DAL1058,1765913560,33.5187,-91.4067,11277,44
a0a30e,DAL1058,1765913562,33.5216,-91.4034,10972,44
a0a30e,DAL1058,1765913563,33.5239,-91.4008,11277,44
a0a30e,DAL1058,1765913565,33.5271,-91.3971,10972,44
a0a30e,DAL1058,1765913566,33.5291,-91.3947,11277,44
a0a30e,DAL1058,1765913567,33.5299,-91.3938,10972,44
a0a30e,DAL1058,1765913569,33.5342,-91.3889,11277,44
a0a30e,DAL1058,1765913572,33.5379,-91.3847,10972,44
a0a30e,DAL1058,1765913573,33.541,-91.381,11277,44
a0a30e,DAL1058,1765913578,33.5481,-91.3728,10972,44
a0a30e,DAL1058,1765913580,33.5526,-91.3676,11277,44
a0a30e,DAL1058,1765913588,33.5655,-91.3531,10972,42
a0a30e,DAL1058,1765913589,33.5673,-91.351,11277,42
a0a30e,DAL1058,1765913590,33.5691,-91.3492,10972,41
a0a30e,DAL1058,1765913591,33.571,-91.3472,11277,41
a0a30e,DAL1058,1765913593,33.5745,-91.3435,10972,41
a0a30e,DAL1058,1765913594,33.576,-91.3419,11277,40
a0a30e,DAL1058,1765913597,33.5818,-91.336,10972,40
a0a30e,DAL1058,1765913599,33.5848,-91.333,11277,40
a0a30e,DAL1058,1765913602,33.5901,-91.3276,10972,40
a0a30e,DAL1058,1765913604,33.594,-91.3237,11277,40
a0a30e,DAL1058,1765913605,33.5958,-91.3219,10972,40
a0a30e,DAL1058,1765913606,33.5973,-91.3203,11277,39
a0a30e,DAL1058,1765913608,33.6014,-91.3163,10972,39
a0a30e,DAL1058,1765913618,33.6191,-91.2987,11277,39
a0a30e,DAL1058,1765913631,33.6414,-91.2766,10972,39
a0a30e,DAL1058,1765913632,33.6434,-91.2746,11277,39
a0a30e,DAL1058,1765913638,33.6538,-91.2643,10972,39
a0a30e,DAL1058,1765913640,33.6574,-91.2608,11277,39
a0a30e,DAL1058,1765913643,33.6636,-91.2546,10972,39
a0a30e,DAL1058,1765913645,33.6664,-91.2518,11277,39
a0a30e,DAL1058,1765913647,33.6704,-91.2478,10972,39
a0a30e,DAL1058,1765913648,33.6711,-91.2471,11277,39
a0a30e,DAL1058,1765913649,33.6731,-91.2452,10972,39
a0a30e,DAL1058,1765913650,33.6751,-91.2432,11277,39
a0a30e,DAL1058,1765913654,33.6819,-91.2364,10972,39
a0a30e,DAL1058,1765913655,33.6839,-91.2345,11277,39
a0a30e,DAL1058,1765913660,33.6932,-91.2251,10972,39
a0a30e,DAL1058,1765913664,33.7005,-91.2179,11277,39
a0a30e,DAL1058,1765913666,33.7037,-91.2148,10972,39
a0a30e,DAL1058,1765913668,33.7074,-91.2111,11277,39
a0a30e,DAL1058,1765913669,33.7088,-91.2097,10972,39
a0a30e,DAL1058,1765913671,33.7127,-91.2058,11277,39
a0a30e,DAL1058,1765913672,33.7143,-91.2043,10972,39
a0a30e,DAL1058,1765913673,33.7159,-91.2027,11277,39
a0a30e,DAL1058,1765913677,33.7235,-91.1951,10972,39
a0a30e,DAL1058,1765913678,33.7244,-91.1942,11277,39
a0a30e,DAL1058,1765913681,33.7304,-91.1883,10972,39
a0a30e,DAL1058,1765913683,33.7337,-91.1849,11277,39
a0a30e,DAL1058,1765913693,33.7514,-91.1673,10972,39
a0a30e,DAL1058,1765913696,33.7565,-91.1621,11277,39
a0a30e,DAL1058,1765913697,33.7583,-91.1604,10972,39
a0a30e,DAL1058,1765913700,33.7635,-91.1553,11277,39
a0a30e,DAL1058,1765913703,33.7688,-91.15,10972,39
a0a30e,DAL1058,1765913704,33.7707,-91.148,11277,39
a0a30e,DAL1058,1765913706,33.7743,-91.1445,10972,39
a0a30e,DAL1058,1765913707,33.7759,-91.1429,11277,39
a0a30e,DAL1058,1765913721,33.8014,-91.1174,10972,39
a0a30e,DAL1058,1765913722,33.8031,-91.1158,11277,39
a0a30e,DAL1058,1765913727,33.8119,-91.1069,10972,39
a0a30e,DAL1058,1765913728,33.813,-91.1059,11277,39
a0a30e,DAL1058,1765913733,33.8215,-91.0973,10972,39
a0a30e,DAL1058,1765913734,33.8241,-91.0948,11277,39
a0a30e,DAL1058,1765913739,33.8324,-91.0864,10972,39
a0a30e,DAL1058,1765913740,33.8349,-91.084,11277,39
a0a30e,DAL1058,1765913742,33.8385,-91.0804,10972,39
a0a30e,DAL1058,1765913745,33.844,-91.0749,11277,39
a0a30e,DAL1058,1765913746,33.8456,-91.0733,10972,39
a0a30e,DAL1058,1765913747,33.8475,-91.0713,11277,39
a0a30e,DAL1058,1765913748,33.8492,-91.0697,10972,39
a0a30e,DAL1058,1765913749,33.8509,-91.068,11277,39
a0a30e,DAL1058,1765913751,33.8543,-91.0646,10972,39
a0a30e,DAL1058,1765913752,33.8559,-91.063,11277,39
a0a30e,DAL1058,1765913754,33.8593,-91.0596,10972,39
a0a30e,DAL1058,1765913756,33.863,-91.0558,11277,39
a0a30e,DAL1058,1765913757,33.8648,-91.0541,10972,39
a0a30e,DAL1058,1765913759,33.8693,-91.0496,11277,39
a0a30e,DAL1058,1765913764,33.8773,-91.0416,10972,39
a0a30e,DAL1058,1765913765,33.8793,-91.0396,11277,39
a0a30e,DAL1058,1765913768,33.8844,-91.0345,10972,39
a0a30e,DAL1058,1765913769,33.8869,-91.032,11277,39
a0a30e,DAL1058,1765913770,33.888,-91.0309,10972,39
a0a30e,DAL1058,1765913771,33.8899,-91.029,11277,39
a0a30e,DAL1058,1765913772,33.8917,-91.0272,10972,39
a0a30e,DAL1058,1765913773,33.8937,-91.0252,11277,39
a0a30e,DAL1058,1765913776,33.8992,-91.0197,10972,39
a0a30e,DAL1058,1765913777,33.9012,-91.0177,11277,39
a0a30e,DAL1058,1765913785,33.9148,-91.004,10972,39
a0a30e,DAL1058,1765913786,33.9166,-91.0022,11277,39
a0a30e,DAL1058,1765913787,33.9184,-91.0004,10972,39
a0a30e,DAL1058,1765913788,33.92,-90.9988,11277,39
a0a30e,DAL1058,1765913792,33.928,-90.9908,10972,39
a0a30e,DAL1058,1765913794,33.9312,-90.9876,11277,39
a0a30e,DAL1058,1765913796,33.9339,-90.9849,10972,39
a0a30e,DAL1058,1765913798,33.9382,-90.9806,11277,39
a0a30e,DAL1058,1765913800,33.9417,-90.9771,10972,39
a0a30e,DAL1058,1765913801,33.9438,-90.9749,11277,39
a0a30e,DAL1058,1765913809,33.9576,-90.9612,10972,39
a0a30e,DAL1058,1765913810,33.9599,-90.9589,11277,39
a0a30e,DAL1058,1765913811,33.9614,-90.9573,10972,39
a0a30e,DAL1058,1765913812,33.9631,-90.9557,11277,39
a0a30e,DAL1058,1765913814,33.967,-90.9517,10972,39
a0a30e,DAL1058,1765913815,33.9687,-90.95,11277,39
a0a30e,DAL1058,1765913822,33.9803,-90.9384,10972,39
a0a30e,DAL1058,1765913824,33.9846,-90.9341,11277,39
a0a30e,DAL1058,1765913825,33.9864,-90.9323,10972,39
a0a30e,DAL1058,1765913826,33.988,-90.9307,11277,39
a0a30e,DAL1058,1765913836,34.0052,-90.9133,10972,39
a0a30e,DAL1058,1765913838,34.0097,-90.9088,11277,39
a0a30e,DAL1058,1765913845,34.0221,-90.8964,10972,39
a0a30e,DAL1058,1765913846,34.0239,-90.8945,11277,39
a0a30e,DAL1058,1765913848,34.0268,-90.8917,10972,39
a0a30e,DAL1058,1765913855,34.0396,-90.8788,11277,39
a0a30e,DAL1058,1765913856,34.0413,-90.8771,10972,39
a0a30e,DAL1058,1765913857,34.0431,-90.8752,11277,39
a0a30e,DAL1058,1765913858,34.0445,-90.8738,10972,39
a0a30e,DAL1058,1765913859,34.0463,-90.872,11277,39
a0a30e,DAL1058,1765913862,34.0521,-90.8662,10972,39
a0a30e,DAL1058,1765913865,34.0575,-90.8608,11277,39
a0a30e,DAL1058,1765913866,34.0594,-90.8588,10972,39
a0a30e,DAL1058,1765913867,34.061,-90.8573,11277,39
a0a30e,DAL1058,1765913871,34.0681,-90.8501,10972,39
a0a30e,DAL1058,1765913872,34.0699,-90.8483,11277,39
a0a30e,DAL1058,1765913873,34.0714,-90.8467,10972,39
a0a30e,DAL1058,1765913876,34.0768,-90.8414,11277,39
a0a30e,DAL1058,1765913880,34.084,-90.8341,10972,39
a0a30e,DAL1058,1765913883,34.0895,-90.8286,11277,39
a0a30e,DAL1058,1765913889,34.0994,-90.8185,10972,39
a0a30e,DAL1058,1765913890,34.1019,-90.8161,11277,39
a0a30e,DAL1058,1765913891,34.103,-90.815,10972,39
a0a30e,DAL1058,1765913892,34.1047,-90.8132,11277,39
a0a30e,DAL1058,1765913894,34.1086,-90.8093,10972,39
a0a30e,DAL1058,1765913896,34.1121,-90.8057,11277,39
a0a30e,DAL1058,1765913897,34.1139,-90.8039,10972,39
a0a30e,DAL1058,1765913899,34.1178,-90.8001,11277,39
a0a30e,DAL1058,1765913906,34.1302,-90.7876,10972,39
a0a30e,DAL1058,1765913907,34.1318,-90.786,11277,39
a0a30e,DAL1058,1765913910,34.1367,-90.781,10972,39
a0a30e,DAL1058,1765913911,34.1376,-90.7801,11277,39
a0a30e,DAL1058,1765913912,34.1402,-90.7774,10972,39
a0a30e,DAL1058,1765913913,34.1418,-90.7758,11277,39
a0a30e,DAL1058,1765913928,34.1682,-90.7493,10972,40
a0a30e,DAL1058,1765913931,34.1736,-90.7437,11277,40
a0a30e,DAL1058,1765913932,34.1754,-90.7419,10972,39
a0a30e,DAL1058,1765913935,34.1809,-90.7365,11277,39
a0a30e,DAL1058,1765913938,34.1863,-90.7313,10972,38
a0a30e,DAL1058,1765913941,34.1915,-90.7265,11277,36
a0a30e,DAL1058,1765913943,34.195,-90.7234,10972,36
a0a30e,DAL1058,1765913944,34.1969,-90.7218,11277,35
a0a30e,DAL1058,1765913945,34.1986,-90.7203,10972,35
a0a30e,DAL1058,1765913946,34.2012,-90.7182,11277,34
a0a30e,DAL1058,1765913947,34.2023,-90.7173,10972,34
a0a30e,DAL1058,1765913948,34.2049,-90.7151,11277,33
a0a30e,DAL1058,1765913952,34.2121,-90.7094,10972,32
a0a30e,DAL1058,1765913958,34.2238,-90.7007,11277,31
a0a30e,DAL1058,1765913959,34.2255,-90.6995,10972,31
a0a30e,DAL1058,1765913961,34.2293,-90.6967,11277,31
a0a30e,DAL1058,1765913962,34.2313,-90.6952,10972,31
a0a30e,DAL1058,1765913965,34.2367,-90.6913,11277,30
a0a30e,DAL1058,1765913968,34.2426,-90.687,10972,30
a0a30e,DAL1058,1765913971,34.2484,-90.6829,11277,30
a0a30e,DAL1058,1765913973,34.2526,-90.6799,10972,30
a0a30e,DAL1058,1765913975,34.2557,-90.6776,11277,30
a0a30e,DAL1058,1765913985,34.2761,-90.663,10972,30
a0a30e,DAL1058,1765913986,34.278,-90.6616,11277,30
a0a30e,DAL1058,1765913989,34.2832,-90.6579,10972,30
a0a30e,DAL1058,1765913990,34.2853,-90.6564,11277,30
a0a30e,DAL1058,1765913997,34.2992,-90.6465,10972,30
a0a30e,DAL1058,1765913998,34.3011,-90.6451,11277,30
a0a30e,DAL1058,1765914001,34.3067,-90.6411,10972,30
a0a30e,DAL1058,1765914002,34.3084,-90.6399,11277,30
a0a30e,DAL1058,1765914003,34.3103,-90.6385,10972,30
a0a30e,DAL1058,1765914004,34.3124,-90.637,11277,30
a0a30e,DAL1058,1765914007,34.3178,-90.6331,10972,30
a0a30e,DAL1058,1765914008,34.3198,-90.6318,11277,30
a0a30e,DAL1058,1765914024,34.3509,-90.6096,10972,30
a0a30e,DAL1058,1765914025,34.3529,-90.6083,11277,30
a0a30e,DAL1058,1765914038,34.3775,-90.591,10972,30
a0a30e,DAL1058,1765914039,34.3794,-90.5896,11277,30
a0a30e,DAL1058,1765914043,34.3873,-90.584,10972,30
a0a30e,DAL1058,1765914044,34.3893,-90.5827,11277,30
a0a30e,DAL1058,1765914045,34.391,-90.5815,10972,30
a0a30e,DAL1058,1765914048,34.3972,-90.5771,11277,30
a0a30e,DAL1058,1765914050,34.4002,-90.575,10972,30
a0a30e,DAL1058,1765914051,34.4031,-90.5729,11277,30
a0a30e,DAL1058,1765914055,34.4099,-90.5682,10972,30
a0a30e,DAL1058,1765914060,34.4199,-90.5612,11277,29
a0a30e,DAL1058,1765914061,34.4226,-90.5594,10972,29
a0a30e,DAL1058,1765914062,34.4245,-90.558,11277,29
a0a30e,DAL1058,1765914064,34.428,-90.5556,10972,29
a0a30e,DAL1058,1765914065,34.4301,-90.5541,11277,29
a0a30e,DAL1058,1765914071,34.4415,-90.5463,10972,29
a0a30e,DAL1058,1765914072,34.4434,-90.545,11277,29
a0a30e,DAL1058,1765914076,34.4513,-90.5395,10972,29
a0a30e,DAL1058,1765914077,34.4533,-90.5382,11277,29
a0a30e,DAL1058,1765914079,34.4562,-90.5362,10972,29
a0a30e,DAL1058,1765914080,34.4589,-90.5343,11277,29
a0a30e,DAL1058,1765914084,34.4665,-90.529,10972,29
a0a30e,DAL1058,1765914085,34.4686,-90.5276,11277,29
a0a30e,DAL1058,1765914089,34.4765,-90.5221,10972,29
a0a30e,DAL1058,1765914092,34.4804,-90.5195,11277,29
a0a30e,DAL1058,1765914095,34.4864,-90.5154,10972,29
a0a30e,DAL1058,1765914097,34.4904,-90.5126,11277,29
a0a30e,DAL1058,1765914098,34.4921,-90.5114,10972,29
a0a30e,DAL1058,1765914099,34.4942,-90.51,11277,29
a0a30e,DAL1058,1765914100,34.4959,-90.5088,10972,29
a0a30e,DAL1058,1765914102,34.4996,-90.5063,11277,29
a0a30e,DAL1058,1765914104,34.5037,-90.5035,10972,29
a0a30e,DAL1058,1765914108,34.5129,-90.4972,11277,29
a0a30e,DAL1058,1765914112,34.52,-90.4924,10972,29
a0a30e,DAL1058,1765914113,34.5221,-90.491,11277,29
a0a30e,DAL1058,1765914118,34.5321,-90.4842,10972,29
a0a30e,DAL1058,1765914121,34.5377,-90.4805,11277,29
a0a30e,DAL1058,1765914123,34.5413,-90.478,10972,29
a0a30e,DAL1058,1765914125,34.5449,-90.4756,11277,29
a0a30e,DAL1058,1765914130,34.5547,-90.469,10972,28
a0a30e,DAL1058,1765914131,34.5567,-90.4677,11277,28
a0a30e,DAL1058,1765914137,34.568,-90.4601,10972,28
a0a30e,DAL1058,1765914139,34.5726,-90.4571,11277,28
a0a30e,DAL1058,1765914140,34.5747,-90.4557,10972,28
a0a30e,DAL1058,1765914141,34.5757,-90.455,11277,28
a0a30e,DAL1058,1765914144,34.582,-90.4508,10972,28
a0a30e,DAL1058,1765914145,34.583,-90.4502,11277,28
a0a30e,DAL1058,1765914154,34.6,-90.4388,10972,28
a0a30e,DAL1058,1765914155,34.6021,-90.4373,11277,28
a0a30e,DAL1058,1765914156,34.6042,-90.4359,10972,28
a0a30e,DAL1058,1765914160,34.6121,-90.4307,11277,28
a0a30e,DAL1058,1765914162,34.6161,-90.428,10972,28
a0a30e,DAL1058,1765914163,34.6182,-90.4266,11277,28
a0a30e,DAL1058,1765914164,34.6199,-90.4254,10972,28
a0a30e,DAL1058,1765914168,34.6274,-90.4205,11277,28
a0a30e,DAL1058,1765914170,34.6314,-90.4178,10972,28
a0a30e,DAL1058,1765914171,34.6331,-90.4166,11277,28
a0a30e,DAL1058,1765914173,34.638,-90.4134,10972,28
a0a30e,DAL1058,1765914175,34.6414,-90.4111,11277,28
a0a30e,DAL1058,1765914176,34.6425,-90.4104,10972,28
a0a30e,DAL1058,1765914178,34.647,-90.4075,11277,28
a0a30e,DAL1058,1765914180,34.6506,-90.405,10972,28
a0a30e,DAL1058,1765914181,34.6523,-90.4039,11277,28
a0a30e,DAL1058,1765914189,34.6677,-90.3937,10972,28
a0a30e,DAL1058,1765914190,34.6706,-90.3918,11277,28
a0a30e,DAL1058,1765914191,34.6715,-90.3912,10972,28
a0a30e,DAL1058,1765914193,34.6756,-90.3886,11277,28
a0a30e,DAL1058,1765914200,34.6895,-90.3793,10972,28
a0a30e,DAL1058,1765914201,34.6907,-90.3785,11277,28
a0a30e,DAL1058,1765914205,34.6979,-90.3736,10972,28
a0a30e,DAL1058,1765914206,34.7,-90.3722,11277,28
a0a30e,DAL1058,1765914207,34.7027,-90.3705,10972,28
a0a30e,DAL1058,1765914208,34.7047,-90.3692,11277,28
a0a30e,DAL1058,1765914210,34.7085,-90.3666,10972,28
a0a30e,DAL1058,1765914211,34.7094,-90.366,11277,28
a0a30e,DAL1058,1765914214,34.7152,-90.3621,10972,28
a0a30e,DAL1058,1765914215,34.7182,-90.3601,11277,28
a0a30e,DAL1058,1765914216,34.7204,-90.3587,10972,28
a0a30e,DAL1058,1765914220,34.7276,-90.3539,11277,28
a0a30e,DAL1058,1765914223,34.7322,-90.3508,10972,28
a0a30e,DAL1058,1765914225,34.7358,-90.3485,11277,28
a0a30e,DAL1058,1765914229,34.7447,-90.3426,10972,28
a0a30e,DAL1058,1765914230,34.7464,-90.3415,11277,28
a0a30e,DAL1058,1765914232,34.75,-90.3391,10972,28
a0a30e,DAL1058,1765914233,34.7521,-90.3377,11277,28
a0a30e,DAL1058,1765914247,34.7788,-90.3197,11277,30
a0a30e,DAL1058,1765914252,34.7871,-90.3136,10972,32
a0a30e,DAL1058,1765914253,34.7905,-90.3107,11277,34
a0a30e,DAL1058,1765914254,34.792,-90.3095,11277,34
a0a30e,DAL1058,1765914258,34.7993,-90.3031,10972,36
a0a30e,DAL1058,1765914260,34.8027,-90.2999,10972,37
a0a30e,DAL1058,1765914268,34.8168,-90.2859,11277,40
a0a30e,DAL1058,1765914269,34.8168,-90.2859,10972,40
a0a30e,DAL1058,1765914271,34.8214,-90.2811,11277,40
a0a30e,DAL1058,1765914273,34.8247,-90.2777,10972,40
a0a30e,DAL1058,1765914274,34.8265,-90.2758,11277,40
a0a30e,DAL1058,1765914276,34.8297,-90.2724,10972,40
a0a30e,DAL1058,1765914277,34.8314,-90.2707,11277,40
a0a30e,DAL1058,1765914296,34.8634,-90.2367,10972,41
a0a30e,DAL1058,1765914297,34.8658,-90.2341,11277,41
a0a30e,DAL1058,1765914303,34.875,-90.2243,10972,41
a0a30e,DAL1058,1765914305,34.8784,-90.2207,11277,41
a0a30e,DAL1058,1765914317,34.8994,-90.1983,10972,41
a0a30e,DAL1058,1765914318,34.9009,-90.1967,11277,41
a0a30e,DAL1058,1765914319,34.9028,-90.1947,10972,41
a0a30e,DAL1058,1765914320,34.9044,-90.1929,11277,41
a0a30e,DAL1058,1765914322,34.9078,-90.1893,10972,41
a0a30e,DAL1058,1765914323,34.9088,-90.1883,11277,41
a0a30e,DAL1058,1765914326,34.914,-90.1827,10972,41
a0a30e,DAL1058,1765914328,34.9174,-90.1791,11277,41
a0a30e,DAL1058,1765914329,34.9191,-90.1773,10972,41
a0a30e,DAL1058,1765914330,34.9209,-90.1753,11277,41
a0a30e,DAL1058,1765914336,34.9302,-90.1655,10972,41
a0a30e,DAL1058,1765914337,34.9329,-90.1626,11277,41
a0a30e,DAL1058,1765914339,34.9361,-90.1592,10972,41
a0a30e,DAL1058,1765914341,34.9394,-90.1556,11277,41
a0a30e,DAL1058,1765914342,34.9404,-90.1546,10972,41
a0a30e,DAL1058,1765914343,34.943,-90.1518,11277,41
a0a30e,DAL1058,1765914347,34.9493,-90.145,10972,41
a0a30e,DAL1058,1765914348,34.9512,-90.1431,11277,41
a0a30e,DAL1058,1765914353,34.9598,-90.1339,10972,41
a0a30e,DAL1058,1765914355,34.9628,-90.1307,11277,41
a0a30e,DAL1058,1765914356,34.9643,-90.129,10972,41
a0a30e,DAL1058,1765914357,34.9668,-90.1263,11277,41
a0a30e,DAL1058,1765914360,34.9715,-90.1213,10972,41
a0a30e,DAL1058,1765914361,34.9732,-90.1195,11277,41
a0a30e,DAL1058,1765914363,34.9766,-90.1159,10972,41
a0a30e,DAL1058,1765914364,34.978,-90.1145,11277,41
a0a30e,DAL1058,1765914365,34.98,-90.1123,10972,41
a0a30e,DAL1058,1765914366,34.9813,-90.1109,11277,41
a0a30e,DAL1058,1765914370,34.9882,-90.1035,10972,41
a0a30e,DAL1058,1765914371,34.9897,-90.1019,11277,41
a0a30e,DAL1058,1765914373,34.9933,-90.0981,10972,41
a0a30e,DAL1058,1765914374,34.9951,-90.0962,11277,41
a0a30e,DAL1058,1765914377,35.0,-90.0909,10972,41
a0a30e,DAL1058,1765914378,35.0017,-90.0891,11277,41
a0a30e,DAL1058,1765914379,35.0035,-90.0872,10972,41
a0a30e,DAL1058,1765914380,35.005,-90.0855,11277,41
a0a30e,DAL1058,1765914384,35.0118,-90.0783,10972,41
a0a30e,DAL1058,1765914386,35.0152,-90.0747,11277,41
a0a30e,DAL1058,1765914400,35.039,-90.0492,10972,41
a0a30e,DAL1058,1765914401,35.0398,-90.0483,11277,41
a0a30e,DAL1058,1765914404,35.0451,-90.0427,10972,41
a0a30e,DAL1058,1765914406,35.0483,-90.0392,11277,41
a0a30e,DAL1058,1765914407,35.0508,-90.0366,10972,41
a0a30e,DAL1058,1765914409,35.054,-90.0331,11277,41
a0a30e,DAL1058,1765914412,35.0589,-90.0279,10972,41
a0a30e,DAL1058,1765914414,35.0619,-90.0247,11277,41
a0a30e,DAL1058,1765914415,35.0643,-90.0221,10972,41
a0a30e,DAL1058,1765914417,35.0676,-90.0185,11277,41
a0a30e,DAL1058,1765914421,35.0738,-90.0118,10972,41
a0a30e,DAL1058,1765914422,35.076,-90.0095,11277,41
a0a30e,DAL1058,1765914425,35.0802,-90.005,10972,41
a0a30e,DAL1058,1765914426,35.082,-90.003,11277,41
a0a30e,DAL1058,1765914429,35.0876,-89.997,10972,41
a0a30e,DAL1058,1765914430,35.0891,-89.9954,11277,41
a0a30e,DAL1058,1765914433,35.0945,-89.9896,10972,41
a0a30e,DAL1058,1765914434,35.0962,-89.9879,11277,41
a0a30e,DAL1058,1765914440,35.1063,-89.977,10972,41
a0a30e,DAL1058,1765914441,35.1078,-89.9754,11277,41
a0a30e,DAL1058,1765914446,35.1158,-89.9667,10972,41
a0a30e,DAL1058,1765914447,35.1177,-89.9647,11277,41
a0a30e,DAL1058,1765914448,35.1195,-89.9627,10972,41
a0a30e,DAL1058,1765914449,35.121,-89.9611,11277,41
a0a30e,DAL1058,1765914461,35.1412,-89.9394,10972,41
a0a30e,DAL1058,1765914462,35.1425,-89.938,11277,41
a0a30e,DAL1058,1765914467,35.1511,-89.9288,10972,41
a0a30e,DAL1058,1765914468,35.1531,-89.9266,11277,41
a0a30e,DAL1058,1765914470,35.1566,-89.9228,10972,41
a0a30e,DAL1058,1765914471,35.1575,-89.9219,11277,41
a0a30e,DAL1058,1765914476,35.1665,-89.9121,10972,41
a0a30e,DAL1058,1765914479,35.1714,-89.9068,11277,41
a0a30e,DAL1058,1765914480,35.1731,-89.905,10972,41
a0a30e,DAL1058,1765914482,35.1763,-89.9016,11277,41
a0a30e,DAL1058,1765914484,35.1795,-89.8981,10972,41
a0a30e,DAL1058,1765914485,35.1813,-89.8962,11277,41
a0a30e,DAL1058,1765914488,35.1864,-89.8908,10972,41
a0a30e,DAL1058,1765914489,35.1884,-89.8886,11277,41
a0a30e,DAL1058,1765914493,35.1944,-89.8821,10972,41
a0a30e,DAL1058,1765914495,35.1978,-89.8784,11277,41
a0a30e,DAL1058,1765914499,35.2045,-89.8712,10972,41
a0a30e,DAL1058,1765914500,35.2072,-89.8683,11277,41
a0a30e,DAL1058,1765914504,35.2139,-89.861,10972,41
a0a30e,DAL1058,1765914506,35.2171,-89.8576,11277,41
a0a30e,DAL1058,1765914508,35.2188,-89.8557,10972,41
a0a30e,DAL1058,1765914508,35.2203,-89.8542,11277,41
a0a30e,DAL1058,1765914509,35.222,-89.8523,10972,41
a0a30e,DAL1058,1765914511,35.2251,-89.8491,11277,41
a0a30e,DAL1058,1765914512,35.2267,-89.8473,10972,41
a0a30e,DAL1058,1765914513,35.2282,-89.8456,11277,41
a0a30e,DAL1058,1765914520,35.2405,-89.8323,10972,41
a0a30e,DAL1058,1765914521,35.2423,-89.8304,11277,41
a0a30e,DAL1058,1765914527,35.2516,-89.8204,10972,41
a0a30e,DAL1058,1765914530,35.2575,-89.814,11277,41
a0a30e,DAL1058,1765914534,35.2637,-89.8073,10972,41
a0a30e,DAL1058,1765914535,35.2656,-89.8053,11277,41
a0a30e,DAL1058,1765914552,35.294,-89.7746,10972,41
a0a30e,DAL1058,1765914553,35.2958,-89.7725,11277,41
a0a30e,DAL1058,1765914554,35.2975,-89.7707,10972,41
a0a30e,DAL1058,1765914556,35.301,-89.7669,11277,41
a0a30e,DAL1058,1765914557,35.3027,-89.7651,10972,41
a0a30e,DAL1058,1765914559,35.3054,-89.7621,11277,41
a0a30e,DAL1058,1765914560,35.3081,-89.7592,10972,41
a0a30e,DAL1058,1765914564,35.3143,-89.7525,11277,41
a0a30e,DAL1058,1765914566,35.3177,-89.7488,10972,41
a0a30e,DAL1058,1765914567,35.3192,-89.7472,11277,41
a0a30e,DAL1058,1765914568,35.3214,-89.7449,10972,41
a0a30e,DAL1058,1765914569,35.323,-89.743,11277,41
a0a30e,DAL1058,1765914580,35.3415,-89.7231,10972,41
a0a30e,DAL1058,1765914582,35.3432,-89.7212,11277,41
a0a30e,DAL1058,1765914582,35.3441,-89.7201,10972,41
a0a30e,DAL1058,1765914583,35.3465,-89.7176,11277,41
a0a30e,DAL1058,1765914590,35.3577,-89.7054,10972,41
a0a30e,DAL1058,1765914591,35.3594,-89.7036,11277,41
a0a30e,DAL1058,1765914593,35.3627,-89.7,10972,41
a0a30e,DAL1058,1765914594,35.3644,-89.6982,11277,41
a0a30e,DAL1058,1765914599,35.373,-89.6888,10972,41
a0a30e,DAL1058,1765914601,35.3765,-89.685,11277,41
a0a30e,DAL1058,1765914602,35.3773,-89.6841,10972,41
a0a30e,DAL1058,1765914603,35.3799,-89.6813,11277,41
a0a30e,DAL1058,1765914605,35.3832,-89.6777,10972,41
a0a30e,DAL1058,1765914606,35.3849,-89.6759,11277,41
a0a30e,DAL1058,1765914607,35.3864,-89.6743,10972,41
a0a30e,DAL1058,1765914608,35.388,-89.6725,11277,41
a0a30e,DAL1058,1765914612,35.3945,-89.6655,10972,41
a0a30e,DAL1058,1765914613,35.396,-89.6638,11277,41
a0a30e,DAL1058,1765914617,35.4025,-89.6569,10972,41
a0a30e,DAL1058,1765914618,35.4041,-89.655,11277,41
a0a30e,DAL1058,1765914621,35.4089,-89.6498,10972,41
a0a30e,DAL1058,1765914623,35.4126,-89.6459,11277,41
a0a30e,DAL1058,1765914626,35.4173,-89.6407,10972,41
a0a30e,DAL1058,1765914627,35.4191,-89.6387,11277,41
a0a30e,DAL1058,1765914628,35.4208,-89.6369,10972,41
a0a30e,DAL1058,1765914630,35.4243,-89.6331,11277,41
a0a30e,DAL1058,1765914637,35.4358,-89.6206,10972,41
a0a30e,DAL1058,1765914641,35.4424,-89.6134,11277,41
a0a30e,DAL1058,1765914642,35.444,-89.6116,10972,41
a0a30e,DAL1058,1765914643,35.4455,-89.61,11277,41
a0a30e,DAL1058,1765914645,35.449,-89.6062,10972,41
a0a30e,DAL1058,1765914646,35.4506,-89.6045,11277,41
a0a30e,DAL1058,1765914647,35.4523,-89.6027,10972,41
a0a30e,DAL1058,1765914651,35.4587,-89.5957,11277,41
a0a30e,DAL1058,1765914652,35.4605,-89.5937,10972,41
a0a30e,DAL1058,1765914653,35.4621,-89.5919,11277,41
a0a30e,DAL1058,1765914656,35.4668,-89.587,10972,41
a0a30e,DAL1058,1765914658,35.4702,-89.5832,11277,41
a0a30e,DAL1058,1765914660,35.4735,-89.5796,10972,41
a0a30e,DAL1058,1765914666,35.4834,-89.5688,11277,41
a0a30e,DAL1058,1765914667,35.4846,-89.5674,10972,41
a0a30e,DAL1058,1765914670,35.4894,-89.5622,11277,41
a0a30e,DAL1058,1765914672,35.4937,-89.5576,10972,41
a0a30e,DAL1058,1765914673,35.4952,-89.556,11277,41
a0a30e,DAL1058,1765914679,35.5052,-89.545,10972,41
a0a30e,DAL1058,1765914680,35.5069,-89.5432,11277,41
a0a30e,DAL1058,1765914684,35.5134,-89.5361,10972,41
a0a30e,DAL1058,1765914685,35.5151,-89.5342,11277,41
a0a30e,DAL1058,1765914686,35.5168,-89.5324,10972,41
a0a30e,DAL1058,1765914687,35.5182,-89.5308,11277,41
a0a30e,DAL1058,1765914689,35.5214,-89.5274,10972,41
a0a30e,DAL1058,1765914690,35.523,-89.5256,11277,41
a0a30e,DAL1058,1765914698,35.5365,-89.5109,10972,41
a0a30e,DAL1058,1765914700,35.5399,-89.5071,11277,41
a0a30e,DAL1058,1765914704,35.5462,-89.5003,10972,41
a0a30e,DAL1058,1765914706,35.5497,-89.4965,11277,41
a0a30e,DAL1058,1765914712,35.5592,-89.4861,10972,41
a0a30e,DAL1058,1765914713,35.5605,-89.4846,11277,41
a0a30e,DAL1058,1765914717,35.5674,-89.4771,10972,41
a0a30e,DAL1058,1765914718,35.5691,-89.4753,11277,41
a0a30e,DAL1058,1765914721,35.574,-89.4699,10972,41
a0a30e,DAL1058,1765914722,35.5757,-89.4681,11277,41
a0a30e,DAL1058,1765914723,35.5772,-89.4665,10972,41
a0a30e,DAL1058,1765914725,35.5802,-89.4631,11277,41
a0a30e,DAL1058,1765914727,35.5836,-89.4594,10972,41
a0a30e,DAL1058,1765914728,35.5852,-89.4576,11277,41
a0a30e,DAL1058,1765914736,35.5987,-89.4429,10972,41
a0a30e,DAL1058,1765914737,35.6004,-89.4411,11277,41
a0a30e,DAL1058,1765914747,35.6168,-89.423,10972,41
a0a30e,DAL1058,1765914748,35.6185,-89.4212,11277,41
a0a30e,DAL1058,1765914751,35.6232,-89.416,10972,41
a0a30e,DAL1058,1765914752,35.6247,-89.4144,11277,41
a0a30e,DAL1058,1765914754,35.6287,-89.4101,10972,41
a0a30e,DAL1058,1765914755,35.6303,-89.4083,11277,41
a0a30e,DAL1058,1765914759,35.6367,-89.4013,10972,41
a0a30e,DAL1058,1765914760,35.6382,-89.3997,11277,41
a0a30e,DAL1058,1765914763,35.6428,-89.3946,10972,41
a0a30e,DAL1058,1765914764,35.6446,-89.3927,11277,41
a0a30e,DAL1058,1765914765,35.6464,-89.3907,10972,41
a0a30e,DAL1058,1765914770,35.6548,-89.3815,11277,41
a0a30e,DAL1058,1765914771,35.6562,-89.3799,10972,41
a0a30e,DAL1058,1765914773,35.6594,-89.3765,11277,41
a0a30e,DAL1058,1765914777,35.6659,-89.3693,10972,41
a0a30e,DAL1058,1765914778,35.6675,-89.3675,11277,41
a0a30e,DAL1058,1765914779,35.6692,-89.3657,10972,41
a0a30e,DAL1058,1765914780,35.6708,-89.3639,11277,41
a0a30e,DAL1058,1765914783,35.6757,-89.3585,10972,41
a0a30e,DAL1058,1765914784,35.6774,-89.3567,11277,41
a0a30e,DAL1058,1765914792,35.6907,-89.342,10972,41
a0a30e,DAL1058,1765914797,35.6991,-89.3329,11277,41
a0a30e,DAL1058,1765914798,35.7007,-89.3311,10972,41
a0a30e,DAL1058,1765914799,35.7022,-89.3295,11277,41
a0a30e,DAL1058,1765914800,35.7037,-89.3278,10972,41
a0a30e,DAL1058,1765914801,35.7053,-89.3261,11277,41
a0a30e,DAL1058,1765914806,35.7139,-89.3166,10972,41
a0a30e,DAL1058,1765914808,35.7168,-89.3134,11277,41
a0a30e,DAL1058,1765914809,35.7185,-89.3116,10972,41
a0a30e,DAL1058,1765914811,35.7215,-89.3082,11277,41
a0a30e,DAL1058,1765914812,35.7232,-89.3064,10972,41
a0a30e,DAL1058,1765914813,35.7251,-89.3043,11277,41
a0a30e,DAL1058,1765914814,35.7267,-89.3025,10972,41
a0a30e,DAL1058,1765914815,35.7282,-89.3009,11277,41
a0a30e,DAL1058,1765914817,35.7313,-89.2975,10972,41
a0a30e,DAL1058,1765914818,35.7329,-89.2957,11277,41
a0a30e,DAL1058,1765914820,35.7362,-89.2921,10972,41
a0a30e,DAL1058,1765914822,35.7395,-89.2886,11277,41
a0a30e,DAL1058,1765914823,35.7409,-89.287,10972,41
a0a30e,DAL1058,1765914824,35.7425,-89.2852,11277,41
a0a30e,DAL1058,1765914826,35.7459,-89.2814,10972,41
a0a30e,DAL1058,1765914827,35.7477,-89.2795,11277,41
a0a30e,DAL1058,1765914830,35.7526,-89.2741,10972,41
a0a30e,DAL1058,1765914831,35.7542,-89.2723,11277,41
a0a30e,DAL1058,1765914833,35.7573,-89.2689,10972,41
a0a30e,DAL1058,1765914834,35.7589,-89.2672,11277,41
a0a30e,DAL1058,1765914839,35.7672,-89.2581,10972,41
a0a30e,DAL1058,1765914843,35.773,-89.2517,11277,41
a0a30e,DAL1058,1765914846,35.7785,-89.2456,10972,41
a0a30e,DAL1058,1765914847,35.7801,-89.2438,11277,41
a0a30e,DAL1058,1765914849,35.7832,-89.2405,10972,41
a0a30e,DAL1058,1765914850,35.7849,-89.2385,11277,41
a0a30e,DAL1058,1765914851,35.7868,-89.2366,10972,41
a0a30e,DAL1058,1765914852,35.7883,-89.2348,11277,41
a0a30e,DAL1058,1765914854,35.7913,-89.2315,10972,41
a0a30e,DAL1058,1765914856,35.7943,-89.2282,11277,41
a0a30e,DAL1058,1765914871,35.8192,-89.2008,10972,41
a0a30e,DAL1058,1765914872,35.8205,-89.1994,11277,41
a0a30e,DAL1058,1765914873,35.8222,-89.1974,10972,41
a0a30e,DAL1058,1765914876,35.8271,-89.1921,11277,41
a0a30e,DAL1058,1765914877,35.8287,-89.1903,10972,41
a0a30e,DAL1058,1765914878,35.8303,-89.1885,11277,41
a0a30e,DAL1058,1765914879,35.8311,-89.1876,10972,41
a0a30e,DAL1058,1765914881,35.8348,-89.1836,11277,41
a0a30e,DAL1058,1765914885,35.8408,-89.177,10972,41
a0a30e,DAL1058,1765914886,35.8426,-89.175,11277,41
a0a30e,DAL1058,1765914887,35.845,-89.1724,10972,41
a0a30e,DAL1058,1765914888,35.8458,-89.1715,11277,41
a0a30e,DAL1058,1765914889,35.8474,-89.1697,10972,41
a0a30e,DAL1058,1765914891,35.8508,-89.166,11277,41
a0a30e,DAL1058,1765914897,35.8608,-89.1549,10972,41
a0a30e,DAL1058,1765914898,35.8624,-89.1531,11277,41
a0a30e,DAL1058,1765914899,35.864,-89.1514,10972,41
a0a30e,DAL1058,1765914900,35.8656,-89.1496,11277,41
a0a30e,DAL1058,1765914901,35.8671,-89.148,10972,41
a0a30e,DAL1058,1765914902,35.8687,-89.1462,11277,41
a0a30e,DAL1058,1765914903,35.8705,-89.1442,10972,41
a0a30e,DAL1058,1765914907,35.8767,-89.1373,11277,41
a0a30e,DAL1058,1765914909,35.8798,-89.1339,10972,41
a0a30e,DAL1058,1765914912,35.885,-89.1282,11277,41
a0a30e,DAL1058,1765914915,35.8895,-89.1232,10972,41
a0a30e,DAL1058,1765914916,35.8911,-89.1214,11277,41
a0a30e,DAL1058,1765914917,35.8934,-89.1189,10972,41
a0a30e,DAL1058,1765914918,35.8942,-89.118,11277,41
a0a30e,DAL1058,1765914921,35.8997,-89.1119,10972,41
a0a30e,DAL1058,1765914922,35.9013,-89.1101,11277,41
a0a30e,DAL1058,1765914924,35.9039,-89.1072,10972,41
a0a30e,DAL1058,1765914925,35.9057,-89.1053,11277,41
a0a30e,DAL1058,1765914936,35.9235,-89.0856,10972,41
a0a30e,DAL1058,1765914937,35.925,-89.084,11277,41
a0a30e,DAL1058,1765914939,35.9284,-89.0802,10972,42
a0a30e,DAL1058,1765914940,35.9298,-89.0786,11277,42
a0a30e,DAL1058,1765914942,35.9323,-89.0759,10972,42
a0a30e,DAL1058,1765914942,35.9331,-89.075,11277,42
a0a30e,DAL1058,1765914943,35.9355,-89.0723,10972,41
a0a30e,DAL1058,1765914945,35.9381,-89.0694,11277,41
a0a30e,DAL1058,1765914949,35.9449,-89.0619,10972,41
a0a30e,DAL1058,1765914952,35.9491,-89.0572,11277,41
a0a30e,DAL1058,1765914953,35.9511,-89.0551,10972,41
a0a30e,DAL1058,1765914954,35.9529,-89.0531,11277,41
a0a30e,DAL1058,1765914957,35.9581,-89.0473,10972,41
a0a30e,DAL1058,1765914959,35.9612,-89.0439,11277,41
a0a30e,DAL1058,1765914961,35.9646,-89.0401,10972,42
a0a30e,DAL1058,1765914962,35.9656,-89.039,11277,42
a0a30e,DAL1058,1765914963,35.9672,-89.0372,10972,42
a0a30e,DAL1058,1765914964,35.9688,-89.0354,11277,42
a0a30e,DAL1058,1765914965,35.9708,-89.0333,10972,42
a0a30e,DAL1058,1765914967,35.9743,-89.0293,11277,42
a0a30e,DAL1058,1765914968,35.9759,-89.0275,10972,42
a0a30e,DAL1058,1765914969,35.9769,-89.0264,11277,42
a0a30e,DAL1058,1765914974,35.9849,-89.0176,10972,42
a0a30e,DAL1058,1765914976,35.9873,-89.0149,11277,42
a0a30e,DAL1058,1765914977,35.9906,-89.0112,10972,42
a0a30e,DAL1058,1765914978,35.9922,-89.0094,11277,42
a0a30e,DAL1058,1765914989,36.0095,-88.9903,10972,42
a0a30e,DAL1058,1765914991,36.013,-88.9865,11277,42
a0a30e,DAL1058,1765914992,36.0146,-88.9847,10972,42
a0a30e,DAL1058,1765914993,36.0162,-88.9828,11277,42
a0a30e,DAL1058,1765915006,36.0381,-88.9585,10972,42
a0a30e,DAL1058,1765915009,36.0423,-88.9538,11277,42
a0a30e,DAL1058,1765915010,36.0438,-88.9521,10972,42
a0a30e,DAL1058,1765915011,36.0454,-88.9503,11277,42
a0a30e,DAL1058,1765915013,36.0486,-88.9469,10972,42
a0a30e,DAL1058,1765915014,36.0504,-88.9449,11277,42
a0a30e,DAL1058,1765915017,36.0545,-88.9403,10972,42
a0a30e,DAL1058,1765915019,36.0591,-88.9352,11277,42
a0a30e,DAL1058,1765915020,36.0607,-88.9335,10972,42
a0a30e,DAL1058,1765915021,36.0623,-88.9316,11277,42
a0a30e,DAL1058,1765915023,36.065,-88.9287,10972,42
a0a30e,DAL1058,1765915025,36.0692,-88.924,11277,42
a0a30e,DAL1058,1765915028,36.0733,-88.9194,10972,42
a0a30e,DAL1058,1765915029,36.0749,-88.9176,11277,42
a0a30e,DAL1058,1765915031,36.0782,-88.9139,10972,42
a0a30e,DAL1058,1765915032,36.08,-88.912,11277,42
a0a30e,DAL1058,1765915043,36.0984,-88.8915,10972,42
a0a30e,DAL1058,1765915044,36.1,-88.8896,11277,42
a0a30e,DAL1058,1765915046,36.1033,-88.886,10972,42
a0a30e,DAL1058,1765915047,36.1051,-88.884,11277,42
a0a30e,DAL1058,1765915049,36.1084,-88.8803,10972,42
a0a30e,DAL1058,1765915050,36.1101,-88.8785,11277,42
a0a30e,DAL1058,1765915054,36.116,-88.8719,10972,42
a0a30e,DAL1058,1765915055,36.1178,-88.8699,11277,42
a0a30e,DAL1058,1765915067,36.1375,-88.8479,10972,42
a0a30e,DAL1058,1765915068,36.1397,-88.8455,11277,42
a0a30e,DAL1058,1765915070,36.1429,-88.8418,10972,42
a0a30e,DAL1058,1765915072,36.1461,-88.8384,11277,42
a0a30e,DAL1058,1765915075,36.1512,-88.8327,10972,42
a0a30e,DAL1058,1765915077,36.1545,-88.829,11277,42
a0a30e,DAL1058,1765915095,36.1835,-88.7965,10972,42
a0a30e,DAL1058,1765915096,36.1851,-88.7947,11277,42
a0a30e,DAL1058,1765915098,36.1887,-88.7907,10972,42
a0a30e,DAL1058,1765915100,36.1919,-88.7872,11277,42
a0a30e,DAL1058,1765915104,36.1979,-88.7805,10972,42
a0a30e,DAL1058,1765915106,36.202,-88.7759,11277,42
a0a30e,DAL1058,1765915110,36.2081,-88.7691,10972,42
a0a30e,DAL1058,1765915116,36.2182,-88.7578,11277,42
a0a30e,DAL1058,1765915122,36.2278,-88.747,10972,42
a0a30e,DAL1058,1765915124,36.2311,-88.7434,11277,42
a0a30e,DAL1058,1765915126,36.2344,-88.7397,10972,42
a0a30e,DAL1058,1765915128,36.2381,-88.7355,11277,42
a0a30e,DAL1058,1765915132,36.2443,-88.7286,10972,42
a0a30e,DAL1058,1765915135,36.2492,-88.7231,11277,42
a0a30e,DAL1058,1765915136,36.2508,-88.7213,10972,42
a0a30e,DAL1058,1765915137,36.2524,-88.7195,11277,42
a0a30e,DAL1058,1765915140,36.2574,-88.7138,10972,42
a0a30e,DAL1058,1765915141,36.2591,-88.712,11277,42
a0a30e,DAL1058,1765915143,36.2615,-88.7093,10972,42
a0a30e,DAL1058,1765915144,36.2635,-88.7071,11277,42
a0a30e,DAL1058,1765915148,36.2697,-88.7002,10972,42
a0a30e,DAL1058,1765915150,36.2737,-88.6957,11277,42
a0a30e,DAL1058,1765915155,36.2813,-88.6871,10972,42
a0a30e,DAL1058,1765915156,36.2831,-88.6851,11277,42
a0a30e,DAL1058,1765915163,36.2948,-88.6721,10972,42
a0a30e,DAL1058,1765915164,36.2964,-88.6702,11277,42
a0a30e,DAL1058,1765915165,36.298,-88.6684,10972,42
a0a30e,DAL1058,1765915166,36.299,-88.6673,11277,42
a0a30e,DAL1058,1765915167,36.3011,-88.665,10972,42
a0a30e,DAL1058,1765915170,36.3056,-88.6599,11277,42
a0a30e,DAL1058,1765915175,36.3139,-88.6507,10972,42
a0a30e,DAL1058,1765915178,36.3187,-88.6452,11277,42
a0a30e,DAL1058,1765915179,36.32,-88.6438,10972,42
a0a30e,DAL1058,1765915180,36.3218,-88.6418,11277,42
a0a30e,DAL1058,1765915181,36.3234,-88.64,10972,42
a0a30e,DAL1058,1765915182,36.325,-88.6382,11277,42
a0a30e,DAL1058,1765915190,36.3386,-88.6229,10972,42
a0a30e,DAL1058,1765915191,36.3394,-88.622,11277,42
a0a30e,DAL1058,1765915195,36.3461,-88.6144,10972,42
a0a30e,DAL1058,1765915196,36.3481,-88.6123,11277,42
a0a30e,DAL1058,1765915200,36.3545,-88.605,10972,42
a0a30e,DAL1058,1765915201,36.356,-88.6034,11277,42
a0a30e,DAL1058,1765915203,36.3587,-88.6003,10972,42
a0a30e,DAL1058,1765915205,36.3624,-88.5962,11277,42
a0a30e,DAL1058,1765915207,36.3658,-88.5923,10972,42
a0a30e,DAL1058,1765915209,36.3688,-88.5889,11277,42
a0a30e,DAL1058,1765915210,36.3703,-88.5873,10972,42
a0a30e,DAL1058,1765915212,36.374,-88.5831,11277,42
a0a30e,DAL1058,1765915215,36.3788,-88.5777,10972,42
a0a30e,DAL1058,1765915217,36.3812,-88.5749,11277,42
a0a30e,DAL1058,1765915218,36.383,-88.573,10972,42
a0a30e,DAL1058,1765915219,36.3847,-88.5711,11277,42
a0a30e,DAL1058,1765915220,36.3863,-88.5693,10972,42
a0a30e,DAL1058,1765915222,36.3897,-88.5655,11277,42
a0a30e,DAL1058,1765915225,36.3943,-88.5602,10972,42
a0a30e,DAL1058,1765915227,36.398,-88.5561,11277,42
a0a30e,DAL1058,1765915232,36.4056,-88.5475,10972,42
a0a30e,DAL1058,1765915233,36.4073,-88.5457,11277,42
a0a30e,DAL1058,1765915244,36.4255,-88.5251,10972,42
a0a30e,DAL1058,1765915245,36.427,-88.5234,11277,42
a0a30e,DAL1058,1765915265,36.4593,-88.487,10972,42
a0a30e,DAL1058,1765915266,36.4608,-88.4854,11277,42
a0a30e,DAL1058,1765915281,36.4853,-88.4578,10972,42
a0a30e,DAL1058,1765915283,36.4885,-88.4541,11277,42
a0a30e,DAL1058,1765915285,36.4916,-88.4506,10972,42
a0a30e,DAL1058,1765915288,36.4968,-88.4447,11277,42
a0a30e,DAL1058,1765915290,36.4998,-88.4413,10972,42
a0a30e,DAL1058,1765915291,36.5013,-88.4396,11277,42
a0a30e,DAL1058,1765915294,36.5065,-88.4338,10972,42
a0a30e,DAL1058,1765915295,36.5081,-88.4319,11277,42
a0a30e,DAL1058,1765915296,36.5099,-88.4299,10972,42
a0a30e,DAL1058,1765915298,36.513,-88.4264,11277,42
a0a30e,DAL1058,1765915299,36.5146,-88.4246,10972,42
a0a30e,DAL1058,1765915303,36.5208,-88.4176,11277,42
a0a30e,DAL1058,1765915305,36.5239,-88.4142,10972,42
a0a30e,DAL1058,1765915306,36.5254,-88.4124,11277,42
a0a30e,DAL1058,1765915313,36.537,-88.3993,10972,42
a0a30e,DAL1058,1765915315,36.5402,-88.3957,11277,42
a0a30e,DAL1058,1765915316,36.5418,-88.3938,10972,42
a0a30e,DAL1058,1765915317,36.5435,-88.392,11277,42
a0a30e,DAL1058,1765915328,36.5614,-88.3716,10972,42
a0a30e,DAL1058,1765915329,36.5631,-88.3698,11277,42
a0a30e,DAL1058,1765915330,36.5645,-88.3681,10972,42
a0a30e,DAL1058,1765915335,36.5726,-88.359,11277,42
a0a30e,DAL1058,1765915339,36.5788,-88.352,10972,42
a0a30e,DAL1058,1765915340,36.5814,-88.349,11277,42
a0a30e,DAL1058,1765915341,36.5822,-88.3481,10972,42
a0a30e,DAL1058,1765915342,36.5843,-88.3457,11277,42
a0a30e,DAL1058,1765915343,36.5859,-88.3439,10972,42
a0a30e,DAL1058,1765915344,36.5875,-88.342,11277,42
a0a30e,DAL1058,1765915345,36.5892,-88.3402,10972,42
a0a30e,DAL1058,1765915348,36.5939,-88.3349,11277,42
a0a30e,DAL1058,1765915349,36.5955,-88.3331,10972,42
a0a30e,DAL1058,1765915350,36.597,-88.3314,11277,42
a0a30e,DAL1058,1765915363,36.6179,-88.3076,10972,42
a0a30e,DAL1058,1765915364,36.6197,-88.3056,11277,42
a0a30e,DAL1058,1765915366,36.6228,-88.3021,10972,42
a0a30e,DAL1058,1765915367,36.6252,-88.2994,11277,42
a0a30e,DAL1058,1765915370,36.6293,-88.2947,10972,42
a0a30e,DAL1058,1765915371,36.6317,-88.292,11277,42
a0a30e,DAL1058,1765915374,36.6356,-88.2875,10972,42
a0a30e,DAL1058,1765915375,36.6381,-88.2848,11277,42
a0a30e,DAL1058,1765915378,36.6424,-88.2798,10972,42
a0a30e,DAL1058,1765915379,36.644,-88.278,11277,42
a0a30e,DAL1058,1765915380,36.6457,-88.2761,10972,42
a0a30e,DAL1058,1765915381,36.6473,-88.2742,11277,42
a0a30e,DAL1058,1765915382,36.6488,-88.2726,10972,42
a0a30e,DAL1058,1765915383,36.6506,-88.2706,11277,42
a0a30e,DAL1058,1765915384,36.6523,-88.2685,10972,42
a0a30e,DAL1058,1765915385,36.654,-88.2667,11277,42
a0a30e,DAL1058,1765915390,36.6618,-88.2578,10972,42
a0a30e,DAL1058,1765915391,36.6641,-88.2552,11277,42
a0a30e,DAL1058,1765915395,36.6705,-88.2478,10972,42
a0a30e,DAL1058,1765915397,36.6738,-88.2441,11277,42
a0a30e,DAL1058,1765915401,36.6798,-88.2373,10972,42
a0a30e,DAL1058,1765915403,36.6831,-88.2335,11277,42
a0a30e,DAL1058,1765915404,36.6847,-88.2317,10972,42
a0a30e,DAL1058,1765915405,36.6868,-88.2293,11277,42
a0a30e,DAL1058,1765915413,36.6997,-88.2147,10972,42
a0a30e,DAL1058,1765915414,36.7013,-88.2128,11277,42
a0a30e,DAL1058,1765915417,36.7061,-88.2074,10972,42
a0a30e,DAL1058,1765915420,36.7108,-88.202,11277,42
a0a30e,DAL1058,1765915423,36.7158,-88.1963,10972,42
a0a30e,DAL1058,1765915424,36.7175,-88.1944,11277,42
a0a30e,DAL1058,1765915431,36.7289,-88.1814,10972,42
a0a30e,DAL1058,1765915432,36.7306,-88.1796,11277,42
a0a30e,DAL1058,1765915442,36.7468,-88.161,10972,42
a0a30e,DAL1058,1765915443,36.7483,-88.1593,11277,42
a0a30e,DAL1058,1765915444,36.7498,-88.1576,10972,42
a0a30e,DAL1058,1765915445,36.7514,-88.1558,11277,42
a0a30e,DAL1058,1765915446,36.7537,-88.1532,10972,42
a0a30e,DAL1058,1765915447,36.7555,-88.1511,11277,42
a0a30e,DAL1058,1765915448,36.7563,-88.1502,10972,42
a0a30e,DAL1058,1765915450,36.7596,-88.1465,11277,42
a0a30e,DAL1058,1765915452,36.7632,-88.1424,10972,42
a0a30e,DAL1058,1765915453,36.765,-88.1403,11277,42
a0a30e,DAL1058,1765915455,36.7679,-88.137,10972,42
a0a30e,DAL1058,1765915456,36.7695,-88.1351,11277,42
a0a30e,DAL1058,1765915459,36.7746,-88.1293,10972,42
a0a30e,DAL1058,1765915460,36.7763,-88.1275,11277,42
a0a30e,DAL1058,1765915462,36.7793,-88.1239,10972,42
a0a30e,DAL1058,1765915463,36.781,-88.1221,11277,42
a0a30e,DAL1058,1765915465,36.7844,-88.1181,10972,42
a0a30e,DAL1058,1765915467,36.7879,-88.1142,11277,42
a0a30e,DAL1058,1765915474,36.7991,-88.1014,10972,42
a0a30e,DAL1058,1765915475,36.8006,-88.0997,11277,42
a0a30e,DAL1058,1765915476,36.8022,-88.0978,10972,42
a0a30e,DAL1058,1765915477,36.8039,-88.0959,11277,42
a0a30e,DAL1058,1765915482,36.812,-88.0865,10972,42
a0a30e,DAL1058,1765915484,36.8153,-88.0828,11277,42
a0a30e,DAL1058,1765915486,36.8191,-88.0785,10972,42
a0a30e,DAL1058,1765915487,36.8207,-88.0766,11277,42
a0a30e,DAL1058,1765915493,36.8305,-88.0654,10972,42
a0a30e,DAL1058,1765915495,36.8338,-88.0617,11277,42
a0a30e,DAL1058,1765915496,36.8356,-88.0596,10972,42
a0a30e,DAL1058,1765915497,36.8364,-88.0587,11277,42
a0a30e,DAL1058,1765915498,36.838,-88.0568,10972,42
a0a30e,DAL1058,1765915499,36.8397,-88.055,11277,42
a0a30e,DAL1058,1765915506,36.8513,-88.0416,10972,42
a0a30e,DAL1058,1765915508,36.8548,-88.0377,11277,42
a0a30e,DAL1058,1765915509,36.8564,-88.0358,10972,42
a0a30e,DAL1058,1765915510,36.8581,-88.0339,11277,42
a0a30e,DAL1058,1765915511,36.8598,-88.0319,10972,42
a0a30e,DAL1058,1765915512,36.8613,-88.0302,11277,42
a0a30e,DAL1058,1765915514,36.8646,-88.0265,10972,42
a0a30e,DAL1058,1765915515,36.866,-88.0247,11277,42
a0a30e,DAL1058,1765915519,36.8728,-88.0171,10972,42
a0a30e,DAL1058,1765915520,36.8742,-88.0154,11277,42
a0a30e,DAL1058,1765915524,36.8814,-88.0072,10972,42
a0a30e,DAL1058,1765915525,36.8821,-88.0064,11277,42
a0a30e,DAL1058,1765915528,36.8878,-87.9998,10972,42
a0a30e,DAL1058,1765915529,36.8893,-87.9982,11277,42
a0a30e,DAL1058,1765915531,36.8925,-87.9944,10972,42
a0a30e,DAL1058,1765915532,36.8942,-87.9925,11277,42
a0a30e,DAL1058,1765915533,36.896,-87.9905,10972,42
a0a30e,DAL1058,1765915535,36.8991,-87.9869,11277,42
a0a30e,DAL1058,1765915537,36.9022,-87.9834,10972,42
a0a30e,DAL1058,1765915539,36.9056,-87.9795,11277,42
a0a30e,DAL1058,1765915541,36.9089,-87.9757,10972,42
a0a30e,DAL1058,1765915543,36.9123,-87.9718,11277,42
a0a30e,DAL1058,1765915547,36.9182,-87.9651,10972,42
a0a30e,DAL1058,1765915548,36.9198,-87.9632,11277,42
a0a30e,DAL1058,1765915550,36.9232,-87.9593,10972,42
a0a30e,DAL1058,1765915552,36.9266,-87.9554,11277,42
a0a30e,DAL1058,1765915555,36.9315,-87.9498,10972,42
a0a30e,DAL1058,1765915556,36.9333,-87.9477,11277,42
a0a30e,DAL1058,1765915557,36.9349,-87.9459,10972,42
a0a30e,DAL1058,1765915562,36.9425,-87.9371,11277,42
a0a30e,DAL1058,1765915564,36.9462,-87.9329,10972,42
a0a30e,DAL1058,1765915566,36.9496,-87.929,11277,42
a0a30e,DAL1058,1765915570,36.9561,-87.9215,10972,42
a0a30e,DAL1058,1765915571,36.9571,-87.9204,11277,42
a0a30e,DAL1058,1765915574,36.9626,-87.9141,10972,42
a0a30e,DAL1058,1765915575,36.9643,-87.9121,11277,42
a0a30e,DAL1058,1765915576,36.9658,-87.9104,10972,42
a0a30e,DAL1058,1765915577,36.9672,-87.9087,11277,42
a0a30e,DAL1058,1765915578,36.9685,-87.9072,10972,42
a0a30e,DAL1058,1765915579,36.9703,-87.9052,11277,42
a0a30e,DAL1058,1765915580,36.9717,-87.9035,10972,42
a0a30e,DAL1058,1765915581,36.9733,-87.9017,11277,42
a0a30e,DAL1058,1765915585,36.9801,-87.8939,10972,42
a0a30e,DAL1058,1765915586,36.9817,-87.892,11277,42
a0a30e,DAL1058,1765915587,36.9833,-87.8902,10972,42
a0a30e,DAL1058,1765915588,36.9851,-87.8882,11277,42
a0a30e,DAL1058,1765915589,36.9861,-87.887,10972,42
a0a30e,DAL1058,1765915590,36.9883,-87.8845,11277,42
a0a30e,DAL1058,1765915591,36.9893,-87.8833,10972,42
a0a30e,DAL1058,1765915593,36.9928,-87.8793,11277,42
a0a30e,DAL1058,1765915594,36.9943,-87.8777,10972,42
a0a30e,DAL1058,1765915595,36.9962,-87.8754,11277,42
a0a30e,DAL1058,1765915597,36.9997,-87.8713,10972,42
a0a30e,DAL1058,1765915598,37.0012,-87.8697,11277,42
a0a30e,DAL1058,1765915600,37.0044,-87.866,10972,42
a0a30e,DAL1058,1765915601,37.0052,-87.8651,11277,42
a0a30e,DAL1058,1765915603,37.0087,-87.861,10972,42
a0a30e,DAL1058,1765915604,37.0105,-87.859,11277,42
a0a30e,DAL1058,1765915606,37.0135,-87.8555,10972,42
a0a30e,DAL1058,1765915607,37.0154,-87.8533,11277,42
a0a30e,DAL1058,1765915611,37.0215,-87.8463,10972,42
a0a30e,DAL1058,1765915614,37.0266,-87.8404,11277,42
a0a30e,DAL1058,1765915615,37.0282,-87.8385,10972,42
a0a30e,DAL1058,1765915619,37.0343,-87.8315,11277,42
a0a30e,DAL1058,1765915620,37.0362,-87.8293,10972,42
a0a30e,DAL1058,1765915624,37.0422,-87.8224,11277,42
a0a30e,DAL1058,1765915625,37.0439,-87.8204,10972,42
a0a30e,DAL1058,1765915629,37.0505,-87.8129,11277,42
a0a30e,DAL1058,1765915635,37.0605,-87.8014,10972,42
a0a30e,DAL1058,1765915636,37.0614,-87.8003,11277,42
a0a30e,DAL1058,1765915642,37.0717,-87.7884,10972,42
a0a30e,DAL1058,1765915643,37.0734,-87.7866,11277,42
a0a30e,DAL1058,1765915649,37.0827,-87.7757,10972,42
a0a30e,DAL1058,1765915650,37.0843,-87.7739,11277,42
a0a30e,DAL1058,1765915658,37.0975,-87.7586,10972,42
a0a30e,DAL1058,1765915659,37.0992,-87.7568,11277,42
a0a30e,DAL1058,1765915666,37.1103,-87.7439,10972,42
a0a30e,DAL1058,1765915668,37.1131,-87.7407,11277,42
a0a30e,DAL1058,1765915669,37.1148,-87.7386,10972,42
a0a30e,DAL1058,1765915670,37.1168,-87.7364,11277,42
a0a30e,DAL1058,1765915671,37.1184,-87.7345,10972,42
a0a30e,DAL1058,1765915673,37.1215,-87.731,11277,42
a0a30e,DAL1058,1765915675,37.1252,-87.7266,10972,42
a0a30e,DAL1058,1765915676,37.126,-87.7257,11277,42
a0a30e,DAL1058,1765915681,37.1344,-87.7159,10972,42
a0a30e,DAL1058,1765915683,37.1382,-87.7116,11277,42
a0a30e,DAL1058,1765915684,37.139,-87.7107,10972,42
a0a30e,DAL1058,1765915685,37.1413,-87.708,11277,42
a0a30e,DAL1058,1765915686,37.1428,-87.7064,10972,42
a0a30e,DAL1058,1765915688,37.146,-87.7026,11277,42
a0a30e,DAL1058,1765915689,37.1468,-87.7016,10972,42
a0a30e,DAL1058,1765915690,37.1493,-87.6988,11277,42
a0a30e,DAL1058,1765915691,37.1507,-87.6971,10972,42
a0a30e,DAL1058,1765915692,37.1524,-87.6953,11277,42
a0a30e,DAL1058,1765915693,37.154,-87.6933,10972,42
a0a30e,DAL1058,1765915694,37.1556,-87.6915,11277,42
a0a30e,DAL1058,1765915695,37.1573,-87.6896,10972,42
a0a30e,DAL1058,1765915698,37.162,-87.6841,11277,42
a0a30e,DAL1058,1765915699,37.1641,-87.6816,10972,42
a0a30e,DAL1058,1765915700,37.1651,-87.6805,11277,42
a0a30e,DAL1058,1765915720,37.1983,-87.6421,10972,42
a0a30e,DAL1058,1765915722,37.202,-87.6381,11277,41
a0a30e,DAL1058,1765915723,37.2035,-87.6364,10972,40
a0a30e,DAL1058,1765915724,37.2052,-87.6347,11277,39
a0a30e,DAL1058,1765915726,37.2079,-87.6318,10972,39
a0a30e,DAL1058,1765915727,37.2104,-87.6294,11277,38
a0a30e,DAL1058,1765915728,37.2121,-87.6277,11277,37
a0a30e,DAL1058,1765915732,37.2189,-87.6214,10972,35
a0a30e,DAL1058,1765915733,37.2205,-87.62,11277,35
a0a30e,DAL1058,1765915735,37.2243,-87.6167,10972,33
a0a30e,DAL1058,1765915736,37.2261,-87.6152,11277,33
a0a30e,DAL1058,1765915737,37.228,-87.6137,10972,32
a0a30e,DAL1058,1765915738,37.2299,-87.6122,11277,32
a0a30e,DAL1058,1765915741,37.235,-87.6083,10972,30
a0a30e,DAL1058,1765915742,37.238,-87.606,11277,30
a0a30e,DAL1058,1765915744,37.2416,-87.6034,10972,30
a0a30e,DAL1058,1765915745,37.2427,-87.6026,11277,30
a0a30e,DAL1058,1765915747,37.2465,-87.5998,10972,29
a0a30e,DAL1058,1765915748,37.2484,-87.5985,11277,29
a0a30e,DAL1058,1765915749,37.2504,-87.5971,10972,29
a0a30e,DAL1058,1765915750,37.2523,-87.5958,11277,29
a0a30e,DAL1058,1765915751,37.2549,-87.5939,10972,29
a0a30e,DAL1058,1765915753,37.258,-87.5917,11277,29
a0a30e,DAL1058,1765915755,37.262,-87.5889,10972,29
a0a30e,DAL1058,1765915756,37.2639,-87.5876,11277,29
a0a30e,DAL1058,1765915764,37.2794,-87.5768,10972,29
a0a30e,DAL1058,1765915766,37.2831,-87.5742,11277,29
a0a30e,DAL1058,1765915769,37.2888,-87.5703,10972,29
a0a30e,DAL1058,1765915770,37.2907,-87.5689,11277,29
a0a30e,DAL1058,1765915772,37.2947,-87.5662,10972,29
a0a30e,DAL1058,1765915773,37.2966,-87.5649,11277,29
a0a30e,DAL1058,1765915775,37.3001,-87.5625,10972,29
a0a30e,DAL1058,1765915776,37.302,-87.5611,11277,29
a0a30e,DAL1058,1765915777,37.3039,-87.5598,10972,29
a0a30e,DAL1058,1765915778,37.306,-87.5583,11277,29
a0a30e,DAL1058,1765915779,37.3085,-87.5566,10972,29
a0a30e,DAL1058,1765915780,37.31,-87.5555,11277,29
a0a30e,DAL1058,1765915781,37.3119,-87.5542,10972,29
a0a30e,DAL1058,1765915784,37.3178,-87.5501,11277,29
a0a30e,DAL1058,1765915786,37.3218,-87.5474,10972,29
a0a30e,DAL1058,1765915787,37.3237,-87.546,11277,29
a0a30e,DAL1058,1765915788,37.3247,-87.5454,10972,29
a0a30e,DAL1058,1765915789,37.3275,-87.5434,11277,29
a0a30e,DAL1058,1765915792,37.3326,-87.5398,10972,29
a0a30e,DAL1058,1765915793,37.3346,-87.5385,11277,29
a0a30e,DAL1058,1765915795,37.3386,-87.5357,10972,29
a0a30e,DAL1058,1765915796,37.3405,-87.5343,11277,29
a0a30e,DAL1058,1765915797,37.3422,-87.5332,10972,29
a0a30e,DAL1058,1765915799,37.3458,-87.5306,11277,29
a0a30e,DAL1058,1765915801,37.3502,-87.5276,10972,29
a0a30e,DAL1058,1765915804,37.3559,-87.5236,11277,29
a0a30e,DAL1058,1765915807,37.3614,-87.5198,10972,29
a0a30e,DAL1058,1765915808,37.3635,-87.5183,11277,29
a0a30e,DAL1058,1765915814,37.3747,-87.5105,10972,29
a0a30e,DAL1058,1765915815,37.3766,-87.5091,11277,29
a0a30e,DAL1058,1765915816,37.3785,-87.5078,10972,29
a0a30e,DAL1058,1765915817,37.3804,-87.5065,11277,29
a0a30e,DAL1058,1765915823,37.3922,-87.4982,10972,29
a0a30e,DAL1058,1765915824,37.3941,-87.4969,11277,29
a0a30e,DAL1058,1765915827,37.3996,-87.493,10972,29
a0a30e,DAL1058,1765915828,37.4017,-87.4915,11277,29
a0a30e,DAL1058,1765915836,37.4163,-87.4813,10972,29
a0a30e,DAL1058,1765915837,37.4182,-87.48,11277,29
a0a30e,DAL1058,1765915841,37.4258,-87.4746,10972,29
a0a30e,DAL1058,1765915842,37.4277,-87.4733,11277,29
a0a30e,DAL1058,1765915844,37.4317,-87.4705,10972,29
a0a30e,DAL1058,1765915846,37.4359,-87.4676,11277,29
a0a30e,DAL1058,1765915848,37.4394,-87.465,10972,29
a0a30e,DAL1058,1765915849,37.4406,-87.4643,11277,29
a0a30e,DAL1058,1765915851,37.4454,-87.4609,10972,29
a0a30e,DAL1058,1765915854,37.4508,-87.4571,11277,29
a0a30e,DAL1058,1765915861,37.4642,-87.4477,10972,29
a0a30e,DAL1058,1765915862,37.4658,-87.4466,11277,29
a0a30e,DAL1058,1765915863,37.468,-87.4451,10972,29
a0a30e,DAL1058,1765915864,37.47,-87.4436,11277,29
a0a30e,DAL1058,1765915866,37.474,-87.4408,10972,29
a0a30e,DAL1058,1765915868,37.4776,-87.4383,11277,29
a0a30e,DAL1058,1765915872,37.485,-87.4331,10972,29
a0a30e,DAL1058,1765915873,37.4871,-87.4316,11277,29
a0a30e,DAL1058,1765915875,37.4905,-87.4293,10972,29
a0a30e,DAL1058,1765915878,37.4962,-87.4253,11277,29
a0a30e,DAL1058,1765915881,37.5023,-87.421,10972,29
a0a30e,DAL1058,1765915882,37.5042,-87.4197,11277,29
a0a30e,DAL1058,1765915885,37.5099,-87.4157,10972,29
a0a30e,DAL1058,1765915886,37.5119,-87.4142,11277,29
a0a30e,DAL1058,1765915889,37.5169,-87.4108,10972,29
a0a30e,DAL1058,1765915890,37.519,-87.4093,11277,29
a0a30e,DAL1058,1765915894,37.5268,-87.4038,10972,29
a0a30e,DAL1058,1765915896,37.5304,-87.4013,11277,29
a0a30e,DAL1058,1765915900,37.5383,-87.3958,10972,29
a0a30e,DAL1058,1765915901,37.5399,-87.3947,11277,29
a0a30e,DAL1058,1765915905,37.5471,-87.3896,10972,29
a0a30e,DAL1058,1765915907,37.551,-87.3868,11277,29
a0a30e,DAL1058,1765915909,37.555,-87.384,10972,29
a0a30e,DAL1058,1765915911,37.5581,-87.3819,11277,29
a0a30e,DAL1058,1765915915,37.5667,-87.3758,10972,29
a0a30e,DAL1058,1765915916,37.5686,-87.3745,11277,29
a0a30e,DAL1058,1765915917,37.5703,-87.3733,10972,29
a0a30e,DAL1058,1765915919,37.5741,-87.3706,11277,29
a0a30e,DAL1058,1765915920,37.5758,-87.3694,10972,29
a0a30e,DAL1058,1765915923,37.5815,-87.3654,11277,29
a0a30e,DAL1058,1765915925,37.5841,-87.3636,10972,29
a0a30e,DAL1058,1765915925,37.5851,-87.3629,11277,29
a0a30e,DAL1058,1765915926,37.5878,-87.361,10972,29
a0a30e,DAL1058,1765915928,37.591,-87.3587,11277,29
a0a30e,DAL1058,1765915929,37.5929,-87.3574,10972,29
a0a30e,DAL1058,1765915930,37.5948,-87.3561,11277,29
a0a30e,DAL1058,1765915932,37.5985,-87.3535,10972,29
a0a30e,DAL1058,1765915934,37.6027,-87.3506,11277,29
a0a30e,DAL1058,1765915940,37.6134,-87.3432,10972,28
a0a30e,DAL1058,1765915941,37.616,-87.3413,11277,28
a0a30e,DAL1058,1765915944,37.6214,-87.3376,10972,28
a0a30e,DAL1058,1765915945,37.6243,-87.3356,11277,28
a0a30e,DAL1058,1765915951,37.6356,-87.3278,10972,28
a0a30e,DAL1058,1765915952,37.6373,-87.3266,11277,28
a0a30e,DAL1058,1765915954,37.6411,-87.324,10972,28
a0a30e,DAL1058,1765915955,37.6433,-87.3225,11277,28
a0a30e,DAL1058,1765915958,37.649,-87.3186,10972,28
a0a30e,DAL1058,1765915959,37.65,-87.3179,11277,28
a0a30e,DAL1058,1765915961,37.6546,-87.3147,10972,28
a0a30e,DAL1058,1765915962,37.6569,-87.3131,11277,28
a0a30e,DAL1058,1765915964,37.6604,-87.3107,10972,28
a0a30e,DAL1058,1765915965,37.6621,-87.3095,11277,28
a0a30e,DAL1058,1765915969,37.6697,-87.3042,10972,28
a0a30e,DAL1058,1765915970,37.6717,-87.3029,11277,28
a0a30e,DAL1058,1765915980,37.6911,-87.2895,10972,28
a0a30e,DAL1058,1765915981,37.693,-87.2882,11277,28
a0a30e,DAL1058,1765915987,37.7046,-87.2802,10972,28
a0a30e,DAL1058,1765915988,37.7061,-87.2792,11277,28
a0a30e,DAL1058,1765915989,37.7072,-87.2784,10972,28
a0a30e,DAL1058,1765915990,37.7099,-87.2766,11277,28
a0a30e,DAL1058,1765915992,37.7134,-87.2742,10972,28
a0a30e,DAL1058,1765915993,37.7153,-87.2728,11277,28
a0a30e,DAL1058,1765915995,37.7202,-87.2695,10972,28
a0a30e,DAL1058,1765915996,37.7221,-87.2682,11277,28
a0a30e,DAL1058,1765915997,37.724,-87.2669,10972,28
a0a30e,DAL1058,1765915998,37.7257,-87.2657,11277,28
a0a30e,DAL1058,1765915999,37.7276,-87.2643,10972,29
a0a30e,DAL1058,1765916002,37.7334,-87.2603,11277,30
a0a30e,DAL1058,1765916004,37.7373,-87.2572,10972,30
a0a30e,DAL1058,1765916005,37.7392,-87.2558,11277,31
a0a30e,DAL1058,1765916006,37.7409,-87.2545,10972,32
a0a30e,DAL1058,1765916007,37.7418,-87.2538,10972,32
a0a30e,DAL1058,1765916011,37.7492,-87.2476,11277,34
a0a30e,DAL1058,1765916012,37.7519,-87.2452,10972,35
a0a30e,DAL1058,1765916013,37.7536,-87.2436,11277,35
a0a30e,DAL1058,1765916014,37.7554,-87.242,11277,36
a0a30e,DAL1058,1765916018,37.7624,-87.2351,11277,38
a0a30e,DAL1058,1765916021,37.7675,-87.2298,10972,40
a0a30e,DAL1058,1765916024,37.7727,-87.224,11277,42
a0a30e,DAL1058,1765916025,37.7743,-87.2221,10972,42
a0a30e,DAL1058,1765916028,37.7793,-87.2161,11277,43
a0a30e,DAL1058,1765916029,37.7809,-87.2142,10972,44
a0a30e,DAL1058,1765916033,37.7868,-87.2069,11277,44
a0a30e,DAL1058,1765916036,37.7916,-87.2008,10972,45
a0a30e,DAL1058,1765916037,37.7931,-87.199,11277,45
a0a30e,DAL1058,1765916040,37.7977,-87.193,10972,45
a0a30e,DAL1058,1765916041,37.7991,-87.1912,11277,45
a0a30e,DAL1058,1765916042,37.801,-87.1888,10972,45
a0a30e,DAL1058,1765916043,37.8026,-87.1868,11277,45
a0a30e,DAL1058,1765916048,37.8105,-87.1766,10972,45
a0a30e,DAL1058,1765916049,37.8121,-87.1745,11277,45
a0a30e,DAL1058,1765916054,37.8197,-87.1647,10972,45
a0a30e,DAL1058,1765916055,37.8212,-87.1627,11277,45
a0a30e,DAL1058,1765916058,37.8257,-87.1569,10972,45
a0a30e,DAL1058,1765916060,37.8293,-87.1523,11277,45
a0a30e,DAL1058,1765916062,37.8322,-87.1485,10972,45
a0a30e,DAL1058,1765916063,37.8336,-87.1467,11277,45
a0a30e,DAL1058,1765916067,37.8396,-87.1388,10972,45
a0a30e,DAL1058,1765916068,37.8412,-87.1368,11277,45
a0a30e,DAL1058,1765916069,37.8426,-87.135,10972,45
a0a30e,DAL1058,1765916070,37.8441,-87.133,11277,45
a0a30e,DAL1058,1765916073,37.8488,-87.127,10972,45
a0a30e,DAL1058,1765916075,37.8522,-87.1225,11277,45
a0a30e,DAL1058,1765916087,37.8707,-87.0984,10972,45
a0a30e,DAL1058,1765916088,37.8721,-87.0966,11277,45
a0a30e,DAL1058,1765916094,37.8812,-87.0848,10972,45
a0a30e,DAL1058,1765916095,37.8828,-87.0828,11277,45
a0a30e,DAL1058,1765916096,37.8847,-87.0804,10972,45
a0a30e,DAL1058,1765916097,37.886,-87.0785,11277,45
a0a30e,DAL1058,1765916098,37.8876,-87.0766,10972,45
a0a30e,DAL1058,1765916099,37.8891,-87.0745,11277,45
a0a30e,DAL1058,1765916100,37.8908,-87.0723,10972,45
a0a30e,DAL1058,1765916102,37.8939,-87.0683,11277,45
a0a30e,DAL1058,1765916103,37.8955,-87.0663,10972,45
a0a30e,DAL1058,1765916105,37.8984,-87.0625,11277,45
a0a30e,DAL1058,1765916109,37.9046,-87.0545,10972,45
a0a30e,DAL1058,1765916110,37.9061,-87.0524,11277,45
a0a30e,DAL1058,1765916112,37.9094,-87.0482,10972,45
a0a30e,DAL1058,1765916113,37.9109,-87.0462,11277,45
a0a30e,DAL1058,1765916114,37.9126,-87.044,10972,45
a0a30e,DAL1058,1765916117,37.9169,-87.0384,11277,45
a0a30e,DAL1058,1765916119,37.9202,-87.0342,10972,45
a0a30e,DAL1058,1765916120,37.9217,-87.0322,11277,45
a0a30e,DAL1058,1765916122,37.9248,-87.0281,10972,45
a0a30e,DAL1058,1765916126,37.9305,-87.0207,11277,45
a0a30e,DAL1058,1765916128,37.9336,-87.0167,10972,45
a0a30e,DAL1058,1765916129,37.9353,-87.0145,11277,45
a0a30e,DAL1058,1765916131,37.9384,-87.0104,10972,45
a0a30e,DAL1058,1765916132,37.9401,-87.0083,11277,45
a0a30e,DAL1058,1765916133,37.9417,-87.0062,10972,45
a0a30e,DAL1058,1765916134,37.9433,-87.004,11277,45
a0a30e,DAL1058,1765916139,37.9508,-86.9944,10972,45
a0a30e,DAL1058,1765916140,37.9523,-86.9923,11277,45
a0a30e,DAL1058,1765916142,37.9552,-86.9885,10972,45
a0a30e,DAL1058,1765916143,37.9569,-86.9863,11277,45
a0a30e,DAL1058,1765916145,37.9601,-86.9823,10972,45
a0a30e,DAL1058,1765916146,37.9616,-86.9802,11277,45
a0a30e,DAL1058,1765916147,37.9631,-86.9782,10972,45
a0a30e,DAL1058,1765916148,37.9647,-86.9762,11277,45
a0a30e,DAL1058,1765916149,37.9664,-86.974,10972,45
a0a30e,DAL1058,1765916153,37.9727,-86.9657,11277,45
a0a30e,DAL1058,1765916154,37.9743,-86.9637,10972,45
a0a30e,DAL1058,1765916155,37.9758,-86.9616,11277,45
a0a30e,DAL1058,1765916158,37.98,-86.9562,10972,45
a0a30e,DAL1058,1765916159,37.9816,-86.9542,11277,45
a0a30e,DAL1058,1765916160,37.9831,-86.9521,10972,45
a0a30e,DAL1058,1765916161,37.9848,-86.9499,11277,45
a0a30e,DAL1058,1765916165,37.9911,-86.9416,10972,45
a0a30e,DAL1058,1765916167,37.9944,-86.9374,11277,45
a0a30e,DAL1058,1765916169,37.9969,-86.9342,10972,45
a0a30e,DAL1058,1765916170,37.9989,-86.9315,11277,45
a0a30e,DAL1058,1765916177,38.0102,-86.9168,10972,46
a0a30e,DAL1058,1765916178,38.011,-86.9157,11277,46
a0a30e,DAL1058,1765916179,38.0128,-86.9133,10972,46
a0a30e,DAL1058,1765916181,38.0156,-86.9097,11277,46
a0a30e,DAL1058,1765916190,38.0299,-86.891,10972,46
a0a30e,DAL1058,1765916191,38.0315,-86.889,11277,45
a0a30e,DAL1058,1765916192,38.0332,-86.8867,10972,45
a0a30e,DAL1058,1765916193,38.0345,-86.8849,11277,45
a0a30e,DAL1058,1765916199,38.0442,-86.8723,10972,46
a0a30e,DAL1058,1765916202,38.048,-86.8672,11277,46
a0a30e,DAL1058,1765916204,38.0519,-86.8621,10972,46
a0a30e,DAL1058,1765916206,38.0552,-86.8579,11277,46
a0a30e,DAL1058,1765916211,38.0628,-86.8479,10972,46
a0a30e,DAL1058,1765916213,38.0654,-86.8444,11277,46
a0a30e,DAL1058,1765916218,38.0733,-86.8341,10972,46
a0a30e,DAL1058,1765916220,38.0766,-86.8298,11277,46
a0a30e,DAL1058,1765916222,38.0797,-86.8257,10972,46
a0a30e,DAL1058,1765916223,38.0806,-86.8245,11277,46
a0a30e,DAL1058,1765916224,38.0828,-86.8217,10972,46
a0a30e,DAL1058,1765916225,38.0843,-86.8196,11277,46
a0a30e,DAL1058,1765916227,38.0873,-86.8158,10972,46
a0a30e,DAL1058,1765916228,38.0888,-86.8137,11277,46
a0a30e,DAL1058,1765916230,38.0919,-86.8097,10972,46
a0a30e,DAL1058,1765916232,38.0948,-86.8058,11277,46
a0a30e,DAL1058,1765916233,38.0964,-86.8038,10972,46
a0a30e,DAL1058,1765916234,38.0981,-86.8015,11277,46
a0a30e,DAL1058,1765916236,38.1013,-86.7973,10972,46
a0a30e,DAL1058,1765916237,38.1029,-86.7953,11277,46
a0a30e,DAL1058,1765916238,38.1044,-86.7932,10972,46
a0a30e,DAL1058,1765916239,38.106,-86.7912,11277,46
a0a30e,DAL1058,1765916241,38.1089,-86.7873,10972,46
a0a30e,DAL1058,1765916243,38.1117,-86.7837,11277,46
a0a30e,DAL1058,1765916244,38.1132,-86.7816,10972,46
a0a30e,DAL1058,1765916245,38.1148,-86.7796,11277,46
a0a30e,DAL1058,1765916251,38.1244,-86.767,10972,46
a0a30e,DAL1058,1765916252,38.1258,-86.7652,11277,46
a0a30e,DAL1058,1765916260,38.1386,-86.7483,10972,46
a0a30e,DAL1058,1765916262,38.1415,-86.7445,11277,46
a0a30e,DAL1058,1765916265,38.1464,-86.738,10972,46
a0a30e,DAL1058,1765916266,38.147,-86.7372,11277,46
a0a30e,DAL1058,1765916270,38.1538,-86.7282,10972,46
a0a30e,DAL1058,1765916271,38.1551,-86.7266,11277,46
a0a30e,DAL1058,1765916272,38.1568,-86.7244,10972,46
a0a30e,DAL1058,1765916273,38.1581,-86.7226,11277,46
a0a30e,DAL1058,1765916279,38.168,-86.7095,10972,46
a0a30e,DAL1058,1765916281,38.1705,-86.7063,11277,46
a0a30e,DAL1058,1765916282,38.172,-86.7043,10972,46
a0a30e,DAL1058,1765916283,38.1737,-86.7021,11277,46
a0a30e,DAL1058,1765916285,38.1766,-86.6982,10972,46
a0a30e,DAL1058,1765916286,38.1782,-86.6962,11277,46
a0a30e,DAL1058,1765916288,38.1811,-86.6923,10972,46
a0a30e,DAL1058,1765916289,38.1826,-86.6903,11277,46
a0a30e,DAL1058,1765916290,38.1841,-86.6883,10972,46
a0a30e,DAL1058,1765916293,38.1889,-86.682,11277,46
a0a30e,DAL1058,1765916299,38.198,-86.67,10972,46
a0a30e,DAL1058,1765916300,38.1997,-86.6678,11277,46
a0a30e,DAL1058,1765916305,38.208,-86.6568,10972,46
a0a30e,DAL1058,1765916306,38.2092,-86.6552,11277,46
a0a30e,DAL1058,1765916309,38.2132,-86.6499,10972,46
a0a30e,DAL1058,1765916311,38.2167,-86.6453,11277,46
a0a30e,DAL1058,1765916313,38.2201,-86.6408,10972,46
a0a30e,DAL1058,1765916314,38.2215,-86.639,11277,46
a0a30e,DAL1058,1765916315,38.223,-86.637,10972,46
a0a30e,DAL1058,1765916316,38.224,-86.6357,11277,46
a0a30e,DAL1058,1765916318,38.2278,-86.6307,10972,46
a0a30e,DAL1058,1765916319,38.2292,-86.6288,11277,46
a0a30e,DAL1058,1765916320,38.2309,-86.6266,10972,46
a0a30e,DAL1058,1765916321,38.2324,-86.6246,11277,46
a0a30e,DAL1058,1765916326,38.2399,-86.6146,10972,46
a0a30e,DAL1058,1765916327,38.2415,-86.6126,11277,46
a0a30e,DAL1058,1765916328,38.2422,-86.6116,10972,46
a0a30e,DAL1058,1765916329,38.2438,-86.6095,11277,46
a0a30e,DAL1058,1765916332,38.249,-86.6027,10972,46
a0a30e,DAL1058,1765916335,38.2536,-86.5966,11277,46
a0a30e,DAL1058,1765916336,38.2553,-86.5943,10972,46
a0a30e,DAL1058,1765916340,38.2618,-86.5858,11277,46
a0a30e,DAL1058,1765916341,38.2632,-86.5839,10972,46
a0a30e,DAL1058,1765916343,38.2647,-86.5819,11277,46
a0a30e,DAL1058,1765916348,38.2739,-86.5696,10972,46
a0a30e,DAL1058,1765916349,38.2749,-86.5684,11277,46
a0a30e,DAL1058,1765916353,38.2817,-86.5595,10972,46
a0a30e,DAL1058,1765916355,38.2846,-86.5556,11277,46
a0a30e,DAL1058,1765916357,38.2874,-86.5519,10972,46
a0a30e,DAL1058,1765916358,38.2889,-86.5499,11277,46
a0a30e,DAL1058,1765916379,38.3217,-86.5063,10972,46
a0a30e,DAL1058,1765916380,38.3231,-86.5045,11277,46
a0a30e,DAL1058,1765916383,38.3273,-86.4989,10972,46
a0a30e,DAL1058,1765916384,38.3288,-86.4969,11277,46
a0a30e,DAL1058,1765916385,38.3307,-86.4945,10972,46
a0a30e,DAL1058,1765916386,38.3321,-86.4926,11277,46
a0a30e,DAL1058,1765916389,38.3367,-86.4865,10972,46
a0a30e,DAL1058,1765916390,38.3381,-86.4846,11277,46
a0a30e,DAL1058,1765916394,38.3444,-86.4763,10972,46
a0a30e,DAL1058,1765916395,38.3459,-86.4742,11277,46
a0a30e,DAL1058,1765916396,38.3475,-86.4722,10972,46
a0a30e,DAL1058,1765916397,38.3489,-86.4703,11277,46
a0a30e,DAL1058,1765916399,38.3521,-86.466,10972,46
a0a30e,DAL1058,1765916400,38.3535,-86.4641,11277,46
a0a30e,DAL1058,1765916408,38.3663,-86.4472,10972,46
a0a30e,DAL1058,1765916409,38.3678,-86.4452,11277,46
a0a30e,DAL1058,1765916411,38.3709,-86.4411,10972,46
a0a30e,DAL1058,1765916413,38.3738,-86.4372,11277,46
a0a30e,DAL1058,1765916420,38.3847,-86.4227,10972,46
a0a30e,DAL1058,1765916422,38.3877,-86.4186,11277,46
a0a30e,DAL1058,1765916423,38.3893,-86.4166,10972,46
a0a30e,DAL1058,1765916425,38.3922,-86.4127,11277,46
a0a30e,DAL1058,1765916435,38.4075,-86.3924,10972,46
a0a30e,DAL1058,1765916436,38.409,-86.3903,11277,46
a0a30e,DAL1058,1765916440,38.4155,-86.3818,10972,46
a0a30e,DAL1058,1765916443,38.42,-86.3757,11277,46
a0a30e,DAL1058,1765916447,38.4257,-86.3681,10972,46
a0a30e,DAL1058,1765916449,38.4288,-86.3641,11277,46
a0a30e,DAL1058,1765916455,38.438,-86.3517,10972,46
a0a30e,DAL1058,1765916456,38.4396,-86.3497,11277,46
a0a30e,DAL1058,1765916457,38.4413,-86.3474,10972,46
a0a30e,DAL1058,1765916458,38.4424,-86.3458,11277,46
a0a30e,DAL1058,1765916459,38.4438,-86.3439,10972,46
a0a30e,DAL1058,1765916460,38.4454,-86.3419,11277,46
a0a30e,DAL1058,1765916464,38.4513,-86.334,10972,46
a0a30e,DAL1058,1765916465,38.4528,-86.332,11277,46
a0a30e,DAL1058,1765916468,38.4582,-86.3249,10972,46
a0a30e,DAL1058,1765916469,38.4596,-86.3229,11277,46
a0a30e,DAL1058,1765916471,38.4621,-86.3196,10972,46
a0a30e,DAL1058,1765916472,38.4636,-86.3176,11277,46
a0a30e,DAL1058,1765916474,38.4673,-86.3127,10972,46
a0a30e,DAL1058,1765916475,38.468,-86.3117,11277,46
a0a30e,DAL1058,1765916480,38.4759,-86.3012,10972,46
a0a30e,DAL1058,1765916481,38.4774,-86.2992,11277,46
a0a30e,DAL1058,1765916484,38.4821,-86.2928,10972,46
a0a30e,DAL1058,1765916485,38.4833,-86.2912,11277,46
a0a30e,DAL1058,1765916486,38.4855,-86.2884,10972,46
a0a30e,DAL1058,1765916487,38.487,-86.2864,11277,46
a0a30e,DAL1058,1765916488,38.4885,-86.2844,10972,46
a0a30e,DAL1058,1765916490,38.4915,-86.2803,11277,46
a0a30e,DAL1058,1765916492,38.4947,-86.2761,10972,46
a0a30e,DAL1058,1765916495,38.4985,-86.2709,11277,46
a0a30e,DAL1058,1765916498,38.5031,-86.2649,10972,46
a0a30e,DAL1058,1765916499,38.5046,-86.2629,11277,46
a0a30e,DAL1058,1765916501,38.5081,-86.2582,10972,46
a0a30e,DAL1058,1765916502,38.5096,-86.2562,11277,46
a0a30e,DAL1058,1765916521,38.5376,-86.2188,10972,46
a0a30e,DAL1058,1765916522,38.5398,-86.2157,11277,46
a0a30e,DAL1058,1765916524,38.5428,-86.2117,10972,46
a0a30e,DAL1058,1765916525,38.5442,-86.2098,11277,46
a0a30e,DAL1058,1765916528,38.5487,-86.2038,10972,46
a0a30e,DAL1058,1765916529,38.5503,-86.2017,11277,46
a0a30e,DAL1058,1765916532,38.5548,-86.1957,10972,46
a0a30e,DAL1058,1765916533,38.5563,-86.1937,11277,46
a0a30e,DAL1058,1765916535,38.559,-86.19,10972,46
a0a30e,DAL1058,1765916538,38.5635,-86.184,11277,46
a0a30e,DAL1058,1765916544,38.5729,-86.1714,10972,46
a0a30e,DAL1058,1765916546,38.5757,-86.1677,11277,46
a0a30e,DAL1058,1765916560,38.5969,-86.1392,10972,46
a0a30e,DAL1058,1765916563,38.6012,-86.1335,11277,46
a0a30e,DAL1058,1765916569,38.6108,-86.1205,10972,46
a0a30e,DAL1058,1765916571,38.614,-86.1163,11277,46
a0a30e,DAL1058,1765916573,38.6169,-86.1124,10972,46
a0a30e,DAL1058,1765916575,38.6197,-86.1086,11277,46
a0a30e,DAL1058,1765916597,38.6525,-86.0645,10972,46
a0a30e,DAL1058,1765916599,38.6561,-86.0597,11277,46
a0a30e,DAL1058,1765916600,38.6574,-86.0579,10972,46
a0a30e,DAL1058,1765916601,38.659,-86.0558,11277,46
a0a30e,DAL1058,1765916605,38.665,-86.0477,10972,46
a0a30e,DAL1058,1765916607,38.6685,-86.043,11277,46
a0a30e,DAL1058,1765916611,38.6741,-86.0355,10972,46
a0a30e,DAL1058,1765916613,38.6772,-86.0312,11277,46
a0a30e,DAL1058,1765916617,38.6833,-86.0231,10972,46
a0a30e,DAL1058,1765916618,38.6848,-86.021,11277,46
a0a30e,DAL1058,1765916619,38.6864,-86.0188,10972,46
a0a30e,DAL1058,1765916621,38.6893,-86.0149,11277,46
a0a30e,DAL1058,1765916625,38.6955,-86.0065,10972,46
a0a30e,DAL1058,1765916626,38.6964,-86.0053,11277,46
a0a30e,DAL1058,1765916629,38.7008,-85.9994,10972,46
a0a30e,DAL1058,1765916631,38.7041,-85.9949,11277,46
a0a30e,DAL1058,1765916634,38.7091,-85.9882,10972,46
a0a30e,DAL1058,1765916635,38.7105,-85.9863,11277,46
a0a30e,DAL1058,1765916636,38.712,-85.9843,10972,46
a0a30e,DAL1058,1765916637,38.7135,-85.9823,11277,46
a0a30e,DAL1058,1765916642,38.7206,-85.9727,10972,46
a0a30e,DAL1058,1765916643,38.7228,-85.9698,11277,46
a0a30e,DAL1058,1765916645,38.7259,-85.9656,10972,46
a0a30e,DAL1058,1765916648,38.7297,-85.9604,11277,46
a0a30e,DAL1058,1765916649,38.7315,-85.958,10972,46
a0a30e,DAL1058,1765916650,38.733,-85.9559,11277,46
a0a30e,DAL1058,1765916652,38.7361,-85.9518,10972,46
a0a30e,DAL1058,1765916653,38.7376,-85.9498,11277,46
a0a30e,DAL1058,1765916656,38.7421,-85.9437,10972,46
a0a30e,DAL1058,1765916657,38.7437,-85.9417,11277,46
a0a30e,DAL1058,1765916658,38.7451,-85.9396,10972,46
a0a30e,DAL1058,1765916659,38.7468,-85.9373,11277,46
a0a30e,DAL1058,1765916661,38.7497,-85.9335,10972,46
a0a30e,DAL1058,1765916662,38.7512,-85.9314,11277,46
a0a30e,DAL1058,1765916663,38.7527,-85.9293,10972,46
a0a30e,DAL1058,1765916666,38.7576,-85.9228,11277,46
a0a30e,DAL1058,1765916671,38.7647,-85.9131,10972,46
a0a30e,DAL1058,1765916672,38.7662,-85.9111,11277,46
a0a30e,DAL1058,1765916675,38.7709,-85.9048,10972,46
a0a30e,DAL1058,1765916676,38.7724,-85.9027,11277,46
a0a30e,DAL1058,1765916677,38.7736,-85.9011,10972,46
a0a30e,DAL1058,1765916679,38.777,-85.8965,11277,46
a0a30e,DAL1058,1765916702,38.8118,-85.8495,10972,46
a0a30e,DAL1058,1765916704,38.8148,-85.8454,11277,46
a0a30e,DAL1058,1765916711,38.8237,-85.8333,10972,46
a0a30e,DAL1058,1765916711,38.8259,-85.8304,11277,46
a0a30e,DAL1058,1765916713,38.8288,-85.8264,10972,46
a0a30e,DAL1058,1765916714,38.8303,-85.8244,11277,46
a0a30e,DAL1058,1765916716,38.8325,-85.8213,10972,46
a0a30e,DAL1058,1765916717,38.835,-85.8181,11277,46
a0a30e,DAL1058,1765916718,38.8365,-85.816,10972,46
a0a30e,DAL1058,1765916719,38.838,-85.8139,11277,46
a0a30e,DAL1058,1765916720,38.8394,-85.8121,10972,46
a0a30e,DAL1058,1765916721,38.8409,-85.81,11277,46
a0a30e,DAL1058,1765916723,38.8438,-85.8061,10972,46
a0a30e,DAL1058,1765916726,38.8488,-85.7993,11277,46
a0a30e,DAL1058,1765916728,38.8517,-85.7954,10972,46
a0a30e,DAL1058,1765916729,38.8532,-85.7933,11277,46
a0a30e,DAL1058,1765916731,38.8561,-85.7894,10972,46
a0a30e,DAL1058,1765916732,38.8576,-85.7873,11277,46
a0a30e,DAL1058,1765916734,38.8592,-85.7851,10972,46
a0a30e,DAL1058,1765916734,38.8608,-85.783,11277,46
a0a30e,DAL1058,1765916739,38.8685,-85.7725,10972,46
a0a30e,DAL1058,1765916740,38.8699,-85.7706,11277,46
a0a30e,DAL1058,1765916742,38.8723,-85.7673,10972,46
a0a30e,DAL1058,1765916744,38.8755,-85.763,11277,46
a0a30e,DAL1058,1765916745,38.877,-85.7609,10972,46
a0a30e,DAL1058,1765916747,38.8801,-85.7568,11277,46
a0a30e,DAL1058,1765916754,38.8913,-85.7415,10972,46
a0a30e,DAL1058,1765916755,38.8928,-85.7395,11277,46
a0a30e,DAL1058,1765916761,38.901,-85.7283,10972,46
a0a30e,DAL1058,1765916762,38.9027,-85.7261,11277,46
a0a30e,DAL1058,1765916766,38.9092,-85.7172,10972,46
a0a30e,DAL1058,1765916767,38.9107,-85.7152,11277,46
a0a30e,DAL1058,1765916770,38.9151,-85.7092,10972,46
a0a30e,DAL1058,1765916771,38.9166,-85.7071,11277,46
a0a30e,DAL1058,1765916773,38.9195,-85.7032,10972,46
a0a30e,DAL1058,1765916774,38.9212,-85.7009,11277,46
a0a30e,DAL1058,1765916777,38.9256,-85.6949,10972,46
a0a30e,DAL1058,1765916778,38.9271,-85.6928,11277,46
a0a30e,DAL1058,1765916779,38.9285,-85.6909,10972,46
a0a30e,DAL1058,1765916780,38.93,-85.6889,11277,46
a0a30e,DAL1058,1765916781,38.9315,-85.6868,10972,46
a0a30e,DAL1058,1765916782,38.9336,-85.6839,11277,46
a0a30e,DAL1058,1765916783,38.9352,-85.6818,10972,46
a0a30e,DAL1058,1765916785,38.9381,-85.6779,11277,46
a0a30e,DAL1058,1765916786,38.9396,-85.6759,10972,46
a0a30e,DAL1058,1765916788,38.9426,-85.6717,11277,46
a0a30e,DAL1058,1765916792,38.9484,-85.6639,10972,46
a0a30e,DAL1058,1765916793,38.9502,-85.6614,11277,46
a0a30e,DAL1058,1765916795,38.9534,-85.657,10972,46
a0a30e,DAL1058,1765916797,38.9549,-85.6549,11277,46
a0a30e,DAL1058,1765916801,38.961,-85.6467,10972,46
a0a30e,DAL1058,1765916801,38.9624,-85.6448,11277,46
a0a30e,DAL1058,1765916806,38.97,-85.6344,10972,46
a0a30e,DAL1058,1765916807,38.9715,-85.6323,11277,46
a0a30e,DAL1058,1765916809,38.9744,-85.6284,10972,46
a0a30e,DAL1058,1765916810,38.9761,-85.6261,11277,46
a0a30e,DAL1058,1765916811,38.9774,-85.6243,10972,46
a0a30e,DAL1058,1765916812,38.9789,-85.6222,11277,46
a0a30e,DAL1058,1765916813,38.9803,-85.6203,10972,46
a0a30e,DAL1058,1765916814,38.9818,-85.6182,11277,46
a0a30e,DAL1058,1765916815,38.9833,-85.6162,10972,46
a0a30e,DAL1058,1765916816,38.9848,-85.6141,11277,46
a0a30e,DAL1058,1765916818,38.9877,-85.6101,10972,46
a0a30e,DAL1058,1765916820,38.9911,-85.6055,11277,46
a0a30e,DAL1058,1765916827,39.0016,-85.5912,10972,46
a0a30e,DAL1058,1765916828,39.0034,-85.5888,11277,46
a0a30e,DAL1058,1765916832,39.0094,-85.5806,10972,46
a0a30e,DAL1058,1765916833,39.0109,-85.5786,11277,46
a0a30e,DAL1058,1765916834,39.0123,-85.5766,10972,46
a0a30e,DAL1058,1765916835,39.0138,-85.5746,11277,46
a0a30e,DAL1058,1765916836,39.0153,-85.5725,10972,46
a0a30e,DAL1058,1765916838,39.0185,-85.5681,11277,46
a0a30e,DAL1058,1765916842,39.0241,-85.5604,10972,46
a0a30e,DAL1058,1765916843,39.0258,-85.5581,11277,46
a0a30e,DAL1058,1765916844,39.0276,-85.5557,10972,46
a0a30e,DAL1058,1765916845,39.0292,-85.5535,11277,46
a0a30e,DAL1058,1765916849,39.0349,-85.5457,10972,46
a0a30e,DAL1058,1765916850,39.0371,-85.5427,11277,46
a0a30e,DAL1058,1765916852,39.0402,-85.5384,10972,46
a0a30e,DAL1058,1765916854,39.0431,-85.5344,11277,46
a0a30e,DAL1058,1765916863,39.0565,-85.5161,10972,46
a0a30e,DAL1058,1765916864,39.0581,-85.514,11277,46
a0a30e,DAL1058,1765916867,39.0625,-85.5079,10972,46
a0a30e,DAL1058,1765916868,39.0642,-85.5056,11277,46
a0a30e,DAL1058,1765916872,39.0705,-85.4968,10972,46
a0a30e,DAL1058,1765916873,39.0721,-85.4948,11277,46
a0a30e,DAL1058,1765916874,39.0736,-85.4927,10972,46
a0a30e,DAL1058,1765916875,39.0748,-85.491,11277,46
a0a30e,DAL1058,1765916876,39.0766,-85.4885,10972,46
a0a30e,DAL1058,1765916877,39.078,-85.4866,11277,46
a0a30e,DAL1058,1765916878,39.0796,-85.4845,10972,46
a0a30e,DAL1058,1765916879,39.0811,-85.4824,11277,46
a0a30e,DAL1058,1765916888,39.0949,-85.4634,10972,46
a0a30e,DAL1058,1765916889,39.0957,-85.4623,11277,46
a0a30e,DAL1058,1765916890,39.0972,-85.4603,10972,46
a0a30e,DAL1058,1765916892,39.1004,-85.4559,11277,46
a0a30e,DAL1058,1765916895,39.105,-85.4496,10972,46
a0a30e,DAL1058,1765916896,39.1072,-85.4467,11277,46
a0a30e,DAL1058,1765916897,39.1087,-85.4446,10972,46
a0a30e,DAL1058,1765916898,39.1102,-85.4425,11277,46
a0a30e,DAL1058,1765916900,39.113,-85.4387,10972,46
a0a30e,DAL1058,1765916901,39.1146,-85.4364,11277,46
a0a30e,DAL1058,1765916902,39.1159,-85.4348,10972,46
a0a30e,DAL1058,1765916903,39.1175,-85.4324,11277,46
a0a30e,DAL1058,1765916906,39.1223,-85.4259,10972,46
a0a30e,DAL1058,1765916907,39.1238,-85.4238,11277,46
a0a30e,DAL1058,1765916912,39.1314,-85.4134,10972,46
a0a30e,DAL1058,1765916913,39.1331,-85.4111,11277,46
a0a30e,DAL1058,1765916915,39.1357,-85.4075,10972,46
a0a30e,DAL1058,1765916917,39.1389,-85.4031,11277,46
a0a30e,DAL1058,1765916918,39.1404,-85.401,10972,46
a0a30e,DAL1058,1765916920,39.1435,-85.3968,11277,46
a0a30e,DAL1058,1765916923,39.1485,-85.3899,10972,46
a0a30e,DAL1058,1765916924,39.1493,-85.3889,11277,46
a0a30e,DAL1058,1765916928,39.156,-85.3796,10972,46
a0a30e,DAL1058,1765916930,39.1584,-85.3763,11277,46
a0a30e,DAL1058,1765916932,39.1616,-85.3718,10972,46
a0a30e,DAL1058,1765916933,39.1633,-85.3696,11277,46
a0a30e,DAL1058,1765916937,39.1691,-85.3616,10972,46
a0a30e,DAL1058,1765916938,39.1706,-85.3595,11277,46
a0a30e,DAL1058,1765916943,39.1787,-85.3484,10972,46
a0a30e,DAL1058,1765916945,39.1819,-85.3439,11277,46
a0a30e,DAL1058,1765916946,39.1834,-85.3419,10972,46
a0a30e,DAL1058,1765916947,39.1848,-85.3399,11277,46
a0a30e,DAL1058,1765916949,39.1877,-85.3359,10972,47
a0a30e,DAL1058,1765916950,39.1891,-85.334,11277,47
a0a30e,DAL1058,1765916951,39.1905,-85.3322,10972,47
a0a30e,DAL1058,1765916953,39.1935,-85.3279,11277,46
a0a30e,DAL1058,1765916955,39.1958,-85.3248,10972,46
a0a30e,DAL1058,1765916957,39.1998,-85.3193,11277,46
a0a30e,DAL1058,1765916962,39.2072,-85.3091,10972,46
a0a30e,DAL1058,1765916963,39.209,-85.3065,11277,47
a0a30e,DAL1058,1765916964,39.2108,-85.3042,10972,47
a0a30e,DAL1058,1765916965,39.2124,-85.3019,11277,47
a0a30e,DAL1058,1765916969,39.2178,-85.2946,10972,47
a0a30e,DAL1058,1765916971,39.221,-85.2902,11277,47
a0a30e,DAL1058,1765916972,39.2224,-85.288,10972,47
a0a30e,DAL1058,1765916974,39.2257,-85.2836,11277,47
a0a30e,DAL1058,1765916976,39.2289,-85.2792,10972,47
a0a30e,DAL1058,1765916977,39.2303,-85.2773,11277,47
a0a30e,DAL1058,1765916978,39.2319,-85.275,10972,47
a0a30e,DAL1058,1765916984,39.2409,-85.2626,11277,47
a0a30e,DAL1058,1765916987,39.2455,-85.2563,10972,47
a0a30e,DAL1058,1765916990,39.25,-85.25,11277,47
a0a30e,DAL1058,1765916991,39.2514,-85.2481,10972,47
a0a30e,DAL1058,1765916992,39.2529,-85.246,11277,47
a0a30e,DAL1058,1765916996,39.2592,-85.2374,10972,47
a0a30e,DAL1058,1765916997,39.2607,-85.2353,11277,47
a0a30e,DAL1058,1765916998,39.2622,-85.2332,10972,47
a0a30e,DAL1058,1765916999,39.2637,-85.231,11277,47
a0a30e,DAL1058,1765917003,39.2698,-85.2227,10972,47
a0a30e,DAL1058,1765917004,39.2712,-85.2208,11277,47
a0a30e,DAL1058,1765917018,39.2927,-85.1909,10972,47
a0a30e,DAL1058,1765917019,39.2943,-85.1888,11277,47
a0a30e,DAL1058,1765917029,39.3096,-85.1676,10972,47
a0a30e,DAL1058,1765917030,39.3109,-85.1657,11277,47
a0a30e,DAL1058,1765917031,39.3125,-85.1636,10972,47
a0a30e,DAL1058,1765917032,39.3138,-85.1617,11277,47
a0a30e,DAL1058,1765917033,39.3155,-85.1594,10972,47
a0a30e,DAL1058,1765917034,39.317,-85.1573,11277,47
a0a30e,DAL1058,1765917035,39.3184,-85.1554,10972,47
a0a30e,DAL1058,1765917037,39.3214,-85.1513,11277,47
a0a30e,DAL1058,1765917038,39.3229,-85.1491,10972,47
a0a30e,DAL1058,1765917040,39.3261,-85.1447,11277,47
a0a30e,DAL1058,1765917043,39.3308,-85.1383,10972,47
a0a30e,DAL1058,1765917045,39.3337,-85.1343,11277,47
a0a30e,DAL1058,1765917052,39.3444,-85.1194,10972,47
a0a30e,DAL1058,1765917053,39.3462,-85.1169,11277,47
a0a30e,DAL1058,1765917054,39.3469,-85.1158,10972,47
a0a30e,DAL1058,1765917055,39.3485,-85.1138,11277,47
a0a30e,DAL1058,1765917057,39.35,-85.1116,10972,47
a0a30e,DAL1058,1765917057,39.3515,-85.1096,11277,47
a0a30e,DAL1058,1765917058,39.353,-85.1075,10972,47
a0a30e,DAL1058,1765917061,39.3578,-85.1008,11277,47
a0a30e,DAL1058,1765917066,39.3652,-85.0905,10972,47
a0a30e,DAL1058,1765917067,39.3667,-85.0885,11277,47
a0a30e,DAL1058,1765917068,39.3682,-85.0864,10972,47
a0a30e,DAL1058,1765917069,39.3703,-85.0834,11277,47
a0a30e,DAL1058,1765917073,39.376,-85.0755,10972,47
a0a30e,DAL1058,1765917075,39.3789,-85.0715,11277,47
a0a30e,DAL1058,1765917080,39.3862,-85.0613,10972,47
a0a30e,DAL1058,1765917081,39.3874,-85.0596,11277,47
a0a30e,DAL1058,1765917088,39.3972,-85.0461,10972,47
a0a30e,DAL1058,1765917088,39.3972,-85.0461,11277,47
a0a30e,DAL1058,1765917089,39.4003,-85.0417,10972,47
a0a30e,DAL1058,1765917091,39.4032,-85.0377,11277,47
a0a30e,DAL1058,1765917093,39.4061,-85.0336,10972,47
a0a30e,DAL1058,1765917094,39.4076,-85.0315,11277,47
a0a30e,DAL1058,1765917095,39.4088,-85.0298,10972,47
a0a30e,DAL1058,1765917098,39.4135,-85.0234,11277,47
a0a30e,DAL1058,1765917099,39.4151,-85.0211,10972,47
a0a30e,DAL1058,1765917100,39.4163,-85.0194,11277,47
a0a30e,DAL1058,1765917101,39.4177,-85.0175,10972,47
a0a30e,DAL1058,1765917103,39.4205,-85.0136,11277,47
a0a30e,DAL1058,1765917107,39.4266,-85.005,10972,47
a0a30e,DAL1058,1765917108,39.4283,-85.0027,11277,47
a0a30e,DAL1058,1765917110,39.4314,-84.9984,10972,47
a0a30e,DAL1058,1765917111,39.433,-84.9963,11277,47
a0a30e,DAL1058,1765917116,39.4407,-84.9855,10972,47
a0a30e,DAL1058,1765917117,39.442,-84.9836,11277,47
a0a30e,DAL1058,1765917120,39.4459,-84.9782,10972,47
a0a30e,DAL1058,1765917122,39.4489,-84.974,11277,47
a0a30e,DAL1058,1765917123,39.451,-84.9711,10972,47
a0a30e,DAL1058,1765917126,39.4555,-84.9648,11277,47
a0a30e,DAL1058,1765917128,39.4579,-84.9615,10972,47
a0a30e,DAL1058,1765917132,39.4641,-84.953,11277,47
a0a30e,DAL1058,1765917135,39.4687,-84.9465,10972,47
a0a30e,DAL1058,1765917137,39.472,-84.9419,11277,47
a0a30e,DAL1058,1765917144,39.4819,-84.928,10972,47
a0a30e,DAL1058,1765917146,39.484,-84.9251,11277,47
a0a30e,DAL1058,1765917155,39.4989,-84.9044,10972,47
a0a30e,DAL1058,1765917156,39.5004,-84.9022,11277,47
a0a30e,DAL1058,1765917158,39.5029,-84.8987,10972,47
a0a30e,DAL1058,1765917159,39.5044,-84.8966,11277,47
a0a30e,DAL1058,1765917161,39.5076,-84.8921,10972,47
a0a30e,DAL1058,1765917162,39.5091,-84.89,11277,47
a0a30e,DAL1058,1765917167,39.5164,-84.8798,10972,47
a0a30e,DAL1058,1765917168,39.5186,-84.8768,11277,47
a0a30e,DAL1058,1765917169,39.5195,-84.8755,10972,47
a0a30e,DAL1058,1765917170,39.5211,-84.8732,11277,47
a0a30e,DAL1058,1765917171,39.5228,-84.8709,10972,47
a0a30e,DAL1058,1765917172,39.5244,-84.8686,11277,47
a0a30e,DAL1058,1765917174,39.5273,-84.8646,10972,47
a0a30e,DAL1058,1765917175,39.5288,-84.8625,11277,47
a0a30e,DAL1058,1765917179,39.535,-84.8539,10972,47
a0a30e,DAL1058,1765917180,39.5365,-84.8518,11277,47
a0a30e,DAL1058,1765917183,39.5409,-84.8456,10972,47
a0a30e,DAL1058,1765917184,39.5425,-84.8433,11277,47
a0a30e,DAL1058,1765917190,39.5517,-84.8304,10972,47
a0a30e,DAL1058,1765917191,39.5531,-84.8285,11277,47
a0a30e,DAL1058,1765917192,39.5547,-84.8262,10972,47
a0a30e,DAL1058,1765917194,39.557,-84.8231,11277,47
a0a30e,DAL1058,1765917195,39.5586,-84.8207,10972,47
a0a30e,DAL1058,1765917196,39.5608,-84.8177,11277,47
a0a30e,DAL1058,1765917197,39.5623,-84.8157,10972,47
a0a30e,DAL1058,1765917198,39.5638,-84.8135,11277,47
a0a30e,DAL1058,1765917204,39.5712,-84.8032,10972,47
a0a30e,DAL1058,1765917205,39.5739,-84.7993,11277,47
a0a30e,DAL1058,1765917206,39.5756,-84.797,10972,47
a0a30e,DAL1058,1765917207,39.5771,-84.7949,11277,47
a0a30e,DAL1058,1765917212,39.5848,-84.7841,10972,47
a0a30e,DAL1058,1765917213,39.5863,-84.782,11277,47
a0a30e,DAL1058,1765917214,39.5871,-84.7809,10972,47
a0a30e,DAL1058,1765917215,39.5887,-84.7786,11277,47
a0a30e,DAL1058,1765917217,39.5919,-84.7741,10972,47
a0a30e,DAL1058,1765917223,39.601,-84.7614,11277,47
a0a30e,DAL1058,1765917224,39.6026,-84.759,10972,47
a0a30e,DAL1058,1765917225,39.6042,-84.7569,11277,47
a0a30e,DAL1058,1765917228,39.6086,-84.7507,10972,47
a0a30e,DAL1058,1765917229,39.6107,-84.7477,11277,47
a0a30e,DAL1058,1765917230,39.6124,-84.7454,10972,47
a0a30e,DAL1058,1765917231,39.6131,-84.7443,11277,47
a0a30e,DAL1058,1765917232,39.6147,-84.7422,10972,47
a0a30e,DAL1058,1765917234,39.6177,-84.738,11277,47
a0a30e,DAL1058,1765917236,39.6209,-84.7335,10972,47
a0a30e,DAL1058,1765917237,39.623,-84.7305,11277,47
a0a30e,DAL1058,1765917238,39.6245,-84.7284,10972,47
a0a30e,DAL1058,1765917239,39.6259,-84.7264,11277,47
a0a30e,DAL1058,1765917246,39.6365,-84.7115,10972,47
a0a30e,DAL1058,1765917247,39.638,-84.7094,11277,47
a0a30e,DAL1058,1765917248,39.6396,-84.7072,10972,47
a0a30e,DAL1058,1765917249,39.6408,-84.7055,11277,47
a0a30e,DAL1058,1765917250,39.6422,-84.7036,10972,47
a0a30e,DAL1058,1765917251,39.6438,-84.7012,11277,47
a0a30e,DAL1058,1765917254,39.6482,-84.695,10972,47
a0a30e,DAL1058,1765917256,39.6513,-84.6907,11277,47
a0a30e,DAL1058,1765917257,39.6528,-84.6886,10972,47
a0a30e,DAL1058,1765917258,39.6542,-84.6867,11277,47
a0a30e,DAL1058,1765917261,39.6592,-84.6796,10972,47
a0a30e,DAL1058,1765917262,39.6604,-84.6779,11277,47
a0a30e,DAL1058,1765917265,39.6648,-84.6717,10972,47
a0a30e,DAL1058,1765917266,39.6671,-84.6685,11277,47
a0a30e,DAL1058,1765917275,39.6808,-84.6491,10972,47
a0a30e,DAL1058,1765917276,39.6822,-84.6472,11277,47
a0a30e,DAL1058,1765917277,39.6831,-84.6459,10972,47
a0a30e,DAL1058,1765917278,39.6845,-84.6439,11277,47
a0a30e,DAL1058,1765917298,39.7156,-84.6001,10972,47
a0a30e,DAL1058,1765917299,39.7171,-84.598,11277,47
a0a30e,DAL1058,1765917301,39.72,-84.5939,10972,47
a0a30e,DAL1058,1765917302,39.7212,-84.5922,11277,47
a0a30e,DAL1058,1765917303,39.7229,-84.5898,10972,47
a0a30e,DAL1058,1765917304,39.7241,-84.588,11277,47
a0a30e,DAL1058,1765917306,39.7279,-84.5827,10972,47
a0a30e,DAL1058,1765917308,39.731,-84.5784,11277,47
a0a30e,DAL1058,1765917311,39.7355,-84.572,10972,47
a0a30e,DAL1058,1765917312,39.7364,-84.5707,11277,47
a0a30e,DAL1058,1765917316,39.7425,-84.5621,10972,47
a0a30e,DAL1058,1765917318,39.7457,-84.5575,11277,47
a0a30e,DAL1058,1765917319,39.7473,-84.5554,10972,47
a0a30e,DAL1058,1765917321,39.7502,-84.5513,11277,47
a0a30e,DAL1058,1765917323,39.7535,-84.5466,10972,47
a0a30e,DAL1058,1765917327,39.7584,-84.5397,11277,47
a0a30e,DAL1058,1765917332,39.7672,-84.5272,10972,47
a0a30e,DAL1058,1765917333,39.7686,-84.5253,11277,47
a0a30e,DAL1058,1765917335,39.7715,-84.5212,10972,47
a0a30e,DAL1058,1765917336,39.7731,-84.5188,11277,47
a0a30e,DAL1058,1765917339,39.7775,-84.5126,10972,47
a0a30e,DAL1058,1765917340,39.7792,-84.5102,11277,47
a0a30e,DAL1058,1765917341,39.7809,-84.5078,10972,47
a0a30e,DAL1058,1765917342,39.7823,-84.5059,11277,47
a0a30e,DAL1058,1765917344,39.7852,-84.5018,10972,47
a0a30e,DAL1058,1765917345,39.7868,-84.4994,11277,47
a0a30e,DAL1058,1765917351,39.7961,-84.4863,10972,47
a0a30e,DAL1058,1765917352,39.7976,-84.4842,11277,47
a0a30e,DAL1058,1765917359,39.8084,-84.4689,10972,47
a0a30e,DAL1058,1765917360,39.8099,-84.4668,11277,47
a0a30e,DAL1058,1765917362,39.8128,-84.4627,10972,47
a0a30e,DAL1058,1765917363,39.8143,-84.4606,11277,47
a0a30e,DAL1058,1765917365,39.8173,-84.4563,10972,47
a0a30e,DAL1058,1765917367,39.8188,-84.4542,11277,47
a0a30e,DAL1058,1765917368,39.822,-84.4497,10972,47
a0a30e,DAL1058,1765917369,39.8235,-84.4475,11277,47
a0a30e,DAL1058,1765917370,39.825,-84.4454,10972,47
a0a30e,DAL1058,1765917374,39.8307,-84.4373,11277,47
a0a30e,DAL1058,1765917375,39.8324,-84.4348,10972,47
a0a30e,DAL1058,1765917377,39.8356,-84.4303,11277,47
a0a30e,DAL1058,1765917379,39.8384,-84.4263,10972,47
a0a30e,DAL1058,1765917380,39.8398,-84.4244,11277,47
a0a30e,DAL1058,1765917384,39.8462,-84.4153,10972,47
a0a30e,DAL1058,1765917387,39.8499,-84.41,11277,47
a0a30e,DAL1058,1765917390,39.855,-84.4029,10972,47
a0a30e,DAL1058,1765917391,39.8558,-84.4016,11277,47
a0a30e,DAL1058,1765917392,39.8574,-84.3993,10972,47
a0a30e,DAL1058,1765917397,39.865,-84.3886,11277,47
a0a30e,DAL1058,1765917399,39.8678,-84.3846,10972,47
a0a30e,DAL1058,1765917402,39.8725,-84.3779,11277,47
a0a30e,DAL1058,1765917403,39.874,-84.3758,10972,47
a0a30e,DAL1058,1765917410,39.8844,-84.361,11277,47
a0a30e,DAL1058,1765917413,39.8887,-84.3549,10972,47
a0a30e,DAL1058,1765917416,39.8932,-84.3484,11277,47
a0a30e,DAL1058,1765917419,39.8967,-84.3435,10972,47
a0a30e,DAL1058,1765917421,39.9002,-84.3385,11277,47
a0a30e,DAL1058,1765917426,39.9077,-84.3279,10972,47
a0a30e,DAL1058,1765917427,39.909,-84.326,11277,47
a0a30e,DAL1058,1765917434,39.9197,-84.3112,10972,46
a0a30e,DAL1058,1765917435,39.9212,-84.3091,11277,46
a0a30e,DAL1058,1765917436,39.9226,-84.3071,10972,45
a0a30e,DAL1058,1765917437,39.9242,-84.3051,11277,45
a0a30e,DAL1058,1765917439,39.9272,-84.3011,10972,45
a0a30e,DAL1058,1765917441,39.9301,-84.2973,11277,44
a0a30e,DAL1058,1765917442,39.9317,-84.2953,10972,44
a0a30e,DAL1058,1765917443,39.9332,-84.2933,11277,44
a0a30e,DAL1058,1765917445,39.9366,-84.2891,10972,44
a0a30e,DAL1058,1765917446,39.9372,-84.2883,11277,44
a0a30e,DAL1058,1765917447,39.9391,-84.2859,10972,43
a0a30e,DAL1058,1765917448,39.9407,-84.284,11277,43
a0a30e,DAL1058,1765917451,39.9452,-84.2783,10972,43
a0a30e,DAL1058,1765917454,39.9491,-84.2735,11277,43
a0a30e,DAL1058,1765917459,39.9584,-84.262,10972,43
a0a30e,DAL1058,1765917460,39.96,-84.2601,11277,43
a0a30e,DAL1058,1765917461,39.9613,-84.2583,10972,43
a0a30e,DAL1058,1765917462,39.963,-84.2563,11277,43
a0a30e,DAL1058,1765917470,39.9752,-84.2411,10972,43
a0a30e,DAL1058,1765917472,39.9783,-84.2372,11277,43
a0a30e,DAL1058,1765917473,39.9799,-84.2353,10972,43
a0a30e,DAL1058,1765917474,39.9816,-84.2331,11277,43
a0a30e,DAL1058,1765917479,39.9896,-84.2231,10972,44
a0a30e,DAL1058,1765917481,39.993,-84.2188,11277,44
a0a30e,DAL1058,1765917482,39.9943,-84.2172,10972,44
a0a30e,DAL1058,1765917483,39.9958,-84.2152,11277,44
a0a30e,DAL1058,1765917485,39.9974,-84.2133,10972,44
a0a30e,DAL1058,1765917486,40.0007,-84.2091,11277,44
a0a30e,DAL1058,1765917491,40.0086,-84.199,10972,44
a0a30e,DAL1058,1765917492,40.0093,-84.1982,11277,44
a0a30e,DAL1058,1765917494,40.0117,-84.1951,10972,44
a0a30e,DAL1058,1765917495,40.0132,-84.1933,11277,44
a0a30e,DAL1058,1765917497,40.0178,-84.1874,10972,44
a0a30e,DAL1058,1765917498,40.0194,-84.1854,11277,44
a0a30e,DAL1058,1765917499,40.0207,-84.1838,10972,44
a0a30e,DAL1058,1765917500,40.0222,-84.1818,11277,44
a0a30e,DAL1058,1765917505,40.0297,-84.1723,10972,44
a0a30e,DAL1058,1765917506,40.0313,-84.1703,11277,44
a0a30e,DAL1058,1765917520,40.0538,-84.1417,10972,44
a0a30e,DAL1058,1765917521,40.0554,-84.1397,11277,44
a0a30e,DAL1058,1765917522,40.0569,-84.1377,10972,44
a0a30e,DAL1058,1765917523,40.0583,-84.1359,11277,44
a0a30e,DAL1058,1765917525,40.0616,-84.1317,10972,44
a0a30e,DAL1058,1765917526,40.0624,-84.1307,11277,44
a0a30e,DAL1058,1765917530,40.0692,-84.1219,10972,44
a0a30e,DAL1058,1765917531,40.071,-84.1198,11277,44
a0a30e,DAL1058,1765917539,40.0829,-84.1046,10972,44
a0a30e,DAL1058,1765917543,40.0893,-84.0965,11277,44
a0a30e,DAL1058,1765917546,40.0945,-84.0899,10972,44
a0a30e,DAL1058,1765917548,40.0974,-84.0861,11277,44
a0a30e,DAL1058,1765917558,40.1126,-84.0668,10972,44
a0a30e,DAL1058,1765917559,40.1143,-84.0646,11277,44
a0a30e,DAL1058,1765917561,40.1175,-84.0606,10972,44
a0a30e,DAL1058,1765917562,40.119,-84.0586,11277,44
a0a30e,DAL1058,1765917563,40.1204,-84.0568,10972,44
a0a30e,DAL1058,1765917564,40.1228,-84.0538,11277,44
a0a30e,DAL1058,1765917566,40.1258,-84.05,10972,44
a0a30e,DAL1058,1765917567,40.1273,-84.048,11277,44
a0a30e,DAL1058,1765917569,40.1297,-84.045,10972,44
a0a30e,DAL1058,1765917570,40.1314,-84.0429,11277,44
a0a30e,DAL1058,1765917571,40.133,-84.0409,10972,44
a0a30e,DAL1058,1765917572,40.1347,-84.0386,11277,44
a0a30e,DAL1058,1765917575,40.1397,-84.0322,10972,44
a0a30e,DAL1058,1765917576,40.1413,-84.0302,11277,44
a0a30e,DAL1058,1765917578,40.1446,-84.0261,10972,44
a0a30e,DAL1058,1765917579,40.146,-84.0242,11277,44
a0a30e,DAL1058,1765917580,40.1476,-84.0223,10972,44
a0a30e,DAL1058,1765917581,40.1493,-84.0201,11277,44
a0a30e,DAL1058,1765917594,40.1694,-83.9945,10972,44
a0a30e,DAL1058,1765917595,40.171,-83.9925,11277,44
a0a30e,DAL1058,1765917596,40.1723,-83.9907,10972,44
a0a30e,DAL1058,1765917597,40.1741,-83.9885,11277,44
a0a30e,DAL1058,1765917599,40.1772,-83.9845,10972,44
a0a30e,DAL1058,1765917600,40.1789,-83.9823,11277,44
a0a30e,DAL1058,1765917602,40.1816,-83.9789,10972,44
a0a30e,DAL1058,1765917603,40.1831,-83.9769,11277,44
a0a30e,DAL1058,1765917605,40.1866,-83.9725,10972,44
a0a30e,DAL1058,1765917607,40.1898,-83.9685,11277,44
a0a30e,DAL1058,1765917610,40.1943,-83.9626,10972,44
a0a30e,DAL1058,1765917613,40.1993,-83.9562,11277,44
a0a30e,DAL1058,1765917614,40.2009,-83.9543,10972,44
a0a30e,DAL1058,1765917615,40.2025,-83.9523,11277,44
a0a30e,DAL1058,1765917620,40.2104,-83.942,10972,44
a0a30e,DAL1058,1765917621,40.2118,-83.9402,11277,44
a0a30e,DAL1058,1765917630,40.2259,-83.9222,10972,44
a0a30e,DAL1058,1765917631,40.2274,-83.9204,11277,44
a0a30e,DAL1058,1765917634,40.2321,-83.9144,10972,44
a0a30e,DAL1058,1765917636,40.2353,-83.9102,11277,44
a0a30e,DAL1058,1765917640,40.2412,-83.9028,10972,44
a0a30e,DAL1058,1765917642,40.2449,-83.898,11277,44
a0a30e,DAL1058,1765917643,40.2459,-83.8968,10972,44
a0a30e,DAL1058,1765917644,40.2475,-83.8946,11277,44
a0a30e,DAL1058,1765917645,40.2496,-83.892,10972,44
a0a30e,DAL1058,1765917646,40.2512,-83.89,11277,44
a0a30e,DAL1058,1765917647,40.2526,-83.8882,10972,44
a0a30e,DAL1058,1765917648,40.2541,-83.8862,11277,44
a0a30e,DAL1058,1765917649,40.2551,-83.885,10972,44
a0a30e,DAL1058,1765917650,40.2574,-83.882,11277,44
a0a30e,DAL1058,1765917652,40.2604,-83.8782,10972,44
a0a30e,DAL1058,1765917653,40.2618,-83.8764,11277,44
a0a30e,DAL1058,1765917656,40.2666,-83.8702,10972,44
a0a30e,DAL1058,1765917657,40.2685,-83.8678,11277,44
a0a30e,DAL1058,1765917659,40.2707,-83.865,10972,44
a0a30e,DAL1058,1765917660,40.2731,-83.862,11277,44
a0a30e,DAL1058,1765917665,40.2807,-83.8522,10972,44
a0a30e,DAL1058,1765917666,40.2823,-83.8502,11277,44
a0a30e,DAL1058,1765917668,40.2851,-83.8466,10972,44
a0a30e,DAL1058,1765917669,40.2867,-83.8445,11277,44
a0a30e,DAL1058,1765917671,40.2898,-83.8406,10972,44
a0a30e,DAL1058,1765917672,40.2914,-83.8386,11277,44
a0a30e,DAL1058,1765917673,40.2928,-83.8367,10972,44
a0a30e,DAL1058,1765917675,40.2959,-83.8327,11277,44
a0a30e,DAL1058,1765917676,40.2975,-83.8307,10972,44
a0a30e,DAL1058,1765917677,40.299,-83.8287,11277,44
a0a30e,DAL1058,1765917678,40.3012,-83.8259,10972,44
a0a30e,DAL1058,1765917679,40.3028,-83.8239,11277,44
a0a30e,DAL1058,1765917680,40.3042,-83.8221,10972,44
a0a30e,DAL1058,1765917682,40.3072,-83.8183,11277,44
a0a30e,DAL1058,1765917683,40.3087,-83.8163,10972,44
a0a30e,DAL1058,1765917684,40.3104,-83.8141,11277,44
a0a30e,DAL1058,1765917691,40.32,-83.8019,10972,44
a0a30e,DAL1058,1765917691,40.3215,-83.7999,11277,44
a0a30e,DAL1058,1765917692,40.3225,-83.7987,10972,44
a0a30e,DAL1058,1765917694,40.3257,-83.7945,11277,44
a0a30e,DAL1058,1765917698,40.3323,-83.7861,10972,44
a0a30e,DAL1058,1765917699,40.334,-83.7839,11277,44
a0a30e,DAL1058,1765917700,40.3348,-83.7828,10972,44
a0a30e,DAL1058,1765917701,40.3365,-83.7807,11277,44
a0a30e,DAL1058,1765917702,40.3389,-83.7776,10972,44
a0a30e,DAL1058,1765917703,40.3403,-83.7758,11277,44
a0a30e,DAL1058,1765917708,40.3481,-83.7658,10972,44
a0a30e,DAL1058,1765917709,40.3497,-83.7638,11277,44
a0a30e,DAL1058,1765917710,40.351,-83.762,10972,44
a0a30e,DAL1058,1765917711,40.3526,-83.76,11277,44
a0a30e,DAL1058,1765917712,40.354,-83.7582,10972,44
a0a30e,DAL1058,1765917714,40.3572,-83.7542,11277,44
a0a30e,DAL1058,1765917717,40.3617,-83.7484,10972,44
a0a30e,DAL1058,1765917718,40.3632,-83.7464,11277,44
a0a30e,DAL1058,1765917720,40.3662,-83.7425,10972,44
a0a30e,DAL1058,1765917721,40.3681,-83.7402,11277,44
a0a30e,DAL1058,1765917723,40.3709,-83.7365,10972,44
a0a30e,DAL1058,1765917724,40.3724,-83.7345,11277,44
a0a30e,DAL1058,1765917726,40.3757,-83.7303,10972,44
a0a30e,DAL1058,1765917727,40.3773,-83.7283,11277,44
a0a30e,DAL1058,1765917730,40.3818,-83.7225,10972,44
a0a30e,DAL1058,1765917731,40.3834,-83.7205,11277,44
a0a30e,DAL1058,1765917735,40.3898,-83.7123,10972,44
a0a30e,DAL1058,1765917736,40.3915,-83.7101,11277,44
a0a30e,DAL1058,1765917738,40.3949,-83.7056,10972,44
a0a30e,DAL1058,1765917739,40.3965,-83.7036,11277,44
a0a30e,DAL1058,1765917741,40.3996,-83.6997,10972,44
a0a30e,DAL1058,1765917742,40.4012,-83.6977,11277,44
a0a30e,DAL1058,1765917743,40.4027,-83.6957,10972,44
a0a30e,DAL1058,1765917744,40.4033,-83.6948,11277,44
a0a30e,DAL1058,1765917745,40.4059,-83.6916,10972,44
a0a30e,DAL1058,1765917748,40.4104,-83.6858,11277,44
a0a30e,DAL1058,1765917750,40.413,-83.6824,10972,44
a0a30e,DAL1058,1765917751,40.4147,-83.6802,11277,44
a0a30e,DAL1058,1765917752,40.4163,-83.6782,10972,44
a0a30e,DAL1058,1765917753,40.4178,-83.6761,11277,44
a0a30e,DAL1058,1765917760,40.4289,-83.6619,10972,44
a0a30e,DAL1058,1765917761,40.4306,-83.6597,11277,44
a0a30e,DAL1058,1765917763,40.4334,-83.6561,10972,44
a0a30e,DAL1058,1765917765,40.4363,-83.6523,11277,44
a0a30e,DAL1058,1765917771,40.446,-83.6399,10972,44
a0a30e,DAL1058,1765917772,40.4476,-83.6379,11277,44
a0a30e,DAL1058,1765917773,40.449,-83.636,10972,44
a0a30e,DAL1058,1765917774,40.4512,-83.6332,11277,44
a0a30e,DAL1058,1765917776,40.4535,-83.6302,10972,44
a0a30e,DAL1058,1765917777,40.4551,-83.6282,11277,44
a0a30e,DAL1058,1765917778,40.4574,-83.6252,10972,44
a0a30e,DAL1058,1765917781,40.4612,-83.6202,11277,44
a0a30e,DAL1058,1765917786,40.4694,-83.6098,10972,44
a0a30e,DAL1058,1765917787,40.4709,-83.6078,11277,44
a0a30e,DAL1058,1765917794,40.4816,-83.5939,10972,44
a0a30e,DAL1058,1765917795,40.4832,-83.5919,11277,44
a0a30e,DAL1058,1765917798,40.4875,-83.5863,10972,44
a0a30e,DAL1058,1765917799,40.4892,-83.5841,11277,44
a0a30e,DAL1058,1765917804,40.497,-83.5741,10972,44
a0a30e,DAL1058,1765917805,40.4985,-83.5721,11277,44
a0a30e,DAL1058,1765917807,40.5016,-83.5681,10972,44
a0a30e,DAL1058,1765917808,40.5038,-83.5653,11277,44
a0a30e,DAL1058,1765917811,40.5075,-83.5605,10972,44
a0a30e,DAL1058,1765917813,40.5114,-83.5555,11277,44
a0a30e,DAL1058,1765917814,40.5129,-83.5535,10972,44
a0a30e,DAL1058,1765917815,40.5145,-83.5515,11277,44
a0a30e,DAL1058,1765917816,40.516,-83.5495,10972,44
a0a30e,DAL1058,1765917818,40.5182,-83.5467,11277,44
a0a30e,DAL1058,1765917819,40.5201,-83.5443,10972,44
a0a30e,DAL1058,1765917821,40.5236,-83.5397,11277,44
a0a30e,DAL1058,1765917822,40.5251,-83.5377,10972,44
a0a30e,DAL1058,1765917824,40.5282,-83.5337,11277,44
a0a30e,DAL1058,1765917825,40.5298,-83.5317,10972,44
a0a30e,DAL1058,1765917828,40.5342,-83.5259,11277,44
a0a30e,DAL1058,1765917830,40.5373,-83.5219,10972,44
a0a30e,DAL1058,1765917832,40.5405,-83.5178,11277,44
a0a30e,DAL1058,1765917837,40.5479,-83.5081,10972,44
a0a30e,DAL1058,1765917838,40.5493,-83.5063,11277,44
a0a30e,DAL1058,1765917839,40.551,-83.5041,10972,44
a0a30e,DAL1058,1765917840,40.5526,-83.5021,11277,44
a0a30e,DAL1058,1765917843,40.5578,-83.4954,10972,44
a0a30e,DAL1058,1765917844,40.5593,-83.4934,11277,44
a0a30e,DAL1058,1765917847,40.5639,-83.4874,10972,44
a0a30e,DAL1058,1765917848,40.5655,-83.4854,11277,44
a0a30e,DAL1058,1765917851,40.5701,-83.4794,10972,44
a0a30e,DAL1058,1765917853,40.5732,-83.4754,11277,44
a0a30e,DAL1058,1765917854,40.5749,-83.4733,10972,44
a0a30e,DAL1058,1765917856,40.5775,-83.4699,11277,44
a0a30e,DAL1058,1765917861,40.5851,-83.4601,10972,44
a0a30e,DAL1058,1765917862,40.587,-83.4575,11277,44
a0a30e,DAL1058,1765917866,40.5932,-83.4495,10972,44
a0a30e,DAL1058,1765917868,40.5963,-83.4455,11277,44
a0a30e,DAL1058,1765917870,40.5995,-83.4413,10972,44
a0a30e,DAL1058,1765917871,40.6003,-83.4403,11277,44
a0a30e,DAL1058,1765917874,40.6052,-83.4339,10972,44
a0a30e,DAL1058,1765917876,40.6081,-83.4301,11277,44
a0a30e,DAL1058,1765917879,40.6127,-83.4241,10972,44
a0a30e,DAL1058,1765917880,40.6143,-83.4221,11277,44
a0a30e,DAL1058,1765917884,40.6208,-83.4137,10972,44
a0a30e,DAL1058,1765917885,40.6222,-83.4119,11277,44
a0a30e,DAL1058,1765917892,40.6333,-83.3975,10972,44
a0a30e,DAL1058,1765917893,40.6348,-83.3955,11277,44
a0a30e,DAL1058,1765917894,40.6364,-83.3934,10972,44
a0a30e,DAL1058,1765917895,40.6377,-83.3917,11277,44
a0a30e,DAL1058,1765917896,40.6395,-83.3894,10972,44
a0a30e,DAL1058,1765917898,40.6426,-83.3854,11277,44
a0a30e,DAL1058,1765917903,40.6498,-83.376,10972,44
a0a30e,DAL1058,1765917904,40.6514,-83.374,11277,44
a0a30e,DAL1058,1765917912,40.6634,-83.3583,10972,44
a0a30e,DAL1058,1765917914,40.667,-83.3536,11277,44
a0a30e,DAL1058,1765917917,40.6715,-83.3478,10972,44
a0a30e,DAL1058,1765917918,40.6732,-83.3456,11277,44
a0a30e,DAL1058,1765917925,40.6837,-83.3315,10972,46
a0a30e,DAL1058,1765917926,40.6853,-83.3294,11277,46
a0a30e,DAL1058,1765917930,40.6915,-83.3206,10972,47
a0a30e,DAL1058,1765917932,40.6943,-83.3165,11277,48
a0a30e,DAL1058,1765917933,40.6956,-83.3146,10972,48
a0a30e,DAL1058,1765917934,40.697,-83.3124,11277,49
a0a30e,DAL1058,1765917935,40.6984,-83.3102,10972,49
a0a30e,DAL1058,1765917938,40.703,-83.3031,11277,50
a0a30e,DAL1058,1765917942,40.7085,-83.2941,10972,51
a0a30e,DAL1058,1765917943,40.7102,-83.2914,11277,51
a0a30e,DAL1058,1765917949,40.7178,-83.2787,10972,51
a0a30e,DAL1058,1765917950,40.7197,-83.2755,11277,51
a0a30e,DAL1058,1765917951,40.7208,-83.2737,10972,51
a0a30e,DAL1058,1765917952,40.7219,-83.2719,11277,51
a0a30e,DAL1058,1765917959,40.7316,-83.2554,10972,52
a0a30e,DAL1058,1765917960,40.733,-83.2531,11277,52
a0a30e,DAL1058,1765917963,40.7372,-83.246,10972,52
a0a30e,DAL1058,1765917965,40.7397,-83.2417,11277,52
a0a30e,DAL1058,1765917972,40.7495,-83.2252,10972,52
a0a30e,DAL1058,1765917973,40.7507,-83.2231,11277,52
a0a30e,DAL1058,1765917976,40.7542,-83.2172,10972,52
a0a30e,DAL1058,1765917979,40.7586,-83.2097,11277,52
a0a30e,DAL1058,1765917986,40.7681,-83.1936,10972,52
a0a30e,DAL1058,1765917989,40.771,-83.1888,11277,52
a0a30e,DAL1058,1765917990,40.7737,-83.1842,10972,52
a0a30e,DAL1058,1765917992,40.7762,-83.1799,11277,52
a0a30e,DAL1058,1765917997,40.7826,-83.1691,10972,52
a0a30e,DAL1058,1765917998,40.7839,-83.1668,11277,52
a0a30e,DAL1058,1765918006,40.795,-83.148,10972,52
a0a30e,DAL1058,1765918007,40.7962,-83.1459,11277,52
a0a30e,DAL1058,1765918009,40.7988,-83.1416,10972,52
a0a30e,DAL1058,1765918010,40.8007,-83.1384,11277,52
a0a30e,DAL1058,1765918012,40.8029,-83.1345,10972,52
a0a30e,DAL1058,1765918013,40.8047,-83.1315,11277,52
a0a30e,DAL1058,1765918016,40.8083,-83.1253,10972,52
a0a30e,DAL1058,1765918017,40.8097,-83.123,11277,52
a0a30e,DAL1058,1765918019,40.8124,-83.1184,10972,52
a0a30e,DAL1058,1765918021,40.8151,-83.1138,11277,52
a0a30e,DAL1058,1765918023,40.8178,-83.1093,10972,52
a0a30e,DAL1058,1765918024,40.819,-83.1072,11277,52
a0a30e,DAL1058,1765918025,40.8205,-83.1047,10972,52
a0a30e,DAL1058,1765918026,40.8217,-83.1026,11277,52
a0a30e,DAL1058,1765918029,40.8263,-83.0948,10972,52
a0a30e,DAL1058,1765918030,40.8277,-83.0925,11277,52
a0a30e,DAL1058,1765918033,40.831,-83.0867,10972,52
a0a30e,DAL1058,1765918034,40.8331,-83.0833,11277,52
a0a30e,DAL1058,1765918035,40.8339,-83.0819,10972,52
a0a30e,DAL1058,1765918037,40.8372,-83.0762,11277,52
a0a30e,DAL1058,1765918043,40.8449,-83.0631,10972,52
a0a30e,DAL1058,1765918044,40.8464,-83.0605,11277,52
a0a30e,DAL1058,1765918046,40.8477,-83.0583,10972,52
a0a30e,DAL1058,1765918046,40.8494,-83.0555,11277,52
a0a30e,DAL1058,1765918055,40.8611,-83.0355,10972,52
a0a30e,DAL1058,1765918057,40.8625,-83.033,11277,52
a0a30e,DAL1058,1765918059,40.8667,-83.0259,10972,52
a0a30e,DAL1058,1765918060,40.8681,-83.0236,11277,52
a0a30e,DAL1058,1765918061,40.8693,-83.0215,10972,52
a0a30e,DAL1058,1765918063,40.8718,-83.0171,11277,52
a0a30e,DAL1058,1765918070,40.8814,-83.0007,10972,52
a0a30e,DAL1058,1765918071,40.8828,-82.9985,11277,52
a0a30e,DAL1058,1765918072,40.8841,-82.9962,10972,52
a0a30e,DAL1058,1765918073,40.8854,-82.9938,11277,52
a0a30e,DAL1058,1765918075,40.888,-82.9895,10972,52
a0a30e,DAL1058,1765918076,40.8893,-82.9872,11277,52
a0a30e,DAL1058,1765918084,40.9,-82.9689,10972,52
a0a30e,DAL1058,1765918086,40.9027,-82.9644,11277,52
a0a30e,DAL1058,1765918088,40.9054,-82.9597,10972,52
a0a30e,DAL1058,1765918090,40.9078,-82.9556,11277,52
a0a30e,DAL1058,1765918092,40.9109,-82.9503,10972,52
a0a30e,DAL1058,1765918093,40.9122,-82.948,11277,52
a0a30e,DAL1058,1765918099,40.9201,-82.9346,10972,52
a0a30e,DAL1058,1765918101,40.922,-82.9314,11277,52
a0a30e,DAL1058,1765918102,40.9243,-82.9274,10972,52
a0a30e,DAL1058,1765918104,40.9275,-82.9219,11277,52
a0a30e,DAL1058,1765918105,40.9287,-82.9198,10972,52
a0a30e,DAL1058,1765918106,40.93,-82.9175,11277,52
a0a30e,DAL1058,1765918114,40.9404,-82.8997,10972,52
a0a30e,DAL1058,1765918116,40.9431,-82.8951,11277,52
a0a30e,DAL1058,1765918117,40.9447,-82.8923,10972,52
a0a30e,DAL1058,1765918119,40.9473,-82.8879,11277,52
a0a30e,DAL1058,1765918123,40.9527,-82.8786,10972,52
a0a30e,DAL1058,1765918125,40.9558,-82.8733,11277,52
a0a30e,DAL1058,1765918127,40.9583,-82.8689,10972,52
a0a30e,DAL1058,1765918129,40.9605,-82.8652,11277,52
a0a30e,DAL1058,1765918133,40.9666,-82.8548,10972,52
a0a30e,DAL1058,1765918136,40.9704,-82.8481,11277,52
a0a30e,DAL1058,1765918141,40.9772,-82.8365,10972,52
a0a30e,DAL1058,1765918142,40.9784,-82.8344,11277,52
a0a30e,DAL1058,1765918144,40.981,-82.83,10972,52
a0a30e,DAL1058,1765918145,40.9823,-82.8277,11277,52
a0a30e,DAL1058,1765918152,40.992,-82.8109,10972,52
a0a30e,DAL1058,1765918154,40.9942,-82.8073,11277,52
a0a30e,DAL1058,1765918156,40.997,-82.8024,10972,52
a0a30e,DAL1058,1765918160,41.0028,-82.7924,11277,52
a0a30e,DAL1058,1765918172,41.0186,-82.7652,10972,52
a0a30e,DAL1058,1765918173,41.0198,-82.7631,11277,52
a0a30e,DAL1058,1765918175,41.023,-82.7575,10972,52
a0a30e,DAL1058,1765918176,41.0238,-82.7561,11277,52
a0a30e,DAL1058,1765918183,41.0332,-82.7398,10972,52
a0a30e,DAL1058,1765918184,41.0349,-82.737,11277,52
a0a30e,DAL1058,1765918185,41.0364,-82.7345,10972,52
a0a30e,DAL1058,1765918186,41.0376,-82.7324,11277,52
a0a30e,DAL1058,1765918188,41.0401,-82.728,10972,52
a0a30e,DAL1058,1765918189,41.0416,-82.7254,11277,52
a0a30e,DAL1058,1765918190,41.0431,-82.7228,10972,52
a0a30e,DAL1058,1765918191,41.0443,-82.7207,11277,52
a0a30e,DAL1058,1765918193,41.0474,-82.7154,10972,52
a0a30e,DAL1058,1765918194,41.0486,-82.7133,11277,52
a0a30e,DAL1058,1765918195,41.0501,-82.7108,10972,52
a0a30e,DAL1058,1765918196,41.0513,-82.7086,11277,52
a0a30e,DAL1058,1765918198,41.054,-82.704,10972,52
a0a30e,DAL1058,1765918199,41.0555,-82.7014,11277,52
a0a30e,DAL1058,1765918206,41.0645,-82.6858,10972,52
a0a30e,DAL1058,1765918208,41.0675,-82.6807,11277,52
a0a30e,DAL1058,1765918210,41.0703,-82.6758,10972,52
a0a30e,DAL1058,1765918213,41.0742,-82.6691,11277,52
a0a30e,DAL1058,1765918216,41.0781,-82.6623,10972,52
a0a30e,DAL1058,1765918217,41.0795,-82.66,11277,52
a0a30e,DAL1058,1765918220,41.0834,-82.6532,10972,52
a0a30e,DAL1058,1765918222,41.0861,-82.6485,11277,52
a0a30e,DAL1058,1765918227,41.0931,-82.6365,10972,52
a0a30e,DAL1058,1765918229,41.0957,-82.6318,11277,52
a0a30e,DAL1058,1765918234,41.1022,-82.6206,10972,52
a0a30e,DAL1058,1765918235,41.1035,-82.6183,11277,52
a0a30e,DAL1058,1765918245,41.1169,-82.5951,10972,52
a0a30e,DAL1058,1765918246,41.1182,-82.5928,11277,52
a0a30e,DAL1058,1765918248,41.1208,-82.5884,10972,52
a0a30e,DAL1058,1765918249,41.1222,-82.5858,11277,53
a0a30e,DAL1058,1765918250,41.1235,-82.5835,10972,53
a0a30e,DAL1058,1765918251,41.1253,-82.5804,11277,53
a0a30e,DAL1058,1765918252,41.1264,-82.5783,10972,53
a0a30e,DAL1058,1765918253,41.1277,-82.5759,11277,54
a0a30e,DAL1058,1765918254,41.1284,-82.5747,10972,54
a0a30e,DAL1058,1765918255,41.1298,-82.5721,11277,54
a0a30e,DAL1058,1765918260,41.1363,-82.5595,10972,56
a0a30e,DAL1058,1765918261,41.1376,-82.5568,11277,57
a0a30e,DAL1058,1765918265,41.1422,-82.5469,10972,58
a0a30e,DAL1058,1765918266,41.1434,-82.5443,11277,59
a0a30e,DAL1058,1765918267,41.1444,-82.542,10972,59
a0a30e,DAL1058,1765918268,41.1453,-82.54,11277,60
a0a30e,DAL1058,1765918269,41.1465,-82.5372,11277,60
a0a30e,DAL1058,1765918274,41.1522,-82.5233,10972,62
a0a30e,DAL1058,1765918275,41.1528,-82.5217,11277,62
a0a30e,DAL1058,1765918276,41.1537,-82.5193,10972,63
a0a30e,DAL1058,1765918277,41.1549,-82.5162,11277,63
a0a30e,DAL1058,1765918283,41.1605,-82.5004,10972,65
a0a30e,DAL1058,1765918284,41.1615,-82.4975,11277,66
a0a30e,DAL1058,1765918286,41.1633,-82.492,11277,67
a0a30e,DAL1058,1765918292,41.1684,-82.4749,10972,69
a0a30e,DAL1058,1765918293,41.1691,-82.4725,11277,69
a0a30e,DAL1058,1765918295,41.1705,-82.4671,10972,70
a0a30e,DAL1058,1765918297,41.172,-82.4616,11277,71
a0a30e,DAL1058,1765918301,41.1746,-82.4508,10972,72
a0a30e,DAL1058,1765918303,41.176,-82.4448,11277,73
a0a30e,DAL1058,1765918306,41.1779,-82.436,10972,74
a0a30e,DAL1058,1765918308,41.1791,-82.4299,11277,75
a0a30e,DAL1058,1765918309,41.1796,-82.4273,10972,75
a0a30e,DAL1058,1765918310,41.1802,-82.4241,11277,75
a0a30e,DAL1058,1765918314,41.1823,-82.4134,10972,76
a0a30e,DAL1058,1765918315,41.1831,-82.4091,11277,76
a0a30e,DAL1058,1765918317,41.1841,-82.4036,10972,76
a0a30e,DAL1058,1765918318,41.1843,-82.4018,11277,76
a0a30e,DAL1058,1765918320,41.1856,-82.3948,10972,76
a0a30e,DAL1058,1765918321,41.1861,-82.3919,11277,76
a0a30e,DAL1058,1765918326,41.1885,-82.3779,10972,76
a0a30e,DAL1058,1765918327,41.189,-82.3753,11277,77
a0a30e,DAL1058,1765918328,41.1895,-82.3724,10972,77
a0a30e,DAL1058,1765918329,41.19,-82.3695,11277,77
a0a30e,DAL1058,1765918330,41.1907,-82.3654,10972,77
a0a30e,DAL1058,1765918333,41.1922,-82.3569,11277,77
a0a30e,DAL1058,1765918335,41.1931,-82.352,10972,77
a0a30e,DAL1058,1765918336,41.1936,-82.3488,11277,77
a0a30e,DAL1058,1765918340,41.1955,-82.3373,10972,77
a0a30e,DAL1058,1765918341,41.1961,-82.3342,11277,77
a0a30e,DAL1058,1765918342,41.1965,-82.3315,10972,77
a0a30e,DAL1058,1765918343,41.1972,-82.3277,11277,77
a0a30e,DAL1058,1765918352,41.2015,-82.302,10972,77
a0a30e,DAL1058,1765918354,41.2026,-82.2955,11277,77
a0a30e,DAL1058,1765918360,41.2056,-82.2782,10972,77
a0a30e,DAL1058,1765918361,41.2061,-82.2753,11277,77
a0a30e,DAL1058,1765918365,41.2079,-82.2641,10972,77
a0a30e,DAL1058,1765918367,41.209,-82.2579,11277,77
a0a30e,DAL1058,1765918369,41.21,-82.2518,10972,77
a0a30e,DAL1058,1765918370,41.2105,-82.2491,11277,77
a0a30e,DAL1058,1765918374,41.2125,-82.2373,10972,77
a0a30e,DAL1058,1765918376,41.2135,-82.2311,11277,77
a0a30e,DAL1058,1765918379,41.215,-82.2224,10972,77
a0a30e,DAL1058,1765918380,41.2155,-82.2194,11277,77
a0a30e,DAL1058,1765918384,41.2174,-82.2083,10972,77
a0a30e,DAL1058,1765918385,41.2179,-82.2053,11277,77
a0a30e,DAL1058,1765918387,41.2191,-82.1985,10972,77
a0a30e,DAL1058,1765918388,41.2195,-82.1959,11277,77
a0a30e,DAL1058,1765918389,41.22,-82.1932,10972,77
a0a30e,DAL1058,1765918391,41.2209,-82.1876,11277,77
a0a30e,DAL1058,1765918394,41.2224,-82.1791,10972,77
a0a30e,DAL1058,1765918395,41.2229,-82.1758,11277,77
a0a30e,DAL1058,1765918398,41.2246,-82.1661,10972,77
a0a30e,DAL1058,1765918399,41.2248,-82.1644,11277,77
a0a30e,DAL1058,1765918402,41.2263,-82.1555,10972,77
a0a30e,DAL1058,1765918403,41.2271,-82.1511,11277,77
a0a30e,DAL1058,1765918405,41.2281,-82.1452,10972,77
a0a30e,DAL1058,1765918407,41.2289,-82.1402,11277,77
a0a30e,DAL1058,1765918410,41.2304,-82.1314,10972,77
a0a30e,DAL1058,1765918412,41.2315,-82.1255,11277,77
a0a30e,DAL1058,1765918414,41.2324,-82.1196,10972,77
a0a30e,DAL1058,1765918416,41.2334,-82.1137,11277,77
a0a30e,DAL1058,1765918424,41.2375,-82.0897,10972,77
a0a30e,DAL1058,1765918427,41.2389,-82.0815,11277,77
a0a30e,DAL1058,1765918433,41.2419,-82.0634,10972,77
a0a30e,DAL1058,1765918434,41.2424,-82.0608,11277,77
a0a30e,DAL1058,1765918435,41.243,-82.0569,10972,77
a0a30e,DAL1058,1765918436,41.2435,-82.0537,11277,77
a0a30e,DAL1058,1765918439,41.2447,-82.0466,10972,77
a0a30e,DAL1058,1765918440,41.2453,-82.0434,11277,77
a0a30e,DAL1058,1765918444,41.2473,-82.031,10972,77
a0a30e,DAL1058,1765918448,41.2493,-82.0195,11277,77
a0a30e,DAL1058,1765918450,41.2503,-82.0133,10972,77
a0a30e,DAL1058,1765918451,41.2508,-82.0103,11277,77
a0a30e,DAL1058,1765918457,41.2538,-81.9926,10972,77
a0a30e,DAL1058,1765918458,41.2543,-81.9896,11277,77
a0a30e,DAL1058,1765918459,41.2547,-81.9869,10972,77
a0a30e,DAL1058,1765918460,41.2552,-81.984,11277,77
a0a30e,DAL1058,1765918465,41.2579,-81.9684,10972,77
a0a30e,DAL1058,1765918468,41.2592,-81.9598,11277,77
a0a30e,DAL1058,1765918471,41.2606,-81.9518,10972,77
a0a30e,DAL1058,1765918472,41.2611,-81.9485,11277,77
a0a30e,DAL1058,1765918473,41.2616,-81.9456,10972,77
a0a30e,DAL1058,1765918474,41.2623,-81.9418,11277,77
a0a30e,DAL1058,1765918475,41.2623,-81.9418,10972,77
a0a30e,DAL1058,1765918477,41.2633,-81.9356,11277,77
a0a30e,DAL1058,1765918478,41.2643,-81.9297,10972,77
a0a30e,DAL1058,1765918479,41.2646,-81.9282,11277,77
a0a30e,DAL1058,1765918481,41.2656,-81.922,10972,77
a0a30e,DAL1058,1765918482,41.2661,-81.919,11277,77
a0a30e,DAL1058,1765918483,41.2665,-81.9164,10972,77
a0a30e,DAL1058,1765918484,41.267,-81.9134,11277,77
a0a30e,DAL1058,1765918488,41.2691,-81.901,10972,77
a0a30e,DAL1058,1765918489,41.2695,-81.8984,11277,77
a0a30e,DAL1058,1765918491,41.2707,-81.8912,10972,77
a0a30e,DAL1058,1765918492,41.2712,-81.8883,11277,77
a0a30e,DAL1058,1765918499,41.2744,-81.8691,10972,77
a0a30e,DAL1058,1765918500,41.2749,-81.8658,11277,77
a0a30e,DAL1058,1765918505,41.2775,-81.8502,10972,77
a0a30e,DAL1058,1765918507,41.2785,-81.8443,11277,77
a0a30e,DAL1058,1765918508,41.279,-81.8413,10972,77
a0a30e,DAL1058,1765918509,41.2795,-81.8381,11277,77
a0a30e,DAL1058,1765918510,41.28,-81.8354,10972,77
a0a30e,DAL1058,1765918512,41.2809,-81.8295,11277,77
a0a30e,DAL1058,1765918515,41.2824,-81.8209,10972,77
a0a30e,DAL1058,1765918518,41.2838,-81.812,11277,77
a0a30e,DAL1058,1765918521,41.2852,-81.804,10972,77
a0a30e,DAL1058,1765918522,41.2856,-81.8011,11277,77
a0a30e,DAL1058,1765918523,41.2862,-81.7979,10972,77
a0a30e,DAL1058,1765918525,41.2872,-81.7919,11277,77
a0a30e,DAL1058,1765918526,41.2876,-81.7892,10972,77
a0a30e,DAL1058,1765918527,41.2881,-81.786,11277,77
a0a30e,DAL1058,1765918529,41.2891,-81.7804,10972,77
a0a30e,DAL1058,1765918530,41.2896,-81.7771,11277,77
a0a30e,DAL1058,1765918532,41.2906,-81.7712,10972,77
a0a30e,DAL1058,1765918533,41.2911,-81.7682,11277,77
a0a30e,DAL1058,1765918534,41.2916,-81.7653,10972,77
a0a30e,DAL1058,1765918537,41.2931,-81.7561,11277,77
a0a30e,DAL1058,1765918550,41.2995,-81.7173,10972,77
a0a30e,DAL1058,1765918551,41.3,-81.7141,11277,77
a0a30e,DAL1058,1765918557,41.3029,-81.6963,10972,77
a0a30e,DAL1058,1765918560,41.3044,-81.6872,11277,77
a0a30e,DAL1058,1765918561,41.3049,-81.6845,10972,77
a0a30e,DAL1058,1765918562,41.3053,-81.6815,11277,77
a0a30e,DAL1058,1765918567,41.3075,-81.6683,10972,77
a0a30e,DAL1058,1765918570,41.3092,-81.6579,11277,77
a0a30e,DAL1058,1765918572,41.3102,-81.6523,10972,77
a0a30e,DAL1058,1765918574,41.3111,-81.6464,11277,77
a0a30e,DAL1058,1765918575,41.3116,-81.6435,10972,77
a0a30e,DAL1058,1765918576,41.312,-81.6408,11277,77
a0a30e,DAL1058,1765918580,41.3139,-81.6293,10972,77
a0a30e,DAL1058,1765918581,41.3145,-81.6261,11277,77
a0a30e,DAL1058,1765918582,41.3149,-81.6232,10972,77
a0a30e,DAL1058,1765918583,41.3154,-81.6205,11277,77
a0a30e,DAL1058,1765918590,41.3189,-81.599,10972,77
a0a30e,DAL1058,1765918591,41.3193,-81.5964,11277,77
a0a30e,DAL1058,1765918593,41.3204,-81.5899,10972,77
a0a30e,DAL1058,1765918594,41.3208,-81.5872,11277,77
a0a30e,DAL1058,1765918598,41.3226,-81.5764,10972,77
a0a30e,DAL1058,1765918599,41.3232,-81.5723,11277,77
a0a30e,DAL1058,1765918601,41.324,-81.5678,10972,77
a0a30e,DAL1058,1765918605,41.3261,-81.5546,11277,77
a0a30e,DAL1058,1765918607,41.3268,-81.5502,10972,77
a0a30e,DAL1058,1765918609,41.3274,-81.5467,11277,77
a0a30e,DAL1058,1765918611,41.3289,-81.5376,10972,77
a0a30e,DAL1058,1765918612,41.3293,-81.5352,11277,77
a0a30e,DAL1058,1765918613,41.3298,-81.5323,10972,77
a0a30e,DAL1058,1765918614,41.3303,-81.5291,11277,77
a0a30e,DAL1058,1765918615,41.3307,-81.5264,10972,77
a0a30e,DAL1058,1765918617,41.3316,-81.5209,11277,77
a0a30e,DAL1058,1765918618,41.3322,-81.5174,10972,77
a0a30e,DAL1058,1765918619,41.3327,-81.5144,11277,77
a0a30e,DAL1058,1765918620,41.3332,-81.5115,10972,77
a0a30e,DAL1058,1765918622,41.3342,-81.5048,11277,77
a0a30e,DAL1058,1765918624,41.3352,-81.4989,10972,77
a0a30e,DAL1058,1765918625,41.3355,-81.4974,11277,77
a0a30e,DAL1058,1765918633,41.3393,-81.4734,10972,77
a0a30e,DAL1058,1765918634,41.3399,-81.4702,11277,77
a0a30e,DAL1058,1765918640,41.3428,-81.4521,10972,77
a0a30e,DAL1058,1765918642,41.3435,-81.4476,11277,77
a0a30e,DAL1058,1765918646,41.3456,-81.4348,10972,77
a0a30e,DAL1058,1765918649,41.3469,-81.4269,11277,77
a0a30e,DAL1058,1765918654,41.349,-81.4141,10972,77
a0a30e,DAL1058,1765918655,41.3499,-81.4082,11277,77
a0a30e,DAL1058,1765918658,41.3513,-81.3998,10972,77
a0a30e,DAL1058,1765918663,41.3534,-81.3863,11277,77
a0a94c,N1414A,1765909356,37.0783,-121.5949,0,155
a0a94c,N1414A,1765909371,37.0719,-121.5911,0,153
a0a94c,N1414A,1765909385,37.066,-121.5874,0,151
a0a94c,N1414A,1765909386,37.0655,-121.587,0,149
a0a94c,N1414A,1765909387,37.0653,-121.5869,0,146
a0a94c,N1414A,1765909389,37.0645,-121.5861,0,138
a0a94c,N1414A,1765909390,37.0641,-121.5856,0,134
a0a94c,N1414A,1765909391,37.0637,-121.585,0,127
a0a94c,N1414A,1765909392,37.0634,-121.5845,0,121
a0a94c,N1414A,1765909393,37.0632,-121.5841,0,117
a0a94c,N1414A,1765909394,37.0632,-121.5837,0,114
a0a94c,N1414A,1765909396,37.0628,-121.5823,304,102
a0a94c,N1414A,1765909397,37.0628,-121.5819,304,98
a0a94c,N1414A,1765909398,37.0627,-121.5811,304,92
a0a94c,N1414A,1765909399,37.0627,-121.5804,304,87
a0a94c,N1414A,1765909400,37.0627,-121.5801,304,85
a0a94c,N1414A,1765909401,37.0628,-121.5794,304,81
a0a94c,N1414A,1765909402,37.0629,-121.5789,304,78
a0a94c,N1414A,1765909403,37.063,-121.5782,304,74
a0a94c,N1414A,1765909404,37.0632,-121.5776,304,71
a0a94c,N1414A,1765909405,37.0633,-121.5771,304,70
a0a94c,N1414A,1765909406,37.0635,-121.5766,304,68
a0a94c,N1414A,1765909407,37.0637,-121.576,304,66
a0a94c,N1414A,1765909408,37.0639,-121.5755,304,63
a0a94c,N1414A,1765909409,37.0642,-121.5748,304,59
a0a94c,N1414A,1765909410,37.0645,-121.5742,304,54
a0a94c,N1414A,1765909411,37.0648,-121.5738,304,49
a0a94c,N1414A,1765909412,37.0651,-121.5734,304,44
a0a94c,N1414A,1765909413,37.0652,-121.5732,304,42
a0a94c,N1414A,1765909414,37.0656,-121.5729,304,33
a0a94c,N1414A,1765909415,37.0661,-121.5726,304,24
a0a94c,N1414A,1765909416,37.0666,-121.5724,304,17
a0a94c,N1414A,1765909417,37.067,-121.5723,304,11
a0a94c,N1414A,1765909418,37.0675,-121.5722,304,4
a0a94c,N1414A,1765909419,37.0679,-121.5722,304,0
a0a94c,N1414A,1765909420,37.0683,-121.5723,304,355
a0a94c,N1414A,1765909421,37.0687,-121.5723,304,351
a0a94c,N1414A,1765909422,37.0693,-121.5724,304,347
a0a94c,N1414A,1765909423,37.0697,-121.5726,304,345
a0a94c,N1414A,1765909424,37.0702,-121.5727,304,343
a0a94c,N1414A,1765909425,37.0706,-121.573,304,341
a0a94c,N1414A,1765909426,37.071,-121.5731,304,339
a0a94c,N1414A,1765909427,37.0715,-121.5733,304,339
a0a94c,N1414A,1765909429,37.0723,-121.5738,304,337
a0a94c,N1414A,1765909431,37.0731,-121.5742,304,335
a0a94c,N1414A,1765909432,37.0735,-121.5745,304,332
a0a94c,N1414A,1765909436,37.0751,-121.5756,304,332
a0a94c,N1414A,1765909440,37.0766,-121.5765,304,334
a0a94c,N1414A,1765909444,37.0782,-121.5774,304,336
a0a94c,N1414A,1765909477,37.0893,-121.5828,0,338
a0a94c,N1414A,1765909487,37.0925,-121.5845,0,336
a0a94c,N1414A,1765909504,37.0972,-121.5872,0,334
a0a94c,N1414A,1765909505,37.0976,-121.5875,0,332
a0a94c,N1414A,1765909506,37.0979,-121.5877,0,329
a0a94c,N1414A,1765909507,37.0982,-121.5879,0,326
a0a94c,N1414A,1765909508,37.0985,-121.5882,0,321
a0a94c,N1414A,1765909509,37.0986,-121.5883,0,320
a0a94c,N1414A,1765909510,37.0988,-121.5886,0,315
a0a94c,N1414A,1765909511,37.099,-121.5888,0,311
a0a94c,N1414A,1765909512,37.0992,-121.5892,0,304
a0a94c,N1414A,1765909515,37.0996,-121.5903,0,290
a0a94c,N1414A,1765909516,37.0998,-121.5908,0,290
a0a94c,N1414A,1765909517,37.0998,-121.5912,0,279
a0a94c,N1414A,1765909518,37.0999,-121.5918,0,276
a0a94c,N1414A,1765909519,37.0999,-121.5922,0,270
a0a94c,N1414A,1765909520,37.0999,-121.5926,0,270
a0a94c,N1414A,1765909521,37.0998,-121.5928,0,264
a0a94c,N1414A,1765909522,37.0998,-121.5935,0,262
a0a94c,N1414A,1765909523,37.0997,-121.5939,0,259
a0a94c,N1414A,1765909524,37.0997,-121.594,0,259
a0a94c,N1414A,1765909525,37.0995,-121.5947,0,254
a0a94c,N1414A,1765909526,37.0995,-121.595,0,252
a0a94c,N1414A,1765909527,37.0994,-121.5953,0,250
a0a94c,N1414A,1765909528,37.0992,-121.5959,0,247
a0a94c,N1414A,1765909529,37.0991,-121.5963,0,246
a0a94c,N1414A,1765909537,37.098,-121.5991,0,243
a0a94c,N1414A,1765909541,37.0973,-121.6008,0,240
a0a94c,N1414A,1765909544,37.0966,-121.6019,0,238
a0a94c,N1414A,1765909545,37.0964,-121.6023,0,222
a0a94c,N1414A,1765909546,37.0961,-121.6026,0,216
a0a94c,N1414A,1765909547,37.0957,-121.6028,0,210
a0a94c,N1414A,1765909548,37.0956,-121.6029,0,208
a0a94c,N1414A,1765909549,37.0953,-121.603,0,202
a0a94c,N1414A,1765909605,37.0787,-121.5952,0,155
a0a94c,N1414A,1765909637,37.0642,-121.5867,0,154
a0a94c,N1414A,1765909641,37.0624,-121.5856,0,152
a0a94c,N1414A,1765909642,37.0619,-121.5852,0,150
a0a94c,N1414A,1765909643,37.0615,-121.5849,0,146
a0a94c,N1414A,1765909644,37.0611,-121.5846,0,142
a0a94c,N1414A,1765909645,37.0609,-121.5843,0,140
a0a94c,N1414A,1765909646,37.0603,-121.5836,0,132
a0a94c,N1414A,1765909647,37.06,-121.5832,0,128
a0a94c,N1414A,1765909648,37.0599,-121.5829,0,125
a0a94c,N1414A,1765909649,37.0595,-121.5822,0,118
a0a94c,N1414A,1765909650,37.0594,-121.5819,0,118
a0a94c,N1414A,1765909651,37.0591,-121.581,0,109
a0a94c,N1414A,1765909652,37.059,-121.5803,0,103
a0a94c,N1414A,1765909653,37.0589,-121.5796,0,102
a0a94c,N1414A,1765909654,37.0588,-121.579,304,95
a0a94c,N1414A,1765909655,37.0588,-121.5785,304,92
a0a94c,N1414A,1765909656,37.0588,-121.5777,304,87
a0a94c,N1414A,1765909657,37.0589,-121.577,304,83
a0a94c,N1414A,1765909658,37.0589,-121.5767,304,81
a0a94c,N1414A,1765909659,37.059,-121.5758,304,76
a0a94c,N1414A,1765909660,37.0591,-121.5754,304,74
a0a94c,N1414A,1765909661,37.0593,-121.5748,304,71
a0a94c,N1414A,1765909662,37.0595,-121.5741,304,69
a0a94c,N1414A,1765909663,37.0597,-121.5736,304,67
a0a94c,N1414A,1765909664,37.0599,-121.5731,304,65
a0a94c,N1414A,1765909665,37.0601,-121.5725,304,62
a0a94c,N1414A,1765909666,37.0602,-121.5722,304,60
a0a94c,N1414A,1765909667,37.0606,-121.5714,304,56
a0a94c,N1414A,1765909668,37.0609,-121.571,304,51
a0a94c,N1414A,1765909669,37.0613,-121.5705,304,44
a0a94c,N1414A,1765909670,37.0616,-121.5701,304,37
a0a94c,N1414A,1765909671,37.062,-121.5698,304,31
a0a94c,N1414A,1765909672,37.0624,-121.5695,304,25
a0a94c,N1414A,1765909673,37.0627,-121.5694,304,21
a0a94c,N1414A,1765909674,37.0633,-121.5692,304,13
a0a94c,N1414A,1765909675,37.0635,-121.5691,304,8
a0a94c,N1414A,1765909676,37.064,-121.569,304,2
a0a94c,N1414A,1765909677,37.0645,-121.569,304,356
a0a94c,N1414A,1765909678,37.065,-121.5691,304,352
a0a94c,N1414A,1765909679,37.0657,-121.5692,304,347
a0a94c,N1414A,1765909680,37.0662,-121.5695,304,342
a0a94c,N1414A,1765909681,37.0666,-121.5696,304,339
a0a94c,N1414A,1765909682,37.0671,-121.5699,304,336
a0a94c,N1414A,1765909683,37.0675,-121.5701,304,335
a0a94c,N1414A,1765909685,37.0683,-121.5707,304,331
a0a94c,N1414A,1765909686,37.0688,-121.5709,0,332
a0a94c,N1414A,1765909687,37.0694,-121.5714,0,333
a0a94c,N1414A,1765909729,37.0856,-121.5808,0,334
a0a94c,N1414A,1765909766,37.0967,-121.5867,0,337
a0a94c,N1414A,1765909768,37.0972,-121.5871,0,330
a0a94c,N1414A,1765909769,37.0974,-121.5873,0,326
a0a94c,N1414A,1765909770,37.0977,-121.5875,0,321
a0a94c,N1414A,1765909771,37.0979,-121.5878,0,318
a0a94c,N1414A,1765909772,37.0981,-121.5881,0,308
a0a94c,N1414A,1765909775,37.0986,-121.5892,0,291
a0a94c,N1414A,1765909776,37.0987,-121.5896,0,291
a0a94c,N1414A,1765909777,37.0988,-121.59,0,281
a0a94c,N1414A,1765909778,37.0989,-121.5905,0,280
a0a94c,N1414A,1765909784,37.0987,-121.5929,0,258
a0a94c,N1414A,1765909785,37.0986,-121.5933,0,255
a0a94c,N1414A,1765909786,37.0985,-121.5938,0,252
a0a94c,N1414A,1765909787,37.0984,-121.5942,0,250
a0a94c,N1414A,1765909788,37.0983,-121.5946,0,249
a0a94c,N1414A,1765909789,37.0982,-121.5949,0,247
a0a94c,N1414A,1765909791,37.098,-121.5955,0,245
a0a94c,N1414A,1765909792,37.0977,-121.5963,0,243
a0a94c,N1414A,1765909801,37.0964,-121.5994,0,241
a0a94c,N1414A,1765909805,37.0958,-121.6007,0,237
a0a94c,N1414A,1765909808,37.0951,-121.6016,0,220
a0a94c,N1414A,1765909809,37.0948,-121.6019,0,213
a0a94c,N1414A,1765909810,37.0945,-121.6021,0,204
a0a94c,N1414A,1765909811,37.0941,-121.6023,0,200
a0a94c,N1414A,1765909823,37.0902,-121.6015,0,157
a0a94c,N1414A,1765909905,37.0594,-121.5843,0,154
a0a94c,N1414A,1765909928,37.0469,-121.5775,304,157
a0a94c,N1414A,1765909969,37.0271,-121.5673,609,157
a0a94c,N1414A,1765909971,37.0262,-121.5668,609,158
a0a94c,N1414A,1765910000,37.0111,-121.5597,609,160
a0a94c,N1414A,1765910002,37.0099,-121.5592,609,162
a0a94c,N1414A,1765910003,37.0092,-121.559,609,164
a0a94c,N1414A,1765910004,37.0086,-121.5588,609,166
a0a94c,N1414A,1765910005,37.0079,-121.5586,609,169
a0a94c,N1414A,1765910006,37.0073,-121.5585,609,172
a0a94c,N1414A,1765910007,37.0066,-121.5585,609,174
a0a94c,N1414A,1765910008,37.0058,-121.5584,609,178
a0a94c,N1414A,1765910009,37.0051,-121.5584,609,180
a0a94c,N1414A,1765910010,37.0047,-121.5585,609,182
a0a94c,N1414A,1765910011,37.0036,-121.5585,609,184
a0a94c,N1414A,1765910018,36.9992,-121.5592,609,186
a0a94c,N1414A,1765910047,36.9781,-121.5614,609,184
a0a94c,N1414A,1765910066,36.9635,-121.5629,609,186
a0a94c,N1414A,1765910068,36.9619,-121.5632,609,189
a0a94c,N1414A,1765910069,36.9612,-121.5634,609,190
a0a94c,N1414A,1765910070,36.9604,-121.5636,609,192
a0a94c,N1414A,1765910071,36.9601,-121.5637,609,193
a0a94c,N1414A,1765910074,36.9576,-121.5648,609,203
a0a94c,N1414A,1765910075,36.9566,-121.5653,609,205
a0a94c,N1414A,1765910076,36.9559,-121.5658,609,208
a0a94c,N1414A,1765910077,36.9554,-121.5661,609,209
a0a94c,N1414A,1765910078,36.9546,-121.5668,609,211
a0a94c,N1414A,1765910079,36.954,-121.5672,609,212
a0a94c,N1414A,1765910109,36.9361,-121.5822,609,214
a0a94c,N1414A,1765910118,36.9294,-121.5881,609,216
a0a94c,N1414A,1765910120,36.928,-121.5895,609,218
a0a94c,N1414A,1765910122,36.9271,-121.5904,609,220
a0a94c,N1414A,1765910125,36.9251,-121.5928,609,227
a0a94c,N1414A,1765910126,36.9249,-121.5933,609,229
a0a94c,N1414A,1765910127,36.9244,-121.594,609,231
a0f6b9,SKW3931,1765913314,42.2142,-83.3466,0,209
a0f6b9,SKW3931,1765913316,42.2131,-83.3475,304,209
a0f6b9,SKW3931,1765913330,42.2054,-83.3532,304,207
a0f6b9,SKW3931,1765913332,42.2043,-83.354,304,205
a0f6b9,SKW3931,1765913333,42.2034,-83.3545,304,204
a0f6b9,SKW3931,1765913334,42.2031,-83.3546,304,203
a0f6b9,SKW3931,1765913335,42.2025,-83.355,304,201
a0f6b9,SKW3931,1765913337,42.2012,-83.3556,304,199
a0f6b9,SKW3931,1765913340,42.1992,-83.3564,609,197
a0f6b9,SKW3931,1765913341,42.1986,-83.3566,609,195
a0f6b9,SKW3931,1765913342,42.1979,-83.3568,609,194
a0f6b9,SKW3931,1765913344,42.1965,-83.3573,609,192
a0f6b9,SKW3931,1765913346,42.1953,-83.3576,609,190
a0f6b9,SKW3931,1765913347,42.1946,-83.3578,609,189
a0f6b9,SKW3931,1765913349,42.1932,-83.358,609,187
a0f6b9,SKW3931,1765913351,42.1916,-83.3583,609,185
a0f6b9,SKW3931,1765913352,42.1906,-83.3583,609,184
a0f6b9,SKW3931,1765913354,42.189,-83.3584,609,182
a0f6b9,SKW3931,1765913355,42.1881,-83.3584,609,181
a0f6b9,SKW3931,1765913356,42.1877,-83.3584,609,178
a0f6b9,SKW3931,1765913359,42.185,-83.3581,609,176
a0f6b9,SKW3931,1765913361,42.1832,-83.3579,609,174
a0f6b9,SKW3931,1765913363,42.1819,-83.3577,609,172
a0f6b9,SKW3931,1765913364,42.1811,-83.3575,609,170
a0f6b9,SKW3931,1765913366,42.1792,-83.357,609,168
a0f6b9,SKW3931,1765913371,42.1745,-83.3556,914,166
a0f6b9,SKW3931,1765913379,42.1676,-83.3535,914,168
a0f6b9,SKW3931,1765913399,42.1484,-83.3488,1219,170
a0f6b9,SKW3931,1765913415,42.131,-83.3445,1219,167
a0f6b9,SKW3931,1765913418,42.1279,-83.3434,1524,165
a0f6b9,SKW3931,1765913419,42.1273,-83.3432,1524,164
a0f6b9,SKW3931,1765913420,42.1261,-83.3427,1524,162
a0f6b9,SKW3931,1765913421,42.1251,-83.3422,1524,161
a0f6b9,SKW3931,1765913423,42.123,-83.3412,1524,159
a0f6b9,SKW3931,1765913424,42.1219,-83.3405,1524,156
a0f6b9,SKW3931,1765913425,42.1208,-83.3398,1524,154
a0f6b9,SKW3931,1765913426,42.1198,-83.3391,1524,152
a0f6b9,SKW3931,1765913427,42.1189,-83.3384,1524,151
a0f6b9,SKW3931,1765913428,42.1176,-83.3375,1524,149
a0f6b9,SKW3931,1765913430,42.1161,-83.336,1524,147
a0f6b9,SKW3931,1765913431,42.115,-83.3351,1524,146
a0f6b9,SKW3931,1765913432,42.1141,-83.3341,1524,144
a0f6b9,SKW3931,1765913433,42.1128,-83.3326,1524,140
a0f6b9,SKW3931,1765913434,42.1119,-83.3316,1524,140
a0f6b9,SKW3931,1765913435,42.1115,-83.331,1524,137
a0f6b9,SKW3931,1765913436,42.1102,-83.3294,1524,135
a0f6b9,SKW3931,1765913438,42.1085,-83.3271,1524,134
a0f6b9,SKW3931,1765913439,42.1076,-83.3257,1524,132
a0f6b9,SKW3931,1765913440,42.1072,-83.3248,1828,131
a0f6b9,SKW3931,1765913441,42.1061,-83.3231,1828,128
a0f6b9,SKW3931,1765913443,42.1048,-83.3207,1828,127
a0f6b9,SKW3931,1765913444,42.104,-83.3193,1828,124
a0f6b9,SKW3931,1765913445,42.1033,-83.3177,1828,123
a0f6b9,SKW3931,1765913446,42.1026,-83.3162,1828,121
a0f6b9,SKW3931,1765913448,42.1013,-83.3131,1828,120
a0f6b9,SKW3931,1765913449,42.1006,-83.3113,1828,119
a0f6b9,SKW3931,1765913450,42.1,-83.3097,1828,117
a0f6b9,SKW3931,1765913451,42.0994,-83.3081,1828,115
a0f6b9,SKW3931,1765913452,42.0988,-83.3062,1828,115
a0f6b9,SKW3931,1765913453,42.0983,-83.3045,1828,112
a0f6b9,SKW3931,1765913454,42.0978,-83.3027,1828,112
a0f6b9,SKW3931,1765913455,42.0973,-83.3008,1828,109
a0f6b9,SKW3931,1765913456,42.0969,-83.2992,1828,108
a0f6b9,SKW3931,1765913459,42.0959,-83.2941,1828,106
a0f6b9,SKW3931,1765913460,42.0956,-83.2921,1828,103
a0f6b9,SKW3931,1765913461,42.0954,-83.2904,1828,102
a0f6b9,SKW3931,1765913462,42.0951,-83.2884,1828,99
a0f6b9,SKW3931,1765913463,42.095,-83.2867,1828,97
a0f6b9,SKW3931,1765913464,42.0948,-83.2848,1828,96
a0f6b9,SKW3931,1765913465,42.0947,-83.2829,1828,94
a0f6b9,SKW3931,1765913466,42.0947,-83.2809,1828,92
a0f6b9,SKW3931,1765913467,42.0946,-83.2788,1828,91
a0f6b9,SKW3931,1765913468,42.0947,-83.2767,1828,89
a0f6b9,SKW3931,1765913471,42.0949,-83.2716,1828,87
a0f6b9,SKW3931,1765913472,42.095,-83.2697,1828,85
a0f6b9,SKW3931,1765913473,42.0951,-83.2679,1828,84
a0f6b9,SKW3931,1765913485,42.0972,-83.245,2438,82
a0f6b9,SKW3931,1765913487,42.0977,-83.2406,2438,81
a0f6b9,SKW3931,1765913490,42.0985,-83.2352,2438,78
a0f6b9,SKW3931,1765913492,42.0991,-83.2316,2438,76
a0f6b9,SKW3931,1765913503,42.1033,-83.211,2743,74
a0f6b9,SKW3931,1765913525,42.1111,-83.1699,3048,76
a0f6b9,SKW3931,1765913540,42.1166,-83.1404,3048,74
a0f6b9,SKW3931,1765913544,42.1184,-83.1328,3048,72
a0f6b9,SKW3931,1765913549,42.1212,-83.1221,3352,70
a0f6b9,SKW3931,1765913585,42.1418,-83.0482,3657,69
a0f6b9,SKW3931,1765913613,42.1585,-82.9863,3962,70
a0f6b9,SKW3931,1765913641,42.1757,-82.9212,3962,69
a0f6b9,SKW3931,1765913664,42.1902,-82.8678,4572,70
a0f6b9,SKW3931,1765913686,42.204,-82.8162,4876,70
a0f6b9,SKW3931,1765913715,42.2226,-82.7467,5181,70
a0f6b9,SKW3931,1765913739,42.238,-82.6888,5181,71
a0f6b9,SKW3931,1765913744,42.2411,-82.675,5486,73
a0f6b9,SKW3931,1765913748,42.2431,-82.6651,5486,75
a0f6b9,SKW3931,1765913753,42.2454,-82.652,5486,77
a0f6b9,SKW3931,1765913759,42.2475,-82.6368,5486,80
a0f6b9,SKW3931,1765913764,42.2489,-82.6244,5486,82
a0f6b9,SKW3931,1765913768,42.2498,-82.6132,5486,84
a0f6b9,SKW3931,1765913776,42.2509,-82.591,5791,86
a0f6b9,SKW3931,1765913809,42.2548,-82.5009,6096,86
a0f6b9,SKW3931,1765913823,42.2563,-82.4626,6096,88
a0f6b9,SKW3931,1765913832,42.2561,-82.4372,6400,91
a0f6b9,SKW3931,1765913868,42.2548,-82.336,6705,90
a0f6b9,SKW3931,1765913908,42.2537,-82.2206,7010,90
a0f6b9,SKW3931,1765913950,42.2524,-82.0966,7315,90
a0f6b9,SKW3931,1765913984,42.251,-81.9953,7620,91
a0f6b9,SKW3931,1765914024,42.2493,-81.8748,7924,91
a0f6b9,SKW3931,1765914064,42.2474,-81.7511,8229,91
a0f6b9,SKW3931,1765914110,42.2452,-81.6085,8229,91
a0f6b9,SKW3931,1765914146,42.2434,-81.495,8839,91
a0f6b9,SKW3931,1765914175,42.2423,-81.4067,9144,91
a0f6b9,SKW3931,1765914223,42.2401,-81.2567,9448,91
a0f6b9,SKW3931,1765914225,42.24,-81.2521,9144,91
a0f6b9,SKW3931,1765914236,42.2394,-81.2162,9448,91
a0f6b9,SKW3931,1765914310,42.2355,-80.9792,9448,90
a0f6b9,SKW3931,1765914313,42.2357,-80.9708,9448,87
a0f6b9,SKW3931,1765915198,42.4272,-78.1691,9448,85
a0f6b9,SKW3931,1765915772,42.5145,-76.3528,9448,88
a0f6b9,SKW3931,1765915779,42.5145,-76.3306,9448,90
a0f6b9,SKW3931,1765915782,42.5144,-76.3227,9448,91
a0f6b9,SKW3931,1765915792,42.5128,-76.2898,9448,95
a0f6b9,SKW3931,1765915794,42.5125,-76.2854,9448,95
a0f6b9,SKW3931,1765915800,42.5105,-76.2645,9448,98
a0f6b9,SKW3931,1765916042,42.4084,-75.4944,9144,100
a0f6b9,SKW3931,1765916117,42.3759,-75.2587,8839,100
a0f6b9,SKW3931,1765916242,42.3216,-74.8716,8839,98
a0f6b9,SKW3931,1765916247,42.3201,-74.8555,8839,96
a0f6b9,SKW3931,1765916252,42.3191,-74.8387,8839,94
a0f6b9,SKW3931,1765916258,42.3184,-74.8197,8839,91
a0f6b9,SKW3931,1765916263,42.3183,-74.8037,8839,89
a0f6b9,SKW3931,1765916268,42.3187,-74.7884,8839,87
a0f6b9,SKW3931,1765916461,42.3497,-74.1911,8229,85
a0f6b9,SKW3931,1765916506,42.3582,-74.0525,8229,85
a0f6b9,SKW3931,1765916545,42.3652,-73.9334,7924,85
a0f6b9,SKW3931,1765916579,42.3712,-73.833,7620,85
a0f6b9,SKW3931,1765916615,42.3773,-73.7282,7315,85
a0f6b9,SKW3931,1765916650,42.3831,-73.6254,7010,85
a0f6b9,SKW3931,1765916686,42.3891,-73.5222,6705,85
a0f6b9,SKW3931,1765916718,42.3939,-73.4318,6400,85
a0f6b9,SKW3931,1765916729,42.3956,-73.4003,6400,85
a0f6b9,SKW3931,1765916735,42.3961,-73.3838,6400,88
a0f6b9,SKW3931,1765916737,42.3961,-73.3779,6400,91
a0f6b9,SKW3931,1765916739,42.3959,-73.3737,6400,92
a0f6b9,SKW3931,1765916741,42.3956,-73.3684,6400,93
a0f6b9,SKW3931,1765916742,42.3954,-73.3653,6400,95
a0f6b9,SKW3931,1765916745,42.3944,-73.3555,6400,97
a0f6b9,SKW3931,1765916747,42.3939,-73.3513,6400,99
a0f6b9,SKW3931,1765916749,42.3929,-73.3455,6400,101
a0f6b9,SKW3931,1765916750,42.3925,-73.343,6400,102
a0f6b9,SKW3931,1765916753,42.391,-73.3351,6096,103
a0f6b9,SKW3931,1765916754,42.3902,-73.3312,6096,103
a0f6b9,SKW3931,1765916755,42.3895,-73.3286,6096,106
a0f6b9,SKW3931,1765916757,42.3881,-73.3232,6096,108
a0f6b9,SKW3931,1765916758,42.3877,-73.3216,6096,110
a0f6b9,SKW3931,1765916760,42.3862,-73.3166,6096,111
a0f6b9,SKW3931,1765916762,42.3842,-73.3101,6096,112
a0f6b9,SKW3931,1765916764,42.3829,-73.3065,6096,114
a0f6b9,SKW3931,1765916766,42.3805,-73.3002,6096,116
a0f6b9,SKW3931,1765916769,42.3772,-73.2923,6096,118
a0f6b9,SKW3931,1765916770,42.3761,-73.2902,6096,121
a0f6b9,SKW3931,1765916773,42.3728,-73.2834,6096,123
a0f6b9,SKW3931,1765916774,42.3717,-73.2813,6096,124
a0f6b9,SKW3931,1765916775,42.3705,-73.2793,6096,126
a0f6b9,SKW3931,1765916777,42.3678,-73.2747,6096,128
a0f6b9,SKW3931,1765916778,42.3664,-73.2725,6096,130
a0f6b9,SKW3931,1765916780,42.3636,-73.2683,6096,132
a0f6b9,SKW3931,1765916788,42.3522,-73.2524,5791,134
a0f6b9,SKW3931,1765917056,41.9622,-72.718,5791,133
a0f6b9,SKW3931,1765917064,41.9506,-72.7007,5486,131
a0f6b9,SKW3931,1765917072,41.9392,-72.6826,5486,129
a0f6b9,SKW3931,1765917096,41.9087,-72.6294,5181,126
a0f6b9,SKW3931,1765917123,41.8746,-72.5682,4876,126
a0f6b9,SKW3931,1765917151,41.8398,-72.5059,4572,126
a0f6b9,SKW3931,1765917180,41.8051,-72.4436,3962,126
a0f6b9,SKW3931,1765917208,41.772,-72.3841,3962,126
a0f6b9,SKW3931,1765917237,41.7388,-72.3245,3657,126
a0f6b9,SKW3931,1765917265,41.7066,-72.2671,3352,126
a0f6b9,SKW3931,1765917295,41.6741,-72.2091,3048,126
a0f6b9,SKW3931,1765917409,41.569,-72.0215,3048,125
a0f6b9,SKW3931,1765917415,41.5641,-72.0118,3048,122
a0f6b9,SKW3931,1765917420,41.5605,-72.0039,3048,121
a0f6b9,SKW3931,1765917427,41.5554,-71.9921,3048,118
a0f6b9,SKW3931,1765917433,41.5513,-71.9816,3048,116
a0f6b9,SKW3931,1765917458,41.536,-71.9373,2743,114
a0f6b9,SKW3931,1765917496,41.5141,-71.8725,2438,114
a0f6b9,SKW3931,1765917509,41.507,-71.851,2438,112
a0f6b9,SKW3931,1765917511,41.5061,-71.8477,2438,109
a0f6b9,SKW3931,1765917512,41.5056,-71.8458,2438,108
a0f6b9,SKW3931,1765917513,41.5052,-71.8439,2438,107
a0f6b9,SKW3931,1765917514,41.5048,-71.8422,2438,105
a0f6b9,SKW3931,1765917515,41.5045,-71.8403,2438,104
a0f6b9,SKW3931,1765917516,41.5042,-71.8384,2438,102
a0f6b9,SKW3931,1765917517,41.5041,-71.8375,2438,101
a0f6b9,SKW3931,1765917518,41.5038,-71.8354,2438,99
a0f6b9,SKW3931,1765917519,41.5035,-71.833,2438,98
a0f6b9,SKW3931,1765917520,41.5033,-71.831,2438,96
a0f6b9,SKW3931,1765917521,41.5033,-71.8301,2438,95
a0f6b9,SKW3931,1765917522,41.5031,-71.8274,2438,94
a0f6b9,SKW3931,1765917523,41.5031,-71.8267,2438,92
a0f6b9,SKW3931,1765917524,41.5031,-71.8241,2438,91
a0f6b9,SKW3931,1765917525,41.5031,-71.8222,2438,90
a0f6b9,SKW3931,1765917526,41.5031,-71.8203,2438,88
a0f6b9,SKW3931,1765917527,41.5032,-71.8186,2438,87
a0f6b9,SKW3931,1765917529,41.5034,-71.8156,2438,86
a0f6b9,SKW3931,1765917530,41.5036,-71.8133,2438,83
a0f6b9,SKW3931,1765917531,41.5038,-71.8114,1828,82
a0f6b9,SKW3931,1765917533,41.5042,-71.8081,1828,81
a0f6b9,SKW3931,1765917534,41.5045,-71.8061,1828,78
a0f6b9,SKW3931,1765917535,41.5048,-71.8041,1828,77
a0f6b9,SKW3931,1765917536,41.5052,-71.8024,1828,75
a0f6b9,SKW3931,1765917538,41.5059,-71.7992,1828,74
a0f6b9,SKW3931,1765917539,41.5063,-71.7976,1828,72
a0f6b9,SKW3931,1765917540,41.5068,-71.7957,1828,70
a0f6b9,SKW3931,1765917541,41.5072,-71.7941,1828,69
a0f6b9,SKW3931,1765917542,41.5077,-71.7924,1828,68
a0f6b9,SKW3931,1765917543,41.5085,-71.79,1828,66
a0f6b9,SKW3931,1765917544,41.5091,-71.7883,1828,65
a0f6b9,SKW3931,1765917545,41.5094,-71.7875,1828,64
a0f6b9,SKW3931,1765917546,41.5104,-71.7849,1828,62
a0f6b9,SKW3931,1765917548,41.5114,-71.7826,1828,61
a0f6b9,SKW3931,1765917549,41.5124,-71.7804,1828,58
a0f6b9,SKW3931,1765917550,41.5132,-71.7788,1828,57
a0f6b9,SKW3931,1765917551,41.5139,-71.7775,1828,55
a0f6b9,SKW3931,1765917552,41.5146,-71.7761,1828,54
a0f6b9,SKW3931,1765917553,41.5156,-71.7743,1828,52
a0f6b9,SKW3931,1765917554,41.5164,-71.773,1828,51
a0f6b9,SKW3931,1765917555,41.5174,-71.7714,1828,49
a0f6b9,SKW3931,1765917556,41.5184,-71.7701,1828,48
a0f6b9,SKW3931,1765917557,41.5193,-71.7687,1828,47
a0f6b9,SKW3931,1765917559,41.5209,-71.7666,1828,45
a0f6b9,SKW3931,1765917560,41.5224,-71.7647,1828,43
a0f6b9,SKW3931,1765917564,41.526,-71.7604,1828,41
a0f6b9,SKW3931,1765917602,41.5657,-71.715,1524,40
a0f6b9,SKW3931,1765917642,41.6062,-71.6686,1219,40
a0f6b9,SKW3931,1765917645,41.6091,-71.6653,1219,40
a0f6b9,SKW3931,1765917655,41.6195,-71.654,1219,37
a0f6b9,SKW3931,1765917657,41.6216,-71.6519,1219,36
a0f6b9,SKW3931,1765917843,41.8185,-71.4769,914,33
a0f6b9,SKW3931,1765917902,41.8698,-71.4306,914,35
a0f6b9,SKW3931,1765917904,41.8715,-71.4288,914,38
a0f6b9,SKW3931,1765917907,41.8732,-71.4269,914,39
a0f6b9,SKW3931,1765917908,41.8741,-71.4258,914,43
a0f6b9,SKW3931,1765917909,41.8754,-71.4239,914,45
a0f6b9,SKW3931,1765917910,41.8754,-71.4239,914,49
a0f6b9,SKW3931,1765917911,41.8764,-71.4221,914,49
a0f6b9,SKW3931,1765917912,41.8771,-71.4207,914,52
a0f6b9,SKW3931,1765917913,41.8776,-71.4196,914,57
a0f6b9,SKW3931,1765917914,41.8781,-71.4184,914,57
a0f6b9,SKW3931,1765917915,41.8786,-71.4171,914,63
a0f6b9,SKW3931,1765917916,41.879,-71.4159,914,66
a0f6b9,SKW3931,1765917917,41.8793,-71.4148,914,66
a0f6b9,SKW3931,1765917918,41.8796,-71.4135,914,71
a0f6b9,SKW3931,1765917919,41.8798,-71.4123,914,73
a0f6b9,SKW3931,1765917921,41.8802,-71.4099,914,76
a0f6b9,SKW3931,1765917922,41.8803,-71.4092,914,81
a0f6b9,SKW3931,1765917923,41.8804,-71.4079,914,84
a0f6b9,SKW3931,1765917924,41.8805,-71.4062,914,86
a0f6b9,SKW3931,1765917925,41.8805,-71.4054,914,89
a0f6b9,SKW3931,1765917926,41.8805,-71.4041,914,91
a0f6b9,SKW3931,1765917927,41.8804,-71.4029,914,91
a0f6b9,SKW3931,1765917928,41.8803,-71.4011,914,96
a0f6b9,SKW3931,1765917930,41.88,-71.3994,914,99
a0f6b9,SKW3931,1765917931,41.8798,-71.3982,914,102
a0f6b9,SKW3931,1765917933,41.8792,-71.3953,914,104
a0f6b9,SKW3931,1765917935,41.8789,-71.3936,914,106
a0f6b9,SKW3931,1765917939,41.8777,-71.3889,914,108
a0f6b9,SKW3931,1765917946,41.8758,-71.3817,914,110
a0f6b9,SKW3931,1765917947,41.8755,-71.3807,914,113
a0f6b9,SKW3931,1765917948,41.8751,-71.3796,914,114
a0f6b9,SKW3931,1765917949,41.8748,-71.3787,914,115
a0f6b9,SKW3931,1765917951,41.874,-71.3767,609,117
a0f6b9,SKW3931,1765917952,41.8734,-71.3756,609,119
a0f6b9,SKW3931,1765917953,41.873,-71.3746,609,121
a0f6b9,SKW3931,1765917954,41.8725,-71.3737,609,124
a0f6b9,SKW3931,1765917956,41.8716,-71.372,609,126
a0f6b9,SKW3931,1765917957,41.8711,-71.3712,609,128
a0f6b9,SKW3931,1765917959,41.87,-71.3695,609,129
a0f6b9,SKW3931,1765917963,41.8679,-71.3663,609,131
a0f6b9,SKW3931,1765917992,41.8525,-71.3432,609,133
a0f6b9,SKW3931,1765917993,41.852,-71.3424,609,134
a0f6b9,SKW3931,1765917994,41.8514,-71.3417,609,136
a0f6b9,SKW3931,1765917995,41.8509,-71.3411,609,138
a0f6b9,SKW3931,1765917996,41.8502,-71.3404,609,140
a0f6b9,SKW3931,1765917998,41.8493,-71.3395,609,142
a0f6b9,SKW3931,1765917999,41.8483,-71.3386,304,147
a0f6b9,SKW3931,1765918000,41.8477,-71.3382,304,150
a0f6b9,SKW3931,1765918001,41.8471,-71.3378,304,152
a0f6b9,SKW3931,1765918002,41.8464,-71.3374,304,152
a0f6b9,SKW3931,1765918003,41.8457,-71.337,304,157
a0f6b9,SKW3931,1765918004,41.845,-71.3367,304,159
a0f6b9,SKW3931,1765918005,41.8443,-71.3364,304,162
a0f6b9,SKW3931,1765918006,41.8436,-71.3361,304,164
a0f6b9,SKW3931,1765918007,41.8428,-71.3359,304,167
a0f6b9,SKW3931,1765918008,41.842,-71.3357,304,169
a0f6b9,SKW3931,1765918009,41.8412,-71.3355,304,169
a0f6b9,SKW3931,1765918010,41.8405,-71.3355,304,174
a0f6b9,SKW3931,1765918011,41.8397,-71.3354,304,176
a0f6b9,SKW3931,1765918012,41.8393,-71.3354,304,178
a0f6b9,SKW3931,1765918013,41.8382,-71.3354,304,181
a0f6b9,SKW3931,1765918014,41.8379,-71.3355,304,181
a0f6b9,SKW3931,1765918015,41.837,-71.3356,304,185
a0f6b9,SKW3931,1765918016,41.8363,-71.3357,304,187
a0f6b9,SKW3931,1765918017,41.8356,-71.3359,304,190
a0f6b9,SKW3931,1765918018,41.8348,-71.3361,304,191
a0f6b9,SKW3931,1765918019,41.8341,-71.3364,304,194
a0f6b9,SKW3931,1765918020,41.8334,-71.3367,304,196
a0f6b9,SKW3931,1765918021,41.8326,-71.337,304,197
a0f6b9,SKW3931,1765918022,41.832,-71.3373,304,199
a0f6b9,SKW3931,1765918023,41.8313,-71.3377,304,201
a0f6b9,SKW3931,1765918024,41.8306,-71.3381,304,203
a0f6b9,SKW3931,1765918025,41.8299,-71.3386,304,205
a0f6b9,SKW3931,1765918026,41.8295,-71.3388,304,207
a0f6b9,SKW3931,1765918027,41.8289,-71.3393,304,208
a0f6b9,SKW3931,1765918029,41.8276,-71.3403,304,210
a0f6b9,SKW3931,1765918129,41.7766,-71.3824,304,212
a214bd,N233ME,1765910470,34.3001,-118.8167,914,0
a214bd,N233ME,1765910474,34.2996,-118.8147,914,0
a214bd,N233ME,1765910477,34.2993,-118.8133,914,106
a214bd,N233ME,1765910481,34.2988,-118.8114,914,103
a214bd,N233ME,1765910487,34.2983,-118.8086,914,101
a214bd,N233ME,1765910515,34.2957,-118.7928,914,100
a214bd,N233ME,1765910532,34.2939,-118.7816,914,101
a214bd,N233ME,1765910571,34.2893,-118.7573,914,103
a214bd,N233ME,1765910578,34.2884,-118.753,914,106
a214bd,N233ME,1765910586,34.2872,-118.7486,914,107
a214bd,N233ME,1765910589,34.2867,-118.7469,914,106
a214bd,N233ME,1765910591,34.2865,-118.7456,914,103
a214bd,N233ME,1765910593,34.2862,-118.7445,914,102
a214bd,N233ME,1765910596,34.2859,-118.7426,914,100
a214bd,N233ME,1765910598,34.2858,-118.7415,914,96
a214bd,N233ME,1765910599,34.2858,-118.7411,914,96
a214bd,N233ME,1765910601,34.2857,-118.7398,914,94
a214bd,N233ME,1765910623,34.2854,-118.7277,914,91
a214bd,N233ME,1765910635,34.2853,-118.7209,914,90
a214bd,N233ME,1765910653,34.2855,-118.7106,914,87
a214bd,N233ME,1765910687,34.2864,-118.6906,914,86
a214bd,N233ME,1765910751,34.29,-118.653,914,83
a214bd,N233ME,1765910757,34.2902,-118.6493,914,86
a214bd,N233ME,1765910763,34.2904,-118.6459,914,87
a214bd,N233ME,1765910766,34.2904,-118.6442,914,90
a214bd,N233ME,1765910768,34.2904,-118.6435,914,92
a214bd,N233ME,1765910769,34.2903,-118.6426,914,93
a214bd,N233ME,1765910771,34.2903,-118.6412,914,94
a214bd,N233ME,1765910773,34.2902,-118.6403,914,96
a214bd,N233ME,1765910785,34.2892,-118.6331,914,99
a214bd,N233ME,1765910819,34.2873,-118.6133,914,96
a214bd,N233ME,1765910842,34.2855,-118.5996,609,99
a214bd,N233ME,1765910851,34.2848,-118.5943,609,100
a214bd,N233ME,1765910864,34.2835,-118.5865,609,102
a214bd,N233ME,1765910895,34.2804,-118.5679,609,99
a214bd,N233ME,1765910910,34.2791,-118.5585,609,97
a214bd,N233ME,1765910914,34.2789,-118.5563,609,95
a214bd,N233ME,1765910916,34.2787,-118.5547,609,94
a214bd,N233ME,1765910925,34.2786,-118.5494,609,92
a214bd,N233ME,1765910960,34.2782,-118.5279,304,91
a214bd,N233ME,1765910976,34.278,-118.5178,304,93
a214bd,N233ME,1765910978,34.2779,-118.5165,304,95
a214bd,N233ME,1765910980,34.2778,-118.5151,304,97
a214bd,N233ME,1765911023,34.2742,-118.49,304,98
a214bd,N233ME,1765911047,34.2725,-118.4763,304,98
a214bd,N233ME,1765911065,34.2715,-118.4666,304,96
a214bd,N233ME,1765911066,34.2714,-118.4658,304,95
a214bd,N233ME,1765911068,34.2713,-118.4647,304,94
a214bd,N233ME,1765911070,34.2712,-118.4636,304,91
a214bd,N233ME,1765911071,34.2713,-118.4631,304,90
a214bd,N233ME,1765911072,34.2713,-118.4625,304,88
a214bd,N233ME,1765911074,34.2713,-118.4614,304,85
a214bd,N233ME,1765911076,34.2714,-118.4604,304,83
a214bd,N233ME,1765911092,34.2723,-118.4518,304,81
a214bd,N233ME,1765911101,34.2729,-118.4475,304,79
a214bd,N233ME,1765911106,34.2733,-118.4449,304,78
a214bd,N233ME,1765911121,34.2747,-118.4377,304,76
a214bd,N233ME,1765911124,34.2749,-118.4367,304,78
a214bd,N233ME,1765911128,34.2752,-118.4346,304,85
a214bd,N233ME,1765911129,34.2752,-118.4343,304,87
a214bd,N233ME,1765911130,34.2752,-118.4338,304,90
a214bd,N233ME,1765911131,34.2752,-118.4333,304,91
a214bd,N233ME,1765911138,34.2747,-118.4305,304,111
a214bd,N233ME,1765911139,34.2746,-118.4302,304,116
a214bd,N233ME,1765911140,34.2744,-118.4298,304,120
a214bd,N233ME,1765911141,34.2742,-118.4294,304,126
a214bd,N233ME,1765911142,34.274,-118.4291,304,129
a214bd,N233ME,1765911143,34.2738,-118.4288,304,131
a214bd,N233ME,1765911144,34.2736,-118.4286,304,133
a214bd,N233ME,1765911145,34.2734,-118.4283,304,136
a214bd,N233ME,1765911146,34.2731,-118.428,304,138
a214bd,N233ME,1765911181,34.2643,-118.4187,0,138
a214bd,N233ME,1765911221,34.2549,-118.4086,304,136
a214bd,N233ME,1765911238,34.25,-118.403,304,135
a214bd,N233ME,1765911242,34.2489,-118.4017,304,133
a214bd,N233ME,1765911243,34.2485,-118.4012,304,131
a214bd,N233ME,1765911244,34.2482,-118.4008,304,126
a214bd,N233ME,1765911245,34.248,-118.4004,304,123
a214bd,N233ME,1765911246,34.2479,-118.4001,304,115
a214bd,N233ME,1765911247,34.2477,-118.3995,304,108
a214bd,N233ME,1765911248,34.2476,-118.399,304,100
a214bd,N233ME,1765911249,34.2475,-118.3985,304,93
a214bd,N233ME,1765911250,34.2476,-118.398,304,86
a214bd,N233ME,1765911251,34.2476,-118.3975,304,77
a214bd,N233ME,1765911252,34.2478,-118.397,304,68
a214bd,N233ME,1765911253,34.2479,-118.3967,304,63
a214bd,N233ME,1765911254,34.2482,-118.3961,304,56
a214bd,N233ME,1765911255,34.2483,-118.3958,304,52
a214bd,N233ME,1765911256,34.2487,-118.3953,304,49
a214bd,N233ME,1765911257,34.249,-118.3949,304,47
a214bd,N233ME,1765911258,34.2493,-118.3946,304,45
a214bd,N233ME,1765911260,34.2498,-118.3939,304,43
a214bd,N233ME,1765911263,34.2507,-118.393,304,41
a214bd,N233ME,1765911264,34.2511,-118.3926,304,38
a214bd,N233ME,1765911265,34.2515,-118.3923,304,36
a214bd,N233ME,1765911266,34.2518,-118.392,304,32
a214bd,N233ME,1765911267,34.2522,-118.3918,304,24
a214bd,N233ME,1765911268,34.2526,-118.3916,304,19
a214bd,N233ME,1765911269,34.253,-118.3914,304,11
a214bd,N233ME,1765911270,34.2535,-118.3914,304,8
a214bd,N233ME,1765911271,34.2537,-118.3914,304,358
a214bd,N233ME,1765911272,34.2541,-118.3914,304,351
a214bd,N233ME,1765911273,34.2548,-118.3915,304,340
a214bd,N233ME,1765911274,34.2553,-118.3918,304,335
a214bd,N233ME,1765911275,34.2555,-118.3919,304,329
a214bd,N233ME,1765911276,34.2557,-118.392,304,323
a214bd,N233ME,1765911277,34.2563,-118.3927,304,3
a214bd,N233ME,1765911278,34.2566,-118.3929,304,318
a214bd,N233ME,1765911300,34.2643,-118.4012,304,317
a214bd,N233ME,1765911311,34.268,-118.4054,304,315
a214bd,N233ME,1765911327,34.2731,-118.4116,304,312
a214bd,N233ME,1765911338,34.2765,-118.4162,304,310
a214bd,N233ME,1765911340,34.2771,-118.417,304,309
a214bd,N233ME,1765911341,34.2773,-118.4174,304,305
a214bd,N233ME,1765911342,34.2774,-118.4176,304,298
a214bd,N233ME,1765911343,34.2777,-118.4183,304,292
a214bd,N233ME,1765911344,34.2778,-118.4186,304,283
a214bd,N233ME,1765911345,34.2779,-118.4194,304,275
a214bd,N233ME,1765911346,34.2778,-118.4199,304,266
a214bd,N233ME,1765911347,34.2778,-118.4204,304,260
a214bd,N233ME,1765911348,34.2777,-118.4208,304,247
a214bd,N233ME,1765911349,34.2775,-118.4212,304,244
a214bd,N233ME,1765911350,34.2773,-118.4215,304,239
a214bd,N233ME,1765911351,34.277,-118.422,304,235
a214bd,N233ME,1765911352,34.2768,-118.4224,304,230
a214bd,N233ME,1765911354,34.2762,-118.4231,304,228
a214bd,N233ME,1765911356,34.2758,-118.4237,304,225
a214bd,N233ME,1765911359,34.275,-118.4247,304,224
a214bd,N233ME,1765911360,34.2747,-118.4251,304,221
a214bd,N233ME,1765911361,34.2744,-118.4253,304,216
a214bd,N233ME,1765911362,34.274,-118.4256,304,212
a214bd,N233ME,1765911363,34.2738,-118.4258,304,208
a214bd,N233ME,1765911364,34.2734,-118.4259,304,197
a214bd,N233ME,1765911365,34.273,-118.426,304,183
a214bd,N233ME,1765911366,34.2727,-118.426,304,176
a214bd,N233ME,1765911367,34.2724,-118.426,304,170
a214bd,N233ME,1765911368,34.2721,-118.4259,304,164
a214bd,N233ME,1765911369,34.2717,-118.4257,304,159
a214bd,N233ME,1765911370,34.2715,-118.4256,304,156
a214bd,N233ME,1765911371,34.2711,-118.4254,304,151
a214bd,N233ME,1765911372,34.2708,-118.4252,304,148
a214bd,N233ME,1765911373,34.2705,-118.4249,304,147
a214bd,N233ME,1765911374,34.2704,-118.4248,304,143
a214bd,N233ME,1765911375,34.2701,-118.4246,304,141
a214bd,N233ME,1765911384,34.2681,-118.4226,304,140
a214bd,N233ME,1765911389,34.2669,-118.4213,304,138
a214bd,N233ME,1765911397,34.2651,-118.4196,304,140
a214bd,N233ME,1765911402,34.2641,-118.4184,0,138
a214bd,N233ME,1765911433,34.257,-118.411,0,137
a214bd,N233ME,1765911441,34.2546,-118.4083,304,135
a214bd,N233ME,1765911443,34.254,-118.4076,304,135
a214bd,N233ME,1765911447,34.2528,-118.4061,304,133
a214bd,N233ME,1765911457,34.2498,-118.4023,304,131
a214bd,N233ME,1765911461,34.2486,-118.4008,304,129
a214bd,N233ME,1765911462,34.2483,-118.4003,304,126
a214bd,N233ME,1765911463,34.2482,-118.4,304,121
a214bd,N233ME,1765911464,34.248,-118.3995,304,117
a214bd,N233ME,1765911465,34.2478,-118.3991,304,108
a214bd,N233ME,1765911466,34.2477,-118.3985,304,103
a214bd,N233ME,1765911467,34.2476,-118.3978,304,91
a214bd,N233ME,1765911468,34.2476,-118.3972,304,85
a214bd,N233ME,1765911469,34.2477,-118.3969,304,77
a214bd,N233ME,1765911470,34.2478,-118.3962,304,70
a214bd,N233ME,1765911471,34.248,-118.3957,304,63
a214bd,N233ME,1765911472,34.2483,-118.3952,304,55
a214bd,N233ME,1765911473,34.2484,-118.3951,304,49
a214bd,N233ME,1765911474,34.2488,-118.3944,304,45
a214bd,N233ME,1765911475,34.2492,-118.3941,304,41
a214bd,N233ME,1765911476,34.2494,-118.3939,304,39
a214bd,N233ME,1765911477,34.2498,-118.3935,304,36
a214bd,N233ME,1765911479,34.2504,-118.393,304,35
a214bd,N233ME,1765911481,34.2511,-118.3924,304,33
a214bd,N233ME,1765911482,34.2515,-118.3921,304,31
a214bd,N233ME,1765911483,34.252,-118.3918,304,27
a214bd,N233ME,1765911484,34.2523,-118.3916,304,21
a214bd,N233ME,1765911485,34.2528,-118.3914,304,15
a214bd,N233ME,1765911486,34.2532,-118.3912,304,9
a214bd,N233ME,1765911487,34.2537,-118.3911,304,2
a214bd,N233ME,1765911488,34.2542,-118.3911,304,0
a214bd,N233ME,1765911489,34.2546,-118.3913,304,351
a214bd,N233ME,1765911490,34.255,-118.3914,304,345
a214bd,N233ME,1765911491,34.2555,-118.3916,304,337
a214bd,N233ME,1765911492,34.2559,-118.3918,304,332
a214bd,N233ME,1765911493,34.2563,-118.3921,304,326
a214bd,N233ME,1765911494,34.2567,-118.3924,304,323
a214bd,N233ME,1765911495,34.2571,-118.3928,304,321
a214bd,N233ME,1765911507,34.2616,-118.3973,304,320
a214bd,N233ME,1765911516,34.2648,-118.4006,304,318
a214bd,N233ME,1765911531,34.2697,-118.4058,304,316
a214bd,N233ME,1765911536,34.2713,-118.4077,304,315
a214bd,N233ME,1765911552,34.2766,-118.4141,304,313
a214bd,N233ME,1765911556,34.2776,-118.4157,304,302
a214bd,N233ME,1765911557,34.2778,-118.4162,304,297
a214bd,N233ME,1765911558,34.2779,-118.4165,304,290
a214bd,N233ME,1765911560,34.2782,-118.4177,304,278
a214bd,N233ME,1765911561,34.2782,-118.418,304,271
a214bd,N233ME,1765911562,34.2782,-118.4181,304,266
a214bd,N233ME,1765911563,34.2781,-118.419,304,256
a214bd,N233ME,1765911564,34.2781,-118.4193,304,252
a214bd,N233ME,1765911565,34.2778,-118.4198,304,244
a214bd,N233ME,1765911566,34.2775,-118.4205,304,236
a214bd,N233ME,1765911567,34.2773,-118.4208,304,232
a214bd,N233ME,1765911568,34.277,-118.4212,304,231
a214bd,N233ME,1765911569,34.2768,-118.4215,304,229
a214bd,N233ME,1765911570,34.2766,-118.4219,304,227
a214bd,N233ME,1765911574,34.2754,-118.4233,304,225
a214bd,N233ME,1765911577,34.2746,-118.4243,304,223
a214bd,N233ME,1765911578,34.2743,-118.4247,304,221
a214bd,N233ME,1765911579,34.2741,-118.4248,304,216
a214bd,N233ME,1765911580,34.2738,-118.4251,304,209
a214bd,N233ME,1765911581,34.2734,-118.4253,304,203
a214bd,N233ME,1765911582,34.2731,-118.4255,304,197
a214bd,N233ME,1765911583,34.2727,-118.4255,304,188
a214bd,N233ME,1765911584,34.2724,-118.4255,304,172
a214bd,N233ME,1765911585,34.2722,-118.4254,304,164
a214bd,N233ME,1765911586,34.2718,-118.4253,304,158
a214bd,N233ME,1765911587,34.2713,-118.425,304,150
a214bd,N233ME,1765911588,34.2712,-118.4249,304,146
a214bd,N233ME,1765911592,34.27,-118.4239,304,146
a214bd,N233ME,1765911598,34.2686,-118.4228,304,146
a214bd,N233ME,1765911601,34.268,-118.4223,304,142
a214bd,N233ME,1765911607,34.2666,-118.421,304,142
a214bd,N233ME,1765911621,34.2634,-118.4178,0,140
a214bd,N233ME,1765911623,34.2631,-118.4175,0,138
a214bd,N233ME,1765911650,34.2575,-118.4115,0,138
a214bd,N233ME,1765911661,34.2545,-118.4082,304,135
a214bd,N233ME,1765911665,34.2533,-118.4068,304,135
a214bd,N233ME,1765911673,34.251,-118.4039,304,132
a214bd,N233ME,1765911680,34.249,-118.4014,304,131
a214bd,N233ME,1765911681,34.2486,-118.4008,304,128
a214bd,N233ME,1765911682,34.2485,-118.4006,304,124
a214bd,N233ME,1765911683,34.2482,-118.4,304,117
a214bd,N233ME,1765911684,34.2481,-118.3998,304,113
a214bd,N233ME,1765911685,34.2479,-118.399,304,106
a214bd,N233ME,1765911686,34.2478,-118.3985,304,101
a214bd,N233ME,1765911687,34.2477,-118.3979,304,91
a214bd,N233ME,1765911688,34.2478,-118.3973,304,83
a214bd,N233ME,1765911689,34.2478,-118.397,304,80
a214bd,N233ME,1765911690,34.248,-118.3965,304,70
a214bd,N233ME,1765911691,34.2482,-118.396,304,61
a214bd,N233ME,1765911692,34.2484,-118.3955,304,53
a214bd,N233ME,1765911693,34.2487,-118.3951,304,46
a214bd,N233ME,1765911694,34.2491,-118.3947,304,41
a214bd,N233ME,1765911695,34.2494,-118.3944,304,35
a214bd,N233ME,1765911696,34.2498,-118.3942,304,32
a214bd,N233ME,1765911697,34.2502,-118.3939,304,30
a214bd,N233ME,1765911698,34.2504,-118.3937,304,30
a214bd,N233ME,1765911702,34.2521,-118.3925,304,28
a214bd,N233ME,1765911703,34.2525,-118.3923,304,26
a214bd,N233ME,1765911704,34.2527,-118.3922,304,22
a214bd,N233ME,1765911705,34.2531,-118.392,304,19
a214bd,N233ME,1765911706,34.2538,-118.3918,304,30
a214bd,N233ME,1765911707,34.254,-118.3917,304,7
a214bd,N233ME,1765911708,34.2546,-118.3916,304,1
a214bd,N233ME,1765911709,34.255,-118.3917,304,355
a214bd,N233ME,1765911710,34.2555,-118.3918,304,349
a214bd,N233ME,1765911711,34.2559,-118.3919,304,22
a214bd,N233ME,1765911712,34.2563,-118.392,304,344
a214bd,N233ME,1765911713,34.2567,-118.3921,304,340
a214bd,N233ME,1765911714,34.2571,-118.3924,304,336
a214bd,N233ME,1765911715,34.2576,-118.3926,304,335
a214bd,N233ME,1765911716,34.258,-118.3928,304,332
a214bd,N233ME,1765911717,34.2583,-118.3931,304,329
a214bd,N233ME,1765911718,34.2586,-118.3933,304,327
a214bd,N233ME,1765911719,34.259,-118.3936,304,326
a214bd,N233ME,1765911720,34.2593,-118.3938,304,324
a214bd,N233ME,1765911722,34.2601,-118.3946,304,322
a214bd,N233ME,1765911735,34.2646,-118.399,304,319
a214bd,N233ME,1765911761,34.2736,-118.4083,304,317
a214bd,N233ME,1765911782,34.2807,-118.4164,304,315
a214bd,N233ME,1765911783,34.281,-118.4167,304,313
a214bd,N233ME,1765911784,34.2813,-118.4171,304,311
a214bd,N233ME,1765911785,34.2816,-118.4176,304,308
a214bd,N233ME,1765911786,34.2818,-118.4179,304,301
a214bd,N233ME,1765911787,34.282,-118.4185,304,295
a214bd,N233ME,1765911788,34.2821,-118.4189,304,286
a214bd,N233ME,1765911789,34.2821,-118.4195,304,277
a214bd,N233ME,1765911790,34.2822,-118.4199,304,269
a214bd,N233ME,1765911791,34.2821,-118.4203,304,258
a214bd,N233ME,1765911792,34.282,-118.4208,304,253
a214bd,N233ME,1765911793,34.2819,-118.4211,304,244
a214bd,N233ME,1765911794,34.2817,-118.4215,304,240
a214bd,N233ME,1765911795,34.2814,-118.422,304,235
a214bd,N233ME,1765911796,34.2813,-118.4221,304,230
a214bd,N233ME,1765911797,34.281,-118.4226,304,229
a214bd,N233ME,1765911806,34.2786,-118.4259,304,226
a214bd,N233ME,1765911812,34.277,-118.4279,304,225
a214bd,N233ME,1765911813,34.2767,-118.4282,304,223
a214bd,N233ME,1765911814,34.2764,-118.4285,304,218
a214bd,N233ME,1765911815,34.276,-118.4288,304,214
a214bd,N233ME,1765911816,34.2758,-118.429,304,209
a214bd,N233ME,1765911817,34.2755,-118.4291,304,203
a214bd,N233ME,1765911818,34.2752,-118.4292,304,197
a214bd,N233ME,1765911819,34.2748,-118.4293,304,180
a214bd,N233ME,1765911820,34.2745,-118.4293,304,176
a214bd,N233ME,1765911821,34.2743,-118.4293,304,164
a214bd,N233ME,1765911822,34.2739,-118.429,304,154
a214bd,N233ME,1765911823,34.2736,-118.4288,304,144
a214bd,N233ME,1765911824,34.2733,-118.4286,304,138
a214bd,N233ME,1765911825,34.2731,-118.4283,304,136
a214bd,N233ME,1765911828,34.2724,-118.4275,304,135
a214bd,N233ME,1765911833,34.2713,-118.4262,304,136
a214bd,N233ME,1765911841,34.2698,-118.4245,304,138
a214bd,N233ME,1765911867,34.2641,-118.4184,0,139
a214bd,N233ME,1765911886,34.2604,-118.4146,0,139
a214bd,N233ME,1765911908,34.2549,-118.4087,304,136
a214bd,N233ME,1765911909,34.2545,-118.4083,304,135
a214bd,N233ME,1765911917,34.2523,-118.4056,304,134
a214bd,N233ME,1765911929,34.2487,-118.4011,304,133
a214bd,N233ME,1765911930,34.2484,-118.4006,304,128
a214bd,N233ME,1765911931,34.2481,-118.4001,304,123
a214bd,N233ME,1765911932,34.2479,-118.3998,304,122
a214bd,N233ME,1765911933,34.2478,-118.3993,304,113
a214bd,N233ME,1765911934,34.2476,-118.399,304,106
a214bd,N233ME,1765911935,34.2476,-118.3984,304,98
a214bd,N233ME,1765911936,34.2475,-118.3978,304,93
a214bd,N233ME,1765911937,34.2475,-118.3975,304,86
a214bd,N233ME,1765911938,34.2476,-118.3973,304,79
a214bd,N233ME,1765911939,34.2477,-118.3964,304,68
a214bd,N233ME,1765911940,34.2478,-118.3961,304,64
a214bd,N233ME,1765911941,34.2482,-118.3954,304,59
a214bd,N233ME,1765911942,34.2483,-118.3951,304,52
a214bd,N233ME,1765911943,34.2486,-118.3948,304,45
a214bd,N233ME,1765911944,34.2489,-118.3944,304,40
a214bd,N233ME,1765911945,34.2493,-118.394,304,37
a214bd,N233ME,1765911946,34.2497,-118.3937,304,33
a214bd,N233ME,1765911947,34.2499,-118.3935,304,30
a214bd,N233ME,1765911948,34.2504,-118.3932,304,28
a214bd,N233ME,1765911953,34.2524,-118.3919,304,28
a214bd,N233ME,1765911955,34.2532,-118.3914,304,27
a214bd,N233ME,1765911957,34.254,-118.391,304,25
a214bd,N233ME,1765911958,34.2543,-118.3908,304,20
a214bd,N233ME,1765911959,34.2548,-118.3906,304,18
a214bd,N233ME,1765911960,34.2552,-118.3904,304,13
a214bd,N233ME,1765911961,34.2556,-118.3903,304,8
a214bd,N233ME,1765911962,34.256,-118.3903,304,2
a214bd,N233ME,1765911963,34.2565,-118.3903,304,357
a214bd,N233ME,1765911964,34.2569,-118.3904,304,349
a214bd,N233ME,1765911965,34.2575,-118.3905,304,343
a214bd,N233ME,1765911966,34.2579,-118.3907,304,338
a214bd,N233ME,1765911967,34.2582,-118.3907,304,333
a214bd,N233ME,1765911968,34.2587,-118.3911,304,330
a214bd,N233ME,1765911969,34.2589,-118.3912,304,327
a214bd,N233ME,1765911970,34.2595,-118.3918,304,326
a214bd,N233ME,1765911971,34.2599,-118.3921,304,324
a214bd,N233ME,1765911973,34.2606,-118.3927,304,322
a214bd,N233ME,1765911974,34.261,-118.3931,304,321
a214bd,N233ME,1765911980,34.2632,-118.3952,304,319
a214bd,N233ME,1765911990,34.2666,-118.3988,304,317
a214bd,N233ME,1765911997,34.2689,-118.4013,304,317
a214bd,N233ME,1765912031,34.2801,-118.4135,304,316
a214bd,N233ME,1765912036,34.2818,-118.4155,304,314
a214bd,N233ME,1765912037,34.2821,-118.4159,304,312
a214bd,N233ME,1765912038,34.2823,-118.4161,304,309
a214bd,N233ME,1765912039,34.2825,-118.4165,304,302
a214bd,N233ME,1765912040,34.2827,-118.4171,304,294
a214bd,N233ME,1765912041,34.2829,-118.4177,304,285
a214bd,N233ME,1765912042,34.2829,-118.4181,304,275
a214bd,N233ME,1765912043,34.2829,-118.4187,304,266
a214bd,N233ME,1765912044,34.2829,-118.4192,304,257
a214bd,N233ME,1765912045,34.2828,-118.4195,304,252
a214bd,N233ME,1765912046,34.2826,-118.4201,304,243
a214bd,N233ME,1765912047,34.2824,-118.4205,304,237
a214bd,N233ME,1765912048,34.2822,-118.4209,304,236
a214bd,N233ME,1765912049,34.2819,-118.4213,304,232
a214bd,N233ME,1765912050,34.2816,-118.4217,304,230
a214bd,N233ME,1765912060,34.2791,-118.4251,304,227
a214bd,N233ME,1765912067,34.2772,-118.4276,304,225
a214bd,N233ME,1765912068,34.2771,-118.4277,304,224
a214bd,N233ME,1765912069,34.2768,-118.428,304,220
a214bd,N233ME,1765912070,34.2766,-118.4282,304,214
a214bd,N233ME,1765912071,34.2761,-118.4286,304,207
a214bd,N233ME,1765912072,34.2757,-118.4288,304,200
a214bd,N233ME,1765912073,34.2754,-118.4289,304,191
a214bd,N233ME,1765912074,34.275,-118.4289,304,182
a214bd,N233ME,1765912075,34.2747,-118.4289,304,173
a214bd,N233ME,1765912076,34.2744,-118.4288,304,165
a214bd,N233ME,1765912077,34.274,-118.4287,304,160
a214bd,N233ME,1765912078,34.2738,-118.4285,304,153
a214bd,N233ME,1765912079,34.2735,-118.4283,304,146
a214bd,N233ME,1765912080,34.2732,-118.428,304,141
a214bd,N233ME,1765912084,34.2723,-118.427,304,140
a214bd,N233ME,1765912088,34.2713,-118.4262,304,142
a214bd,N233ME,1765912089,34.2712,-118.426,304,225
a214bd,N233ME,1765912090,34.2709,-118.4258,304,138
a214bd,N233ME,1765912119,34.2647,-118.4191,0,138
a214bd,N233ME,1765912162,34.255,-118.4087,304,137
a214bd,N233ME,1765912165,34.2542,-118.4078,304,135
a214bd,N233ME,1765912173,34.2518,-118.4049,304,134
a214bd,N233ME,1765912183,34.2489,-118.4014,304,131
a214bd,N233ME,1765912184,34.2486,-118.4009,304,128
a214bd,N233ME,1765912185,34.2483,-118.4005,304,125
a214bd,N233ME,1765912186,34.248,-118.3999,304,120
a214bd,N233ME,1765912187,34.2478,-118.3995,304,120
a214bd,N233ME,1765912188,34.2477,-118.399,304,107
a214bd,N233ME,1765912189,34.2475,-118.3985,304,101
a214bd,N233ME,1765912190,34.2475,-118.398,304,93
a214bd,N233ME,1765912191,34.2475,-118.3975,304,86
a214bd,N233ME,1765912192,34.2475,-118.3969,304,79
a214bd,N233ME,1765912193,34.2476,-118.3965,304,73
a214bd,N233ME,1765912194,34.2478,-118.396,304,65
a214bd,N233ME,1765912195,34.248,-118.3956,304,62
a214bd,N233ME,1765912196,34.2482,-118.3953,304,53
a214bd,N233ME,1765912197,34.2485,-118.3948,304,47
a214bd,N233ME,1765912198,34.2488,-118.3944,304,42
a214bd,N233ME,1765912199,34.2491,-118.3941,304,40
a214bd,N233ME,1765912200,34.2495,-118.3938,304,36
a214bd,N233ME,1765912201,34.2498,-118.3935,304,35
a214bd,N233ME,1765912202,34.2502,-118.3932,304,33
a214bd,N233ME,1765912206,34.2517,-118.392,304,32
a214bd,N233ME,1765912209,34.2529,-118.3912,304,30
a214bd,N233ME,1765912210,34.2531,-118.391,304,28
a214bd,N233ME,1765912211,34.2535,-118.3908,304,26
a214bd,N233ME,1765912212,34.2541,-118.3905,304,19
a214bd,N233ME,1765912213,34.2543,-118.3904,304,16
a214bd,N233ME,1765912214,34.255,-118.3902,304,10
a214bd,N233ME,1765912215,34.2551,-118.3902,304,7
a214bd,N233ME,1765912216,34.2556,-118.3901,304,1
a214bd,N233ME,1765912217,34.2561,-118.3902,304,355
a214bd,N233ME,1765912218,34.2565,-118.3902,304,348
a214bd,N233ME,1765912219,34.257,-118.3904,304,342
a214bd,N233ME,1765912220,34.2575,-118.3907,304,335
a214bd,N233ME,1765912221,34.2578,-118.3908,304,328
a214bd,N233ME,1765912222,34.2582,-118.3911,304,326
a214bd,N233ME,1765912223,34.2586,-118.3915,304,322
a214bd,N233ME,1765912224,34.259,-118.3919,304,321
a214bd,N233ME,1765912225,34.2593,-118.3923,304,319
a214bd,N233ME,1765912259,34.2708,-118.4048,304,317
a214bd,N233ME,1765912260,34.2712,-118.4053,304,315
a214bd,N233ME,1765912261,34.2714,-118.4056,304,312
a214bd,N233ME,1765912262,34.2717,-118.4059,304,312
a214bd,N233ME,1765912263,34.272,-118.4064,304,309
a214bd,N233ME,1765912264,34.2723,-118.4068,304,307
a214bd,N233ME,1765912265,34.2725,-118.4071,304,305
a214bd,N233ME,1765912266,34.2727,-118.4075,304,304
a214bd,N233ME,1765912267,34.2729,-118.4078,304,301
a214bd,N233ME,1765912268,34.2731,-118.4082,304,300
a214bd,N233ME,1765912269,34.2733,-118.4086,304,298
a214bd,N233ME,1765912270,34.2734,-118.409,304,295
a214bd,N233ME,1765912271,34.2736,-118.4095,304,294
a214bd,N233ME,1765912272,34.2737,-118.4096,304,292
a214bd,N233ME,1765912273,34.2738,-118.4101,304,290
a214bd,N233ME,1765912274,34.2739,-118.4104,304,289
a214bd,N233ME,1765912275,34.274,-118.4108,304,288
a214bd,N233ME,1765912276,34.2741,-118.4112,304,284
a214bd,N233ME,1765912277,34.2742,-118.4117,304,283
a214bd,N233ME,1765912278,34.2743,-118.412,304,279
a214bd,N233ME,1765912279,34.2743,-118.4124,304,279
a214bd,N233ME,1765912280,34.2744,-118.4128,304,277
a214bd,N233ME,1765912281,34.2744,-118.4133,304,276
a214bd,N233ME,1765912283,34.2745,-118.414,304,274
a214bd,N233ME,1765912285,34.2745,-118.4149,304,271
a214bd,N233ME,1765912291,34.2744,-118.4174,304,269
a214bd,N233ME,1765912292,34.2744,-118.4176,304,262
a214bd,N233ME,1765912293,34.2743,-118.4182,304,258
a214bd,N233ME,1765912294,34.2743,-118.4183,304,255
a214bd,N233ME,1765912295,34.2742,-118.4188,304,253
a214bd,N233ME,1765912296,34.2741,-118.4192,304,248
a214bd,N233ME,1765912297,34.274,-118.4196,304,247
a214bd,N233ME,1765912298,34.2738,-118.42,304,243
a214bd,N233ME,1765912299,34.2736,-118.4203,304,236
a214bd,N233ME,1765912300,34.2734,-118.4206,304,231
a214bd,N233ME,1765912301,34.2732,-118.4209,304,229
a214bd,N233ME,1765912302,34.2729,-118.4212,304,225
a214bd,N233ME,1765912303,34.2727,-118.4215,304,220
a214bd,N233ME,1765912304,34.2724,-118.4217,304,216
a214bd,N233ME,1765912305,34.2722,-118.4219,304,214
a214bd,N233ME,1765912306,34.2719,-118.4221,304,210
a214bd,N233ME,1765912307,34.2716,-118.4223,304,207
a214bd,N233ME,1765912308,34.2713,-118.4225,304,201
a214bd,N233ME,1765912309,34.271,-118.4226,304,198
a214bd,N233ME,1765912310,34.2706,-118.4227,304,192
a214bd,N233ME,1765912311,34.2703,-118.4228,304,187
a214bd,N233ME,1765912312,34.27,-118.4228,304,183
a214bd,N233ME,1765912313,34.2697,-118.4228,304,177
a214bd,N233ME,1765912314,34.2694,-118.4228,304,172
a214bd,N233ME,1765912315,34.269,-118.4227,304,167
a214bd,N233ME,1765912316,34.2687,-118.4226,304,163
a214bd,N233ME,1765912317,34.2684,-118.4224,304,156
a214bd,N233ME,1765912318,34.2681,-118.4223,304,150
a214bd,N233ME,1765912319,34.2678,-118.422,304,147
a214bd,N233ME,1765912320,34.2675,-118.4218,304,145
a214bd,N233ME,1765912327,34.2657,-118.4201,304,142
a214bd,N233ME,1765912329,34.2651,-118.4196,304,138
a214bd,N233ME,1765912350,34.2596,-118.4136,304,137
a214bd,N233ME,1765912369,34.2538,-118.407,304,135
a214bd,N233ME,1765912378,34.2509,-118.4036,304,133
a214bd,N233ME,1765912379,34.2505,-118.403,304,131
a214bd,N233ME,1765912380,34.2503,-118.4029,304,127
a214bd,N233ME,1765912381,34.2499,-118.4021,304,123
a214bd,N233ME,1765912382,34.2498,-118.4019,304,122
a214bd,N233ME,1765912383,34.2494,-118.4011,304,115
a214bd,N233ME,1765912384,34.2492,-118.4006,304,113
a214bd,N233ME,1765912385,34.2491,-118.4,304,106
a214bd,N233ME,1765912386,34.2491,-118.3996,304,98
a214bd,N233ME,1765912387,34.249,-118.3989,304,92
a214bd,N233ME,1765912388,34.2491,-118.3982,304,86
a214bd,N233ME,1765912389,34.2491,-118.3977,304,77
a214bd,N233ME,1765912390,34.2492,-118.3974,304,71
a214bd,N233ME,1765912391,34.2495,-118.3966,304,64
a214bd,N233ME,1765912392,34.2496,-118.3963,304,61
a214bd,N233ME,1765912393,34.2499,-118.3959,304,53
a214bd,N233ME,1765912394,34.2502,-118.3954,304,49
a214bd,N233ME,1765912395,34.2505,-118.3949,304,45
a214bd,N233ME,1765912396,34.2508,-118.3947,304,44
a214bd,N233ME,1765912398,34.2515,-118.3939,304,42
a214bd,N233ME,1765912403,34.2534,-118.3919,304,40
a214bd,N233ME,1765912404,34.2537,-118.3916,304,37
a214bd,N233ME,1765912405,34.2541,-118.3912,304,34
a214bd,N233ME,1765912407,34.2546,-118.3909,304,29
a214bd,N233ME,1765912407,34.2547,-118.3908,304,23
a214bd,N233ME,1765912408,34.2554,-118.3905,304,19
a214bd,N233ME,1765912409,34.2556,-118.3904,304,14
a214bd,N233ME,1765912410,34.256,-118.3903,304,6
a214bd,N233ME,1765912411,34.2564,-118.3903,304,3
a214bd,N233ME,1765912412,34.257,-118.3903,304,356
a214bd,N233ME,1765912413,34.2573,-118.3904,304,349
a214bd,N233ME,1765912414,34.2577,-118.3905,304,342
a214bd,N233ME,1765912415,34.2581,-118.3907,304,336
a214bd,N233ME,1765912416,34.2585,-118.3909,304,329
a214bd,N233ME,1765912417,34.2589,-118.3912,304,327
a214bd,N233ME,1765912418,34.2593,-118.3915,304,323
a214bd,N233ME,1765912419,34.2595,-118.3918,304,323
a214bd,N233ME,1765912465,34.2741,-118.4064,304,320
a214bd,N233ME,1765912476,34.2777,-118.41,304,319
a214bd,N233ME,1765912483,34.2797,-118.4122,304,317
a214bd,N233ME,1765912490,34.282,-118.4148,304,315
a214bd,N233ME,1765912491,34.2822,-118.415,304,311
a214bd,N233ME,1765912492,34.2824,-118.4154,304,311
a214bd,N233ME,1765912493,34.2827,-118.4157,304,301
a214bd,N233ME,1765912494,34.2829,-118.4163,304,295
a214bd,N233ME,1765912495,34.2831,-118.4168,304,291
a214bd,N233ME,1765912496,34.2832,-118.4173,304,283
a214bd,N233ME,1765912498,34.2833,-118.4178,304,275
a214bd,N233ME,1765912498,34.2833,-118.418,304,267
a214bd,N233ME,1765912499,34.2833,-118.4185,304,261
a214bd,N233ME,1765912500,34.2832,-118.4191,304,254
a214bd,N233ME,1765912501,34.2831,-118.4195,304,246
a214bd,N233ME,1765912502,34.2828,-118.42,304,240
a214bd,N233ME,1765912503,34.2826,-118.4204,304,234
a214bd,N233ME,1765912504,34.2825,-118.4206,304,232
a214bd,N233ME,1765912505,34.282,-118.4212,304,228
a214bd,N233ME,1765912506,34.2818,-118.4216,304,225
a214bd,N233ME,1765912522,34.2773,-118.4268,304,224
a214bd,N233ME,1765912524,34.2768,-118.4274,304,222
a214bd,N233ME,1765912525,34.2765,-118.4277,304,219
a214bd,N233ME,1765912526,34.2763,-118.4279,304,213
a214bd,N233ME,1765912527,34.2759,-118.4281,304,206
a214bd,N233ME,1765912528,34.2754,-118.4284,304,200
a214bd,N233ME,1765912529,34.2752,-118.4284,304,192
a214bd,N233ME,1765912530,34.2749,-118.4285,304,188
a214bd,N233ME,1765912531,34.2745,-118.4286,304,179
a214bd,N233ME,1765912533,34.2739,-118.4284,304,163
a214bd,N233ME,1765912534,34.2735,-118.4282,304,154
a214bd,N233ME,1765912535,34.2732,-118.428,304,146
a214bd,N233ME,1765912536,34.2729,-118.4278,304,142
a214bd,N233ME,1765912537,34.2727,-118.4275,304,139
a214bd,N233ME,1765912550,34.2697,-118.4243,304,138
a214bd,N233ME,1765912576,34.2638,-118.4181,0,139
a214bd,N233ME,1765912932,34.2591,-118.4133,304,139
a214bd,N233ME,1765912936,34.2583,-118.4125,304,137
a214bd,N233ME,1765912940,34.2573,-118.4113,304,136
a214bd,N233ME,1765912954,34.2536,-118.4069,304,134
a214bd,N233ME,1765912959,34.2521,-118.405,304,132
a214bd,N233ME,1765912969,34.2494,-118.4013,304,129
a214bd,N233ME,1765912970,34.249,-118.4008,304,128
a214bd,N233ME,1765912971,34.2489,-118.4004,304,124
a214bd,N233ME,1765912972,34.2485,-118.3998,304,120
a214bd,N233ME,1765912973,34.2484,-118.3994,304,113
a214bd,N233ME,1765912974,34.2482,-118.3989,304,106
a214bd,N233ME,1765912975,34.2481,-118.3983,304,100
a214bd,N233ME,1765912976,34.2481,-118.3978,304,100
a214bd,N233ME,1765912977,34.2481,-118.3972,304,85
a214bd,N233ME,1765912978,34.2482,-118.3967,304,76
a214bd,N233ME,1765912979,34.2483,-118.3962,304,69
a214bd,N233ME,1765912980,34.2485,-118.3957,304,60
a214bd,N233ME,1765912981,34.2488,-118.3952,304,56
a214bd,N233ME,1765912982,34.2491,-118.3948,304,45
a214bd,N233ME,1765912983,34.2495,-118.3943,304,39
a214bd,N233ME,1765912984,34.2499,-118.394,304,39
a214bd,N233ME,1765912985,34.2501,-118.3938,304,32
a214bd,N233ME,1765912986,34.2505,-118.3935,304,30
a214bd,N233ME,1765912987,34.2509,-118.3932,304,27
a214bd,N233ME,1765912990,34.2521,-118.3925,304,27
a214bd,N233ME,1765912996,34.2547,-118.391,304,27
a214bd,N233ME,1765912997,34.2552,-118.3908,304,21
a214bd,N233ME,1765912998,34.2556,-118.3906,304,18
a214bd,N233ME,1765912999,34.2559,-118.3905,304,13
a214bd,N233ME,1765913000,34.2564,-118.3904,304,8
a214bd,N233ME,1765913001,34.2569,-118.3904,304,1
a214bd,N233ME,1765913002,34.2575,-118.3904,304,355
a214bd,N233ME,1765913004,34.2583,-118.3906,304,355
a214bd,N233ME,1765913005,34.2587,-118.3908,304,337
a214bd,N233ME,1765913006,34.2591,-118.391,304,332
a214bd,N233ME,1765913007,34.2594,-118.3912,304,352
a214bd,N233ME,1765913008,34.2599,-118.3916,304,346
a214bd,N233ME,1765913009,34.2599,-118.3918,304,321
a214bd,N233ME,1765913010,34.2605,-118.3923,304,320
a214bd,N233ME,1765913018,34.2634,-118.3952,304,317
a214bd,N233ME,1765913049,34.2731,-118.4061,304,315
a214bd,N233ME,1765913050,34.2735,-118.4066,304,315
a214bd,N233ME,1765913095,34.2865,-118.4232,304,312
a214bd,N233ME,1765913128,34.2957,-118.4354,304,310
a214bd,N233ME,1765913133,34.2972,-118.4375,304,308
a214bd,N233ME,1765913134,34.2974,-118.4377,304,306
a214bd,N233ME,1765913135,34.2977,-118.4382,304,301
a214bd,N233ME,1765913136,34.2978,-118.4386,304,298
a214bd,N233ME,1765913137,34.298,-118.439,304,288
a214bd,N233ME,1765913138,34.2981,-118.4397,304,284
a214bd,N233ME,1765913139,34.2982,-118.4402,304,273
a214bd,N233ME,1765913140,34.2982,-118.4407,304,270
a214bd,N233ME,1765913141,34.2981,-118.4413,304,261
a214bd,N233ME,1765913142,34.2981,-118.4417,304,257
a214bd,N233ME,1765913143,34.2979,-118.4421,304,246
a214bd,N233ME,1765913144,34.2977,-118.4427,304,244
a214bd,N233ME,1765913145,34.2975,-118.4432,304,238
a214bd,N233ME,1765913146,34.2974,-118.4434,304,232
a214bd,N233ME,1765913147,34.297,-118.4439,304,229
a214bd,N233ME,1765913148,34.2967,-118.4443,304,226
a214bd,N233ME,1765913149,34.2963,-118.4447,304,223
a214bd,N233ME,1765913150,34.296,-118.445,304,221
a214bd,N233ME,1765913151,34.2958,-118.4452,304,219
a214bd,N233ME,1765913152,34.2955,-118.4456,304,217
a214bd,N233ME,1765913154,34.2948,-118.4461,304,216
a214bd,N233ME,1765913155,34.2944,-118.4465,304,210
a214bd,N233ME,1765913156,34.2941,-118.4467,304,208
a214bd,N233ME,1765913157,34.2938,-118.4469,304,201
a214bd,N233ME,1765913158,34.2933,-118.447,304,194
a214bd,N233ME,1765913159,34.2929,-118.447,304,182
a214bd,N233ME,1765913160,34.2927,-118.447,304,174
a214bd,N233ME,1765913161,34.2922,-118.447,304,168
a214bd,N233ME,1765913162,34.2919,-118.4469,304,159
a214bd,N233ME,1765913163,34.2916,-118.4467,304,154
a214bd,N233ME,1765913164,34.2914,-118.4466,304,152
a214bd,N233ME,1765913165,34.2909,-118.4462,304,145
a214bd,N233ME,1765913166,34.2907,-118.446,304,144
a214bd,N233ME,1765913167,34.2904,-118.4457,304,142
a214bd,N233ME,1765913227,34.2759,-118.4308,304,139
a214bd,N233ME,1765913233,34.2746,-118.4294,304,138
a214bd,N233ME,1765913238,34.2733,-118.4282,304,139
a214bd,N233ME,1765913274,34.2651,-118.4196,0,138
a214bd,N233ME,1765913615,34.257,-118.4109,304,137
a214bd,N233ME,1765913618,34.2561,-118.4099,304,135
a214bd,N233ME,1765913623,34.2548,-118.4083,304,134
a214bd,N233ME,1765913633,34.2519,-118.4046,304,131
a214bd,N233ME,1765913638,34.2505,-118.4027,304,129
a214bd,N233ME,1765913640,34.2499,-118.4018,304,128
a214bd,N233ME,1765913641,34.2497,-118.4013,304,125
a214bd,N233ME,1765913642,34.2496,-118.4011,304,121
a214bd,N233ME,1765913643,34.2493,-118.4006,304,118
a214bd,N233ME,1765913644,34.2492,-118.4003,304,112
a214bd,N233ME,1765913645,34.249,-118.3995,304,105
a214bd,N233ME,1765913646,34.2489,-118.3992,304,100
a214bd,N233ME,1765913647,34.2489,-118.3985,304,91
a214bd,N233ME,1765913648,34.2489,-118.3979,304,82
a214bd,N233ME,1765913649,34.249,-118.3974,304,75
a214bd,N233ME,1765913650,34.2491,-118.3969,304,66
a214bd,N233ME,1765913651,34.2494,-118.3964,304,57
a214bd,N233ME,1765913652,34.2496,-118.3959,304,52
a214bd,N233ME,1765913653,34.25,-118.3955,304,45
a214bd,N233ME,1765913654,34.2503,-118.3951,304,41
a214bd,N233ME,1765913655,34.2505,-118.3949,304,40
a214bd,N233ME,1765913656,34.2511,-118.3943,304,37
a214bd,N233ME,1765913657,34.2515,-118.394,304,36
a214bd,N233ME,1765913658,34.2518,-118.3937,304,34
a214bd,N233ME,1765913660,34.2526,-118.3931,304,33
a214bd,N233ME,1765913664,34.2542,-118.3918,304,31
a214bd,N233ME,1765913665,34.2546,-118.3915,304,29
a214bd,N233ME,1765913666,34.255,-118.3912,304,26
a214bd,N233ME,1765913667,34.2555,-118.391,304,24
a214bd,N233ME,1765913668,34.2559,-118.3907,304,19
a214bd,N233ME,1765913669,34.2565,-118.3906,304,13
a214bd,N233ME,1765913670,34.257,-118.3905,304,7
a214bd,N233ME,1765913671,34.2573,-118.3904,304,358
a214bd,N233ME,1765913672,34.2581,-118.3906,304,350
a214bd,N233ME,1765913673,34.2583,-118.3906,304,344
a214bd,N233ME,1765913674,34.2587,-118.3908,304,336
a214bd,N233ME,1765913675,34.2592,-118.3911,304,329
a214bd,N233ME,1765913676,34.2596,-118.3914,304,325
a214bd,N233ME,1765913677,34.2599,-118.3917,304,322
a214bd,N233ME,1765913679,34.2607,-118.3925,304,320
a214bd,N233ME,1765913685,34.2629,-118.3947,304,317
a214bd,N233ME,1765913703,34.2688,-118.4015,304,315
a214bd,N233ME,1765913715,34.2728,-118.4062,304,314
a214bd,N233ME,1765913718,34.2734,-118.407,304,311
a214bd,N233ME,1765913721,34.274,-118.408,304,309
a214bd,N233ME,1765913723,34.2744,-118.4085,304,307
a214bd,N233ME,1765913724,34.2746,-118.4089,304,303
a214bd,N233ME,1765913725,34.2748,-118.4091,304,301
a214bd,N233ME,1765913726,34.2749,-118.4094,304,298
a214bd,N233ME,1765913727,34.2751,-118.4098,304,294
a214bd,N233ME,1765913728,34.2752,-118.4102,304,293
a214bd,N233ME,1765913730,34.2754,-118.4107,304,288
a214bd,N233ME,1765913731,34.2755,-118.4113,304,284
a214bd,N233ME,1765913732,34.2756,-118.4119,304,281
a214bd,N233ME,1765913734,34.2757,-118.4124,304,279
a214bd,N233ME,1765913735,34.2757,-118.4129,304,275
a214bd,N233ME,1765913736,34.2758,-118.4133,304,274
a214bd,N233ME,1765913737,34.2758,-118.4136,304,271
a214bd,N233ME,1765913739,34.2758,-118.4144,304,269
a214bd,N233ME,1765913740,34.2758,-118.4148,304,266
a214bd,N233ME,1765913741,34.2758,-118.4152,304,264
a214bd,N233ME,1765913743,34.2756,-118.416,304,258
a214bd,N233ME,1765913744,34.2756,-118.4163,304,254
a214bd,N233ME,1765913745,34.2755,-118.4167,304,252
a214bd,N233ME,1765913746,34.2753,-118.4171,304,249
a214bd,N233ME,1765913747,34.2752,-118.4174,304,247
a214bd,N233ME,1765913748,34.2751,-118.4178,304,245
a214bd,N233ME,1765913750,34.2748,-118.4185,304,244
a214bd,N233ME,1765913751,34.2747,-118.4189,304,242
a214bd,N233ME,1765913756,34.2739,-118.4206,304,239
a214bd,N233ME,1765913759,34.2733,-118.4218,304,238
a214bd,N233ME,1765913760,34.2731,-118.4221,304,234
a214bd,N233ME,1765913761,34.273,-118.4223,304,231
a214bd,N233ME,1765913762,34.2727,-118.4226,304,226
a214bd,N233ME,1765913763,34.2725,-118.4229,304,222
a214bd,N233ME,1765913764,34.2723,-118.4231,304,215
a214bd,N233ME,1765913765,34.2719,-118.4233,304,209
a214bd,N233ME,1765913766,34.2716,-118.4235,304,202
a214bd,N233ME,1765913767,34.2715,-118.4236,304,192
a214bd,N233ME,1765913768,34.2711,-118.4237,304,184
a214bd,N233ME,1765913769,34.2707,-118.4237,304,176
a214bd,N233ME,1765913771,34.2699,-118.4235,304,163
a214bd,N233ME,1765913772,34.2697,-118.4234,304,156
a214bd,N233ME,1765913773,34.2693,-118.4232,304,150
a214bd,N233ME,1765913774,34.2691,-118.423,304,148
a214bd,N233ME,1765913779,34.2677,-118.4219,304,146
a214bd,N233ME,1765913782,34.2671,-118.4213,304,144
a214bd,N233ME,1765913787,34.2658,-118.4202,304,141
a214bd,N233ME,1765913796,34.2636,-118.4179,0,140
a214bd,N233ME,1765913797,34.2634,-118.4178,0,138
a214bd,N233ME,1765914085,34.257,-118.4109,304,137
a214bd,N233ME,1765914091,34.2552,-118.4088,304,135
a214bd,N233ME,1765914100,34.2524,-118.4054,304,132
a214bd,N233ME,1765914111,34.2491,-118.4009,304,130
a214bd,N233ME,1765914112,34.2488,-118.4004,304,128
a214bd,N233ME,1765914113,34.2486,-118.4001,304,127
a214bd,N233ME,1765914114,34.2483,-118.3995,304,122
a214bd,N233ME,1765914115,34.2482,-118.3992,304,115
a214bd,N233ME,1765914116,34.248,-118.3987,304,108
a214bd,N233ME,1765914117,34.2478,-118.3982,304,101
a214bd,N233ME,1765914118,34.2477,-118.3975,304,95
a214bd,N233ME,1765914119,34.2477,-118.3969,304,88
a214bd,N233ME,1765914120,34.2477,-118.3965,304,84
a214bd,N233ME,1765914121,34.2479,-118.3958,304,74
a214bd,N233ME,1765914122,34.248,-118.3955,304,66
a214bd,N233ME,1765914123,34.2482,-118.3949,304,59
a214bd,N233ME,1765914124,34.2485,-118.3945,304,55
a214bd,N233ME,1765914125,34.2488,-118.394,304,52
a214bd,N233ME,1765914126,34.2493,-118.3935,304,39
a214bd,N233ME,1765914127,34.2494,-118.3934,304,34
a214bd,N233ME,1765914128,34.2496,-118.3932,304,30
a214bd,N233ME,1765914129,34.2503,-118.3927,304,28
a214bd,N233ME,1765914130,34.2507,-118.3924,304,25
a214bd,N233ME,1765914132,34.2516,-118.392,304,23
a214bd,N233ME,1765914140,34.2549,-118.3902,304,22
a214bd,N233ME,1765914141,34.2555,-118.39,304,20
a214bd,N233ME,1765914142,34.2556,-118.39,304,15
a214bd,N233ME,1765914143,34.2561,-118.3898,304,8
a214bd,N233ME,1765914144,34.2568,-118.3897,304,2
a214bd,N233ME,1765914145,34.257,-118.3897,304,357
a214bd,N233ME,1765914146,34.2576,-118.3898,304,352
a214bd,N233ME,1765914147,34.258,-118.3898,304,344
a214bd,N233ME,1765914148,34.2584,-118.39,304,339
a214bd,N233ME,1765914149,34.2589,-118.3903,304,333
a214bd,N233ME,1765914150,34.2592,-118.3905,304,329
a214bd,N233ME,1765914151,34.2596,-118.3908,304,325
a214bd,N233ME,1765914152,34.2601,-118.3913,304,322
a214bd,N233ME,1765914153,34.2603,-118.3915,304,320
a214bd,N233ME,1765914155,34.261,-118.3922,304,318
a214bd,N233ME,1765914161,34.2629,-118.3943,304,317
a214bd,N233ME,1765914187,34.2716,-118.4042,304,315
a214bd,N233ME,1765914192,34.2729,-118.4058,304,312
a214bd,N233ME,1765914202,34.2751,-118.4087,304,310
a214bd,N233ME,1765914203,34.2753,-118.409,304,309
a214bd,N233ME,1765914204,34.2755,-118.4093,304,308
a214bd,N233ME,1765914205,34.2758,-118.4097,304,304
a214bd,N233ME,1765914206,34.276,-118.4101,304,302
a214bd,N233ME,1765914207,34.276,-118.4102,304,299
a214bd,N233ME,1765914208,34.2763,-118.4108,304,296
a214bd,N233ME,1765914209,34.2763,-118.411,304,291
a214bd,N233ME,1765914210,34.2765,-118.4114,304,288
a214bd,N233ME,1765914211,34.2766,-118.4118,304,285
a214bd,N233ME,1765914212,34.2766,-118.412,304,283
a214bd,N233ME,1765914213,34.2767,-118.4127,304,281
a214bd,N233ME,1765914214,34.2767,-118.4128,304,277
a214bd,N233ME,1765914215,34.2768,-118.4133,304,276
a214bd,N233ME,1765914216,34.2768,-118.4136,304,274
a214bd,N233ME,1765914217,34.2768,-118.4141,304,271
a214bd,N233ME,1765914218,34.2768,-118.4143,304,270
a214bd,N233ME,1765914219,34.2768,-118.4148,304,267
a214bd,N233ME,1765914220,34.2768,-118.4151,304,265
a214bd,N233ME,1765914221,34.2768,-118.4155,304,262
a214bd,N233ME,1765914222,34.2767,-118.416,304,259
a214bd,N233ME,1765914223,34.2766,-118.4164,304,256
a214bd,N233ME,1765914224,34.2766,-118.4168,304,255
a214bd,N233ME,1765914225,34.2765,-118.4172,304,253
a214bd,N233ME,1765914227,34.2762,-118.4181,304,250
a214bd,N233ME,1765914229,34.276,-118.4188,304,248
a214bd,N233ME,1765914230,34.2759,-118.4191,304,245
a214bd,N233ME,1765914231,34.2757,-118.4195,304,244
a214bd,N233ME,1765914232,34.2756,-118.4198,304,241
a214bd,N233ME,1765914233,34.2754,-118.4201,304,238
a214bd,N233ME,1765914234,34.2752,-118.4204,304,236
a214bd,N233ME,1765914235,34.2751,-118.4208,304,233
a214bd,N233ME,1765914236,34.2748,-118.4211,304,229
a214bd,N233ME,1765914237,34.2746,-118.4214,304,222
a214bd,N233ME,1765914238,34.2743,-118.4216,304,218
a214bd,N233ME,1765914239,34.2742,-118.4218,304,215
a214bd,N233ME,1765914240,34.2739,-118.422,304,209
a214bd,N233ME,1765914241,34.2735,-118.4222,304,204
a214bd,N233ME,1765914242,34.2732,-118.4224,304,199
a214bd,N233ME,1765914243,34.2729,-118.4225,304,195
a214bd,N233ME,1765914244,34.2725,-118.4226,304,191
a214bd,N233ME,1765914245,34.2722,-118.4226,304,188
a214bd,N233ME,1765914246,34.2719,-118.4227,304,184
a214bd,N233ME,1765914247,34.2715,-118.4227,304,183
a214bd,N233ME,1765914248,34.2711,-118.4228,304,180
a214bd,N233ME,1765914250,34.2704,-118.4227,304,178
a214bd,N233ME,1765914251,34.2701,-118.4227,304,175
a214bd,N233ME,1765914252,34.2699,-118.4227,304,172
a214bd,N233ME,1765914253,34.2696,-118.4226,304,170
a214bd,N233ME,1765914254,34.2692,-118.4225,304,168
a214bd,N233ME,1765914255,34.269,-118.4224,304,163
a214bd,N233ME,1765914256,34.2686,-118.4223,304,158
a214bd,N233ME,1765914257,34.2685,-118.4223,304,154
a214bd,N233ME,1765914258,34.2682,-118.422,304,152
a214bd,N233ME,1765914259,34.2679,-118.4219,304,149
a214bd,N233ME,1765914261,34.2673,-118.4214,304,147
a214bd,N233ME,1765914263,34.2669,-118.4211,304,145
a214bd,N233ME,1765914264,34.2665,-118.4208,304,143
a214bd,N233ME,1765914266,34.266,-118.4203,304,142
a214bd,N233ME,1765914273,34.2645,-118.4188,304,140
a214bd,N233ME,1765914276,34.2637,-118.4181,0,138
a214bd,N233ME,1765914292,34.2604,-118.4146,0,139
a214bd,N233ME,1765908232,34.2057,-118.4901,0,354
a214bd,N233ME,1765908233,34.2061,-118.4901,0,354
a214bd,N233ME,1765908250,34.2131,-118.4912,304,352
a214bd,N233ME,1765908260,34.2169,-118.4918,304,352
a214bd,N233ME,1765908277,34.2238,-118.4928,304,354
a214bd,N233ME,1765908288,34.2285,-118.4934,304,351
a214bd,N233ME,1765908289,34.229,-118.4934,304,350
a214bd,N233ME,1765908290,34.2297,-118.4936,304,348
a214bd,N233ME,1765908291,34.2298,-118.4937,304,345
a214bd,N233ME,1765908292,34.2304,-118.4939,304,341
a214bd,N233ME,1765908293,34.2309,-118.4941,304,339
a214bd,N233ME,1765908294,34.2312,-118.4942,304,337
a214bd,N233ME,1765908295,34.2316,-118.4945,304,333
a214bd,N233ME,1765908296,34.232,-118.4947,304,330
a214bd,N233ME,1765908297,34.2323,-118.4949,304,328
a214bd,N233ME,1765908298,34.2327,-118.4953,304,324
a214bd,N233ME,1765908299,34.2329,-118.4956,304,321
a214bd,N233ME,1765908300,34.2333,-118.4959,304,317
a214bd,N233ME,1765908301,34.2335,-118.4962,304,312
a214bd,N233ME,1765908302,34.2339,-118.4966,304,310
a214bd,N233ME,1765908303,34.2342,-118.4971,304,307
a214bd,N233ME,1765908304,34.2344,-118.4976,304,304
a214bd,N233ME,1765908305,34.2347,-118.498,304,302
a214bd,N233ME,1765908306,34.2349,-118.4984,304,299
a214bd,N233ME,1765908307,34.2351,-118.4989,304,297
a214bd,N233ME,1765908308,34.2352,-118.4994,304,294
a214bd,N233ME,1765908309,34.2354,-118.4999,304,294
a214bd,N233ME,1765908310,34.2356,-118.5003,304,292
a214bd,N233ME,1765908316,34.2365,-118.5033,304,290
a214bd,N233ME,1765908322,34.2374,-118.5063,304,288
a214bd,N233ME,1765908327,34.238,-118.5087,609,286
a214bd,N233ME,1765908329,34.2383,-118.5097,609,284
a214bd,N233ME,1765908333,34.2387,-118.512,609,282
a214bd,N233ME,1765908341,34.2394,-118.5163,609,279
a214bd,N233ME,1765908360,34.2406,-118.5273,609,278
a214bd,N233ME,1765908368,34.2412,-118.5319,609,280
a214bd,N233ME,1765908374,34.2417,-118.5354,609,281
a214bd,N233ME,1765908384,34.2429,-118.5416,609,284
a214bd,N233ME,1765908417,34.2475,-118.5622,609,286
a214bd,N233ME,1765908445,34.2518,-118.5792,914,288
a214bd,N233ME,1765908527,34.264,-118.627,1219,286
a214bd,N233ME,1765908530,34.2645,-118.6288,1219,285
a214bd,N233ME,1765908561,34.2681,-118.6448,1219,284
a214bd,N233ME,1765908594,34.2713,-118.6627,1219,282
a214bd,N233ME,1765908599,34.2719,-118.6654,1219,284
a214bd,N233ME,1765908601,34.2721,-118.6665,1219,286
a214bd,N233ME,1765908602,34.2722,-118.667,1219,288
a214bd,N233ME,1765908604,34.2725,-118.668,1219,288
a214bd,N233ME,1765908616,34.2746,-118.6741,1219,290
a214bd,N233ME,1765908653,34.2802,-118.6923,1219,289
a214bd,N233ME,1765908657,34.2808,-118.6944,1219,287
a214bd,N233ME,1765908682,34.2837,-118.7076,1219,285
a214bd,N233ME,1765908688,34.2844,-118.7109,1219,283
a214bd,N233ME,1765908701,34.2858,-118.7177,1219,282
a214bd,N233ME,1765908705,34.286,-118.7197,1219,276
a214bd,N233ME,1765908708,34.2861,-118.7215,1219,268
a214bd,N233ME,1765908709,34.286,-118.7219,1219,264
a214bd,N233ME,1765908710,34.286,-118.7224,1219,261
a214bd,N233ME,1765908711,34.2859,-118.723,1219,259
a214bd,N233ME,1765908712,34.2858,-118.7236,1219,255
a214bd,N233ME,1765908713,34.2857,-118.7241,1219,255
a214bd,N233ME,1765908714,34.2855,-118.7247,1219,249
a214bd,N233ME,1765908715,34.2853,-118.7254,1219,245
a214bd,N233ME,1765908716,34.285,-118.7259,1219,242
a214bd,N233ME,1765908717,34.2849,-118.7263,1219,240
a214bd,N233ME,1765908718,34.2845,-118.7269,1219,236
a214bd,N233ME,1765908719,34.2843,-118.7273,1219,234
a214bd,N233ME,1765908720,34.2839,-118.7279,1219,231
a214bd,N233ME,1765908721,34.2836,-118.7283,1219,226
a214bd,N233ME,1765908722,34.2834,-118.7285,1219,223
a214bd,N233ME,1765908723,34.2828,-118.7291,1219,219
a214bd,N233ME,1765908724,34.2824,-118.7295,1219,215
a214bd,N233ME,1765908725,34.282,-118.7299,1219,214
a214bd,N233ME,1765908726,34.2816,-118.7302,1219,210
a214bd,N233ME,1765908727,34.2811,-118.7305,1219,208
a214bd,N233ME,1765908728,34.2807,-118.7307,1219,205
a214bd,N233ME,1765908729,34.2802,-118.7309,1219,201
a214bd,N233ME,1765908734,34.2778,-118.732,1219,201
a214bd,N233ME,1765908735,34.2772,-118.7323,1219,202
a214bd,N233ME,1765908736,34.2767,-118.7326,1219,205
a214bd,N233ME,1765908737,34.2763,-118.7328,1219,207
a214bd,N233ME,1765908738,34.2758,-118.7331,1219,209
a214bd,N233ME,1765908739,34.2753,-118.7335,1219,212
a214bd,N233ME,1765908740,34.2748,-118.734,1219,216
a214bd,N233ME,1765908741,34.2745,-118.7343,1219,219
a214bd,N233ME,1765908742,34.2741,-118.7347,1219,222
a214bd,N233ME,1765908743,34.2738,-118.7351,1219,226
a214bd,N233ME,1765908744,34.2734,-118.7356,1219,229
a214bd,N233ME,1765908745,34.2731,-118.7361,1219,232
a214bd,N233ME,1765908746,34.2728,-118.7366,1219,236
a214bd,N233ME,1765908747,34.2725,-118.7372,1219,239
a214bd,N233ME,1765908748,34.2724,-118.7377,1219,243
a214bd,N233ME,1765908749,34.2721,-118.7382,1219,247
a214bd,N233ME,1765908750,34.2719,-118.7387,1219,248
a214bd,N233ME,1765908751,34.2719,-118.7392,1219,252
a214bd,N233ME,1765908752,34.2717,-118.7398,1219,256
a214bd,N233ME,1765908753,34.2716,-118.7403,1219,261
a214bd,N233ME,1765908754,34.2715,-118.7409,1219,262
a214bd,N233ME,1765908755,34.2715,-118.7415,1219,266
a214bd,N233ME,1765908756,34.2715,-118.7421,1219,268
a214bd,N233ME,1765908757,34.2715,-118.7426,1219,271
a214bd,N233ME,1765908758,34.2715,-118.7431,1219,276
a214bd,N233ME,1765908759,34.2716,-118.7437,1219,280
a214bd,N233ME,1765908760,34.2717,-118.7444,1219,281
a214bd,N233ME,1765908761,34.2718,-118.7448,1219,285
a214bd,N233ME,1765908762,34.2719,-118.7453,1219,286
a214bd,N233ME,1765908763,34.2721,-118.7459,1219,288
a214bd,N233ME,1765908764,34.2722,-118.7464,1219,290
a214bd,N233ME,1765908771,34.2735,-118.7501,1219,292
a214bd,N233ME,1765908778,34.2747,-118.7534,1219,291
a214bd,N233ME,1765908802,34.2777,-118.7636,1219,289
a214bd,N233ME,1765908817,34.2792,-118.769,1219,288
a214bd,N233ME,1765908822,34.2798,-118.7711,1219,290
a214bd,N233ME,1765908823,34.2799,-118.7712,1219,292
a214bd,N233ME,1765908826,34.2803,-118.7724,1219,294
a214bd,N233ME,1765908827,34.2804,-118.7727,1219,297
a214bd,N233ME,1765908829,34.2807,-118.7735,1219,299
a214bd,N233ME,1765908830,34.2809,-118.7738,1219,302
a214bd,N233ME,1765908831,34.2811,-118.7742,1219,303
a214bd,N233ME,1765908833,34.2814,-118.7747,1219,305
a214bd,N233ME,1765908834,34.2816,-118.775,1219,308
a214bd,N233ME,1765908835,34.2818,-118.7753,1219,310
a214bd,N233ME,1765908836,34.282,-118.7755,1219,313
a214bd,N233ME,1765908837,34.2823,-118.7759,1219,315
a214bd,N233ME,1765908838,34.2825,-118.7761,1219,318
a214bd,N233ME,1765908839,34.2826,-118.7762,1219,319
a214bd,N233ME,1765908840,34.2827,-118.7764,1219,322
a214bd,N233ME,1765908841,34.2831,-118.7767,1219,324
a214bd,N233ME,1765908842,34.2833,-118.7769,1219,327
a214bd,N233ME,1765908843,34.2836,-118.7771,1219,329
a214bd,N233ME,1765908844,34.284,-118.7773,1219,331
a214bd,N233ME,1765908845,34.2842,-118.7775,1219,333
a214bd,N233ME,1765908846,34.2844,-118.7776,1219,335
a214bd,N233ME,1765908847,34.2848,-118.7778,1219,336
a214bd,N233ME,1765908848,34.2851,-118.7779,1219,339
a214bd,N233ME,1765908857,34.2876,-118.779,1219,340
a214bd,N233ME,1765908878,34.2937,-118.7818,1219,338
a214bd,N233ME,1765908888,34.2961,-118.7829,1219,340
a214bd,N233ME,1765908928,34.3104,-118.7887,1219,341
a214bd,N233ME,1765908935,34.3124,-118.7896,1219,339
a214bd,N233ME,1765908947,34.3157,-118.791,1219,338
a214bd,N233ME,1765908948,34.3158,-118.7911,1219,336
a214bd,N233ME,1765908949,34.3161,-118.7912,1219,334
a214bd,N233ME,1765908950,34.3164,-118.7914,1219,330
a214bd,N233ME,1765908951,34.3165,-118.7916,1219,327
a214bd,N233ME,1765908953,34.3171,-118.792,1219,321
a214bd,N233ME,1765908954,34.3173,-118.7923,1219,320
a214bd,N233ME,1765908955,34.3175,-118.7925,1219,318
a214bd,N233ME,1765908956,34.3178,-118.7928,1219,313
a214bd,N233ME,1765908957,34.318,-118.7931,1219,310
a214bd,N233ME,1765908958,34.3182,-118.7934,1219,306
a214bd,N233ME,1765908959,34.3183,-118.7937,1219,303
a214bd,N233ME,1765908960,34.3185,-118.794,1219,300
a214bd,N233ME,1765908961,34.3186,-118.7943,1219,295
a214bd,N233ME,1765908962,34.3187,-118.7947,1219,291
a214bd,N233ME,1765908963,34.3188,-118.795,1219,288
a214bd,N233ME,1765908964,34.3189,-118.7953,1219,284
a214bd,N233ME,1765908967,34.319,-118.7964,1219,272
a214bd,N233ME,1765908968,34.319,-118.7967,1219,269
a214bd,N233ME,1765908969,34.319,-118.797,1219,263
a214bd,N233ME,1765908970,34.319,-118.7975,1219,261
a214bd,N233ME,1765908971,34.3189,-118.7978,1219,257
a214bd,N233ME,1765908972,34.3188,-118.7982,1219,254
a214bd,N233ME,1765908973,34.3187,-118.7986,1219,250
a214bd,N233ME,1765908974,34.3186,-118.7989,1219,250
a214bd,N233ME,1765908975,34.3185,-118.7994,1219,244
a214bd,N233ME,1765908976,34.3184,-118.7995,1219,240
a214bd,N233ME,1765908977,34.3182,-118.8,1219,237
a214bd,N233ME,1765908978,34.318,-118.8003,1219,232
a214bd,N233ME,1765908979,34.3178,-118.8005,1219,231
a214bd,N233ME,1765908980,34.3176,-118.8008,1219,228
a214bd,N233ME,1765908981,34.3174,-118.8011,1219,223
a214bd,N233ME,1765908982,34.3171,-118.8013,1219,220
a214bd,N233ME,1765908983,34.317,-118.8015,1219,217
a214bd,N233ME,1765908984,34.3165,-118.8018,1219,212
a214bd,N233ME,1765908985,34.3164,-118.8019,1219,208
a214bd,N233ME,1765908986,34.3162,-118.802,1219,203
a214bd,N233ME,1765908987,34.3158,-118.8022,1219,199
a214bd,N233ME,1765908988,34.3155,-118.8023,1219,197
a214bd,N233ME,1765908989,34.3152,-118.8024,1219,192
a214bd,N233ME,1765908990,34.3149,-118.8025,1219,190
a214bd,N233ME,1765908991,34.3146,-118.8025,1219,185
a214bd,N233ME,1765908992,34.3143,-118.8026,1219,181
a214bd,N233ME,1765908993,34.314,-118.8025,1219,179
a214bd,N233ME,1765908994,34.3136,-118.8026,1219,175
a214bd,N233ME,1765908995,34.3133,-118.8025,1219,173
a214bd,N233ME,1765908996,34.313,-118.8024,1219,169
a214bd,N233ME,1765908999,34.3121,-118.8022,1219,164
a214bd,N233ME,1765909000,34.3118,-118.8021,1219,164
a214bd,N233ME,1765909003,34.311,-118.8018,1219,161
a214bd,N233ME,1765909023,34.3047,-118.7992,1219,161
a214bd,N233ME,1765909044,34.2976,-118.7967,1219,164
a214bd,N233ME,1765909049,34.2956,-118.7961,1219,172
a214bd,N233ME,1765909050,34.2952,-118.7961,1219,175
a214bd,N233ME,1765909051,34.2946,-118.7961,1219,178
a214bd,N233ME,1765909052,34.2941,-118.7961,1219,183
a214bd,N233ME,1765909053,34.2936,-118.7962,1219,183
a214bd,N233ME,1765909054,34.2934,-118.7962,1219,187
a214bd,N233ME,1765909055,34.2927,-118.7963,1219,192
a214bd,N233ME,1765909056,34.2924,-118.7965,1219,196
a214bd,N233ME,1765909057,34.2919,-118.7967,1219,199
a214bd,N233ME,1765909058,34.2917,-118.7968,1219,202
a214bd,N233ME,1765909059,34.2914,-118.797,1219,206
a214bd,N233ME,1765909060,34.2909,-118.7972,1219,208
a214bd,N233ME,1765909061,34.2906,-118.7975,1219,210
a214bd,N233ME,1765909062,34.2902,-118.7978,1219,213
a214bd,N233ME,1765909063,34.2898,-118.7981,1219,217
a214bd,N233ME,1765909064,34.2896,-118.7983,1219,220
a214bd,N233ME,1765909065,34.2891,-118.7989,1219,222
a214bd,N233ME,1765909066,34.2888,-118.7992,1219,225
a214bd,N233ME,1765909068,34.2882,-118.8002,1219,230
a214bd,N233ME,1765909069,34.2881,-118.8004,1219,234
a214bd,N233ME,1765909070,34.2876,-118.8011,1219,238
a214bd,N233ME,1765909071,34.2874,-118.8016,1219,240
a214bd,N233ME,1765909072,34.2873,-118.802,1219,242
a214bd,N233ME,1765909073,34.2871,-118.8025,1219,247
a214bd,N233ME,1765909075,34.2867,-118.8037,1219,252
a214bd,N233ME,1765909076,34.2866,-118.8042,1219,256
a214bd,N233ME,1765909077,34.2865,-118.8048,1219,259
a214bd,N233ME,1765909078,34.2865,-118.8051,1219,260
a214bd,N233ME,1765909079,34.2864,-118.8058,1219,263
a214bd,N233ME,1765909080,34.2864,-118.8063,1219,267
a214bd,N233ME,1765909081,34.2864,-118.8068,1219,341
a214bd,N233ME,1765909084,34.2865,-118.8086,1219,340
a214bd,N233ME,1765909087,34.2868,-118.8103,1219,285
a214bd,N233ME,1765909088,34.287,-118.8109,1219,288
a214bd,N233ME,1765909089,34.2872,-118.8114,1219,292
a214bd,N233ME,1765909090,34.2874,-118.812,1219,296
a214bd,N233ME,1765909091,34.2875,-118.8122,1219,300
a214bd,N233ME,1765909092,34.2879,-118.8129,1219,304
a214bd,N233ME,1765909093,34.2882,-118.8134,1219,306
a214bd,N233ME,1765909094,34.2885,-118.8138,1219,309
a214bd,N233ME,1765909095,34.2888,-118.8142,1219,313
a214bd,N233ME,1765909096,34.2892,-118.8146,1219,318
a214bd,N233ME,1765909097,34.2895,-118.8149,1219,321
a214bd,N233ME,1765909098,34.2898,-118.8153,1219,324
a214bd,N233ME,1765909099,34.2902,-118.8155,1219,326
a214bd,N233ME,1765909100,34.2906,-118.8159,1219,328
a214bd,N233ME,1765909101,34.291,-118.8162,1219,332
a214bd,N233ME,1765909102,34.2915,-118.8165,1219,334
a214bd,N233ME,1765909104,34.2924,-118.8169,1219,339
a214bd,N233ME,1765909121,34.2995,-118.8199,1219,340
a214bd,N233ME,1765909135,34.3047,-118.8221,1219,339
a214bd,N233ME,1765909136,34.3052,-118.8224,1219,336
a214bd,N233ME,1765909137,34.3056,-118.8226,1219,329
a214bd,N233ME,1765909138,34.3058,-118.8228,1219,322
a214bd,N233ME,1765909139,34.3061,-118.8231,1219,312
a214bd,N233ME,1765909140,34.3063,-118.8235,1219,297
a214bd,N233ME,1765909142,34.3065,-118.8244,1219,277
a214bd,N233ME,1765909143,34.3065,-118.8246,1219,265
a214bd,N233ME,1765909146,34.3058,-118.826,1219,228
a214bd,N233ME,1765909152,34.3039,-118.8261,1219,146
a214bd,N233ME,1765909153,34.3038,-118.826,1219,138
a214bd,N233ME,1765909154,34.3036,-118.8257,1219,138
a214bd,N233ME,1765909155,34.3034,-118.8251,1219,109
a214bd,N233ME,1765909156,34.3033,-118.8247,1219,102
a214bd,N233ME,1765909157,34.3033,-118.8243,1219,86
a214bd,N233ME,1765909158,34.3033,-118.824,1219,77
a214bd,N233ME,1765909159,34.3035,-118.8237,1219,69
a214bd,N233ME,1765909160,34.3036,-118.8235,1219,57
a214bd,N233ME,1765909161,34.3038,-118.8234,1219,35
a214bd,N233ME,1765909162,34.3041,-118.8231,1219,22
a214bd,N233ME,1765909163,34.3044,-118.823,1219,13
a214bd,N233ME,1765909164,34.3047,-118.8229,1219,9
a214bd,N233ME,1765909165,34.3049,-118.8229,1219,4
a214bd,N233ME,1765909166,34.3054,-118.8228,1219,2
a214bd,N233ME,1765909176,34.3092,-118.8228,1219,0
a214bd,N233ME,1765909177,34.3095,-118.8228,1219,358
a214bd,N233ME,1765909179,34.3105,-118.8229,1219,354
a214bd,N233ME,1765909180,34.3107,-118.8229,1219,349
a214bd,N233ME,1765909181,34.3113,-118.823,1219,345
a214bd,N233ME,1765909182,34.3117,-118.8232,1219,343
a214bd,N233ME,1765909206,34.3212,-118.8271,1219,341
a214bd,N233ME,1765909211,34.3234,-118.828,1219,339
a214bd,N233ME,1765909212,34.3239,-118.8282,1219,337
a214bd,N233ME,1765909213,34.3243,-118.8285,1219,331
a214bd,N233ME,1765909214,34.3246,-118.8288,1219,321
a214bd,N233ME,1765909215,34.3248,-118.829,1219,310
a214bd,N233ME,1765909216,34.3251,-118.8296,1219,298
a214bd,N233ME,1765909217,34.3252,-118.83,1219,288
a214bd,N233ME,1765909218,34.3253,-118.8306,1219,276
a214bd,N233ME,1765909219,34.3253,-118.831,1219,271
a214bd,N233ME,1765909220,34.3252,-118.8316,1219,249
a214bd,N233ME,1765909221,34.325,-118.8318,1219,249
a214bd,N233ME,1765909222,34.3248,-118.8323,1219,228
a214bd,N233ME,1765909223,34.3245,-118.8328,1219,216
a214bd,N233ME,1765909224,34.3242,-118.8329,1219,211
a214bd,N233ME,1765909228,34.3222,-118.8332,1219,211
a214bd,N233ME,1765909229,34.3217,-118.8329,1219,146
a214bd,N233ME,1765909231,34.3209,-118.8318,1219,123
a214bd,N233ME,1765909232,34.3208,-118.8315,1219,116
a214bd,N233ME,1765909233,34.3207,-118.8307,1219,96
a214bd,N233ME,1765909234,34.3207,-118.8304,1219,84
a214bd,N233ME,1765909235,34.3209,-118.8295,1219,69
a214bd,N233ME,1765909236,34.321,-118.8294,1219,55
a214bd,N233ME,1765909237,34.3212,-118.8289,1219,48
a214bd,N233ME,1765909238,34.3216,-118.8285,1219,48
a214bd,N233ME,1765909239,34.3217,-118.8284,1219,28
a214bd,N233ME,1765909240,34.3224,-118.8281,1219,22
a214bd,N233ME,1765909241,34.3228,-118.828,1219,4
a214bd,N233ME,1765909242,34.323,-118.8281,1219,355
a214bd,N233ME,1765909243,34.3237,-118.8282,1219,347
a214bd,N233ME,1765909244,34.3241,-118.8284,1219,343
a214bd,N233ME,1765909246,34.325,-118.8286,1219,343
a214bd,N233ME,1765909247,34.3254,-118.8288,1219,348
a214bd,N233ME,1765909248,34.3257,-118.8289,1219,352
a214bd,N233ME,1765909249,34.3264,-118.8289,1219,1
a214bd,N233ME,1765909250,34.3267,-118.8289,1219,7
a214bd,N233ME,1765909254,34.3282,-118.8273,1219,55
a214bd,N233ME,1765909256,34.3284,-118.8263,1219,84
a214bd,N233ME,1765909257,34.3284,-118.8258,1219,91
a214bd,N233ME,1765909258,34.3283,-118.8251,1219,100
a214bd,N233ME,1765909259,34.3281,-118.8247,1219,112
a214bd,N233ME,1765909260,34.3279,-118.8242,1219,123
a214bd,N233ME,1765909261,34.3277,-118.8239,1219,134
a214bd,N233ME,1765909262,34.3272,-118.8235,1219,145
a214bd,N233ME,1765909263,34.3268,-118.8232,1219,157
a214bd,N233ME,1765909264,34.3263,-118.8231,1219,169
a214bd,N233ME,1765909265,34.326,-118.8231,1219,181
a214bd,N233ME,1765909266,34.3252,-118.8232,1219,192
a214bd,N233ME,1765909267,34.3247,-118.8235,1219,202
a214bd,N233ME,1765909269,34.3241,-118.8241,1219,225
a214bd,N233ME,1765909270,34.3238,-118.8247,1219,237
a214bd,N233ME,1765909271,34.3235,-118.8254,1219,249
a214bd,N233ME,1765909272,34.3234,-118.8261,1219,253
a214bd,N233ME,1765909273,34.3234,-118.8263,1219,270
a214bd,N233ME,1765909274,34.3234,-118.8269,1219,277
a214bd,N233ME,1765909275,34.3236,-118.8276,1219,295
a214bd,N233ME,1765909276,34.3238,-118.8281,1219,307
a214bd,N233ME,1765909277,34.324,-118.8284,1219,317
a214bd,N233ME,1765909278,34.3245,-118.8288,1219,320
a214bd,N233ME,1765909279,34.3249,-118.8291,1219,326
a214bd,N233ME,1765909280,34.3253,-118.8293,1219,337
a214bd,N233ME,1765909281,34.3259,-118.8296,1219,341
a214bd,N233ME,1765909303,34.3354,-118.8334,1219,342
a214bd,N233ME,1765909304,34.3356,-118.8335,1219,339
a214bd,N233ME,1765909305,34.3361,-118.8337,1219,336
a214bd,N233ME,1765909306,34.3365,-118.834,1219,332
a214bd,N233ME,1765909307,34.3367,-118.8341,1219,331
a214bd,N233ME,1765909308,34.3372,-118.8345,1219,324
a214bd,N233ME,1765909309,34.3374,-118.8347,1219,321
a214bd,N233ME,1765909310,34.3377,-118.835,1219,313
a214bd,N233ME,1765909311,34.3379,-118.8352,1219,307
a214bd,N233ME,1765909312,34.3382,-118.8357,1219,306
a214bd,N233ME,1765909313,34.3383,-118.836,1219,298
a214bd,N233ME,1765909314,34.3385,-118.8366,1219,288
a214bd,N233ME,1765909315,34.3386,-118.837,1219,284
a214bd,N233ME,1765909318,34.3386,-118.838,1219,265
a214bd,N233ME,1765909319,34.3385,-118.8387,1219,257
a214bd,N233ME,1765909320,34.3385,-118.839,1219,250
a214bd,N233ME,1765909321,34.3383,-118.8394,1219,243
a214bd,N233ME,1765909322,34.3381,-118.8398,1219,234
a214bd,N233ME,1765909330,34.335,-118.8411,1219,175
a214bd,N233ME,1765909331,34.3347,-118.8411,1219,169
a214bd,N233ME,1765909332,34.3341,-118.8409,1219,164
a214bd,N233ME,1765909333,34.3339,-118.8408,1219,161
a214bd,N233ME,1765909337,34.3321,-118.84,1219,161
a214bd,N233ME,1765909338,34.3317,-118.8399,1219,163
a214bd,N233ME,1765909339,34.3313,-118.8398,1219,167
a214bd,N233ME,1765909340,34.3312,-118.8397,1219,170
a214bd,N233ME,1765909341,34.3305,-118.8396,1219,175
a214bd,N233ME,1765909342,34.3301,-118.8396,1219,179
a214bd,N233ME,1765909343,34.3299,-118.8396,1219,184
a214bd,N233ME,1765909344,34.3294,-118.8397,1219,188
a214bd,N233ME,1765909345,34.3291,-118.8398,1219,193
a214bd,N233ME,1765909346,34.3287,-118.8399,1219,197
a214bd,N233ME,1765909347,34.3284,-118.8401,1219,200
a214bd,N233ME,1765909348,34.328,-118.8403,1219,209
a214bd,N233ME,1765909349,34.3277,-118.8405,1219,214
a214bd,N233ME,1765909350,34.3274,-118.8408,1219,220
a214bd,N233ME,1765909351,34.3272,-118.8411,1219,227
a214bd,N233ME,1765909352,34.3269,-118.8415,1219,233
a214bd,N233ME,1765909353,34.3267,-118.8419,1219,241
a214bd,N233ME,1765909354,34.3265,-118.8423,1219,246
a214bd,N233ME,1765909355,34.3264,-118.8428,1219,250
a214bd,N233ME,1765909356,34.3263,-118.8434,1219,261
a214bd,N233ME,1765909357,34.3263,-118.8437,1219,266
a214bd,N233ME,1765909358,34.3263,-118.8443,1219,271
a214bd,N233ME,1765909359,34.3264,-118.8448,1219,279
a214bd,N233ME,1765909360,34.3264,-118.8451,1219,285
a214bd,N233ME,1765909362,34.3269,-118.8463,1219,296
a214bd,N233ME,1765909363,34.3272,-118.8467,1219,307
a214bd,N233ME,1765909364,34.3275,-118.8471,1219,313
a214bd,N233ME,1765909365,34.3278,-118.8475,1219,319
a214bd,N233ME,1765909366,34.3282,-118.8477,1219,329
a214bd,N233ME,1765909367,34.3284,-118.8479,1219,332
a214bd,N233ME,1765909368,34.3286,-118.848,1219,336
a214bd,N233ME,1765909369,34.3294,-118.8484,1219,340
a214bd,N233ME,1765909370,34.3298,-118.8485,1219,343
a214bd,N233ME,1765909371,34.3303,-118.8486,1219,348
a214bd,N233ME,1765909375,34.3319,-118.849,1219,348
a214bd,N233ME,1765909380,34.3337,-118.8495,1219,347
a214bd,N233ME,1765909390,34.338,-118.8507,1219,344
a214bd,N233ME,1765909397,34.3409,-118.8518,1219,342
a214bd,N233ME,1765909399,34.3415,-118.852,1219,340
a214bd,N233ME,1765909400,34.342,-118.8522,1219,338
a214bd,N233ME,1765909401,34.3424,-118.8524,1219,333
a214bd,N233ME,1765909402,34.3427,-118.8527,1219,327
a214bd,N233ME,1765909403,34.3432,-118.8531,1219,319
a214bd,N233ME,1765909404,34.3434,-118.8533,1219,310
a214bd,N233ME,1765909405,34.3437,-118.8539,1219,302
a214bd,N233ME,1765909406,34.3438,-118.854,1219,294
a214bd,N233ME,1765909407,34.344,-118.8546,1219,288
a214bd,N233ME,1765909408,34.3441,-118.8551,1219,274
a214bd,N233ME,1765909409,34.3441,-118.8556,1219,270
a214bd,N233ME,1765909410,34.3439,-118.8565,1219,254
a214bd,N233ME,1765909411,34.3439,-118.8568,1219,254
a214bd,N233ME,1765909412,34.3435,-118.8575,1219,242
a214bd,N233ME,1765909413,34.3434,-118.8578,1219,242
a214bd,N233ME,1765909415,34.3426,-118.8586,1219,215
a214bd,N233ME,1765909420,34.3406,-118.8592,1219,173
a214bd,N233ME,1765909422,34.3393,-118.8588,1219,163
a214bd,N233ME,1765909423,34.339,-118.8588,1219,160
a214bd,N233ME,1765909430,34.3357,-118.8572,1219,159
a214bd,N233ME,1765909433,34.3342,-118.8566,1219,161
a214bd,N233ME,1765909435,34.3337,-118.8564,1219,164
a214bd,N233ME,1765909450,34.3271,-118.8543,1219,165
a214bd,N233ME,1765909451,34.3265,-118.8541,1219,169
a214bd,N233ME,1765909452,34.3261,-118.854,1219,172
a214bd,N233ME,1765909453,34.3259,-118.854,1219,181
a214bd,N233ME,1765909454,34.3251,-118.854,1219,181
a214bd,N233ME,1765909455,34.3249,-118.8541,1219,192
a214bd,N233ME,1765909456,34.3244,-118.8542,1219,198
a214bd,N233ME,1765909457,34.3239,-118.8544,1219,204
a214bd,N233ME,1765909458,34.3236,-118.8547,1219,210
a214bd,N233ME,1765909459,34.3232,-118.855,1219,218
a214bd,N233ME,1765909460,34.3228,-118.8554,1219,224
a214bd,N233ME,1765909461,34.3226,-118.8556,1219,231
a214bd,N233ME,1765909462,34.3224,-118.8562,1219,234
a214bd,N233ME,1765909463,34.3222,-118.8566,1219,243
a214bd,N233ME,1765909464,34.3221,-118.8569,1219,250
a214bd,N233ME,1765909465,34.3219,-118.8574,1219,255
a214bd,N233ME,1765909466,34.3219,-118.8578,1219,261
a214bd,N233ME,1765909467,34.3219,-118.8582,1219,269
a214bd,N233ME,1765909468,34.3219,-118.8586,1219,272
a214bd,N233ME,1765909469,34.3219,-118.859,1219,279
a214bd,N233ME,1765909470,34.322,-118.8592,1219,280
a214bd,N233ME,1765909471,34.3221,-118.8598,1219,288
a214bd,N233ME,1765909472,34.3223,-118.8601,1219,292
a214bd,N233ME,1765909473,34.3224,-118.8604,1219,298
a214bd,N233ME,1765909474,34.3225,-118.8607,1219,301
a214bd,N233ME,1765909475,34.3226,-118.8608,1219,306
a214bd,N233ME,1765909476,34.3228,-118.8611,1219,311
a214bd,N233ME,1765909478,34.3232,-118.8616,1219,319
a214bd,N233ME,1765909479,34.3236,-118.8619,1219,322
a214bd,N233ME,1765909480,34.3239,-118.8621,1219,328
a214bd,N233ME,1765909481,34.3241,-118.8623,1219,331
a214bd,N233ME,1765909482,34.3244,-118.8625,1219,334
a214bd,N233ME,1765909483,34.3247,-118.8626,1219,338
a214bd,N233ME,1765909484,34.325,-118.8627,1219,342
a214bd,N233ME,1765909488,34.3264,-118.8632,1219,344
a214bd,N233ME,1765909492,34.3277,-118.8637,1219,342
a214bd,N233ME,1765909515,34.3365,-118.8673,1219,339
a214bd,N233ME,1765909520,34.3386,-118.8682,1219,338
a214bd,N233ME,1765909523,34.3398,-118.8689,1219,335
a214bd,N233ME,1765909524,34.34,-118.869,1219,333
a214bd,N233ME,1765909525,34.3404,-118.8692,1219,331
a214bd,N233ME,1765909526,34.341,-118.8697,1219,328
a214bd,N233ME,1765909527,34.3411,-118.8698,1219,328
a214bd,N233ME,1765909528,34.3415,-118.8704,1219,311
a214bd,N233ME,1765909529,34.3418,-118.8708,1219,302
a214bd,N233ME,1765909530,34.342,-118.8712,1219,297
a214bd,N233ME,1765909531,34.3422,-118.8717,1219,294
a214bd,N233ME,1765909532,34.3423,-118.8723,1219,289
a214bd,N233ME,1765909533,34.3425,-118.8728,1219,287
a214bd,N233ME,1765909534,34.3426,-118.8734,1219,282
a214bd,N233ME,1765909535,34.3426,-118.8736,1219,278
a214bd,N233ME,1765909536,34.3427,-118.8742,1219,274
a214bd,N233ME,1765909537,34.3427,-118.8748,1219,267
a214bd,N233ME,1765909538,34.3427,-118.8753,1219,262
a214bd,N233ME,1765909539,34.3426,-118.8758,1219,257
a214bd,N233ME,1765909540,34.3425,-118.8764,1219,254
a214bd,N233ME,1765909541,34.3423,-118.8769,1219,249
a214bd,N233ME,1765909542,34.3421,-118.8775,1219,245
a214bd,N233ME,1765909543,34.3419,-118.878,1219,239
a214bd,N233ME,1765909544,34.3417,-118.8783,1219,237
a214bd,N233ME,1765909545,34.3414,-118.8788,1219,234
a214bd,N233ME,1765909546,34.3412,-118.8792,1219,234
a214bd,N233ME,1765909547,34.3408,-118.8796,1219,226
a214bd,N233ME,1765909548,34.3405,-118.88,1219,282
a214bd,N233ME,1765909549,34.3401,-118.8804,1219,282
a214bd,N233ME,1765909550,34.34,-118.8805,1219,217
a214bd,N233ME,1765909551,34.3395,-118.881,1219,216
a214bd,N233ME,1765909552,34.3391,-118.8813,1219,214
a214bd,N233ME,1765909553,34.3387,-118.8816,1219,212
a214bd,N233ME,1765909555,34.338,-118.8821,1219,210
a214bd,N233ME,1765909560,34.336,-118.8834,1219,208
a214bd,N233ME,1765909563,34.3348,-118.8841,1219,209
a214bd,N233ME,1765909574,34.3309,-118.8872,1219,211
a214bd,N233ME,1765909579,34.3292,-118.8884,1219,209
a214bd,N233ME,1765909580,34.329,-118.8886,1219,208
a214bd,N233ME,1765909582,34.3282,-118.8891,1219,206
a214bd,N233ME,1765909599,34.3217,-118.8928,1219,205
a214bd,N233ME,1765909603,34.3202,-118.8936,1219,204
a214bd,N233ME,1765909606,34.3188,-118.8943,1219,202
a214bd,N233ME,1765909609,34.3178,-118.8948,1219,200
a214bd,N233ME,1765909612,34.3165,-118.8954,1219,198
a214bd,N233ME,1765909616,34.315,-118.8959,1219,195
a214bd,N233ME,1765909619,34.3137,-118.8963,1219,193
a214bd,N233ME,1765909620,34.3136,-118.8963,1219,190
a214bd,N233ME,1765909621,34.3129,-118.8965,1219,185
a214bd,N233ME,1765909622,34.3125,-118.8965,1219,180
a214bd,N233ME,1765909626,34.3109,-118.8961,1219,178
a214bd,N233ME,1765909627,34.3104,-118.8959,1219,155
a214bd,N233ME,1765909628,34.31,-118.8956,1219,153
a214bd,N233ME,1765909629,34.3096,-118.8954,1219,150
a214bd,N233ME,1765909631,34.3088,-118.8948,1219,148
a214bd,N233ME,1765909633,34.3082,-118.8944,1219,146
a214bd,N233ME,1765909636,34.307,-118.8934,1219,144
a214bd,N233ME,1765909639,34.3059,-118.8924,1219,142
a214bd,N233ME,1765909641,34.3053,-118.8918,1219,140
a214bd,N233ME,1765909642,34.3049,-118.8915,1219,138
a214bd,N233ME,1765909643,34.3047,-118.8911,1219,137
a214bd,N233ME,1765909644,34.3045,-118.891,1219,134
a214bd,N233ME,1765909645,34.3041,-118.8903,1219,130
a214bd,N233ME,1765909647,34.3035,-118.8894,1219,124
a214bd,N233ME,1765909648,34.3033,-118.8892,1219,120
a214bd,N233ME,1765909649,34.303,-118.8885,1219,120
a214bd,N233ME,1765909650,34.3029,-118.888,1219,115
a214bd,N233ME,1765909651,34.3027,-118.8875,1219,109
a214bd,N233ME,1765909652,34.3026,-118.8869,1219,107
a214bd,N233ME,1765909653,34.3025,-118.8863,1219,101
a214bd,N233ME,1765909654,34.3024,-118.8859,1219,97
a214bd,N233ME,1765909655,34.3024,-118.8855,1219,97
a214bd,N233ME,1765909657,34.3024,-118.8846,1219,87
a214bd,N233ME,1765909657,34.3024,-118.8844,1219,83
a214bd,N233ME,1765909658,34.3025,-118.8838,1219,79
a214bd,N233ME,1765909659,34.3026,-118.8832,1219,73
a214bd,N233ME,1765909660,34.3027,-118.8827,1219,69
a214bd,N233ME,1765909661,34.3029,-118.8822,1219,62
a214bd,N233ME,1765909662,34.3032,-118.8817,1219,57
a214bd,N233ME,1765909663,34.3036,-118.8811,1219,52
a214bd,N233ME,1765909664,34.3037,-118.8809,1219,46
a214bd,N233ME,1765909665,34.304,-118.8805,1219,42
a214bd,N233ME,1765909666,34.3044,-118.8801,1219,37
a214bd,N233ME,1765909667,34.3049,-118.8797,1219,33
a214bd,N233ME,1765909668,34.3052,-118.8795,1219,30
a214bd,N233ME,1765909669,34.3057,-118.8792,1219,22
a214bd,N233ME,1765909670,34.3059,-118.8791,1219,19
a214bd,N233ME,1765909671,34.3066,-118.8789,1219,10
a214bd,N233ME,1765909672,34.307,-118.8788,1219,7
a214bd,N233ME,1765909673,34.3075,-118.8788,914,358
a214bd,N233ME,1765909674,34.3079,-118.8789,914,354
a214bd,N233ME,1765909675,34.3083,-118.879,914,347
a214bd,N233ME,1765909676,34.3088,-118.8791,914,341
a214bd,N233ME,1765909677,34.3093,-118.8794,914,334
a214bd,N233ME,1765909678,34.3097,-118.8796,914,325
a214bd,N233ME,1765909679,34.3101,-118.88,914,319
a214bd,N233ME,1765909680,34.3103,-118.8804,914,315
a214bd,N233ME,1765909681,34.3107,-118.8808,914,310
a214bd,N233ME,1765909682,34.3109,-118.8812,914,303
a214bd,N233ME,1765909683,34.3111,-118.8817,914,300
a214bd,N233ME,1765909684,34.3113,-118.8823,914,292
a214bd,N233ME,1765909685,34.3114,-118.8827,914,286
a214bd,N233ME,1765909686,34.3116,-118.8833,914,283
a214bd,N233ME,1765909687,34.3116,-118.884,914,273
a214bd,N233ME,1765909689,34.3116,-118.8849,914,263
a214bd,N233ME,1765909690,34.3114,-118.8859,914,257
a22315,N237FY,1765909923,28.3415,-80.6853,-304,109
a22315,N237FY,1765909925,28.3413,-80.6847,-304,111
a22315,N237FY,1765909927,28.3411,-80.6842,-304,112
a22315,N237FY,1765909930,28.3409,-80.6836,0,114
a22315,N237FY,1765909936,28.3404,-80.6822,0,113
a22315,N237FY,1765909948,28.3391,-80.6789,0,111
a22315,N237FY,1765909951,28.3388,-80.678,0,110
a22315,N237FY,1765909952,28.3387,-80.6777,0,108
a22315,N237FY,1765909958,28.3382,-80.6759,0,107
a22315,N237FY,1765909968,28.3374,-80.673,0,105
a22315,N237FY,1765909981,28.3365,-80.6689,0,103
a22315,N237FY,1765909990,28.3359,-80.666,0,100
a22315,N237FY,1765909991,28.3358,-80.6657,0,99
a22315,N237FY,1765909992,28.3358,-80.6653,0,97
a22315,N237FY,1765909993,28.3358,-80.665,0,94
a22315,N237FY,1765909994,28.3358,-80.6646,0,90
a22315,N237FY,1765909995,28.3358,-80.6645,0,89
a22315,N237FY,1765909997,28.3359,-80.6637,0,79
a22315,N237FY,1765909999,28.336,-80.663,0,72
a22315,N237FY,1765910000,28.3361,-80.6627,0,69
a22315,N237FY,1765910004,28.3367,-80.6615,0,66
a22315,N237FY,1765910005,28.3369,-80.6612,0,51
a22315,N237FY,1765910006,28.3372,-80.6608,0,48
a22315,N237FY,1765910007,28.3374,-80.6606,0,45
a22315,N237FY,1765910008,28.3376,-80.6604,0,42
a22315,N237FY,1765910009,28.3379,-80.6601,0,40
a22315,N237FY,1765910010,28.3381,-80.6598,0,37
a22315,N237FY,1765910011,28.3384,-80.6597,0,34
a22315,N237FY,1765910012,28.3388,-80.6594,0,31
a22315,N237FY,1765910013,28.339,-80.6592,0,30
a22315,N237FY,1765910014,28.3393,-80.6591,0,28
a22315,N237FY,1765910015,28.3396,-80.6589,0,27
a22315,N237FY,1765910016,28.3401,-80.6586,0,23
a22315,N237FY,1765910017,28.3403,-80.6585,0,21
a22315,N237FY,1765910018,28.3406,-80.6584,0,17
a22315,N237FY,1765910019,28.341,-80.6582,0,14
a22315,N237FY,1765910020,28.3413,-80.6582,0,10
a22315,N237FY,1765910021,28.3418,-80.6581,0,5
a22315,N237FY,1765910022,28.342,-80.6581,0,2
a22315,N237FY,1765910023,28.3423,-80.6581,0,0
a22315,N237FY,1765910024,28.3428,-80.6581,0,355
a22315,N237FY,1765910025,28.3431,-80.6582,0,353
a22315,N237FY,1765910026,28.3435,-80.6582,0,349
a22315,N237FY,1765910027,28.344,-80.6584,0,345
a22315,N237FY,1765910028,28.3444,-80.6585,0,341
a22315,N237FY,1765910029,28.3449,-80.6587,0,340
a22315,N237FY,1765910030,28.3453,-80.6589,0,336
a22315,N237FY,1765910031,28.3458,-80.6591,0,332
a22315,N237FY,1765910032,28.3462,-80.6595,0,328
a22315,N237FY,1765910033,28.3466,-80.6597,0,325
a22315,N237FY,1765910034,28.347,-80.6601,0,321
a22315,N237FY,1765910035,28.3472,-80.6603,0,319
a22315,N237FY,1765910036,28.3477,-80.6608,0,316
a22315,N237FY,1765910037,28.348,-80.6611,0,313
a22315,N237FY,1765910038,28.3483,-80.6615,0,311
a22315,N237FY,1765910039,28.3487,-80.6621,0,307
a22315,N237FY,1765910040,28.349,-80.6625,0,305
a22315,N237FY,1765910041,28.3493,-80.6631,0,302
a22315,N237FY,1765910042,28.3496,-80.6636,0,301
a22315,N237FY,1765910043,28.3499,-80.6642,0,298
a22315,N237FY,1765910044,28.3502,-80.6647,0,296
a22315,N237FY,1765910045,28.3504,-80.6653,0,294
a22315,N237FY,1765910046,28.3505,-80.6655,0,293
a22315,N237FY,1765910047,28.3509,-80.6665,0,291
a22315,N237FY,1765910049,28.3512,-80.6675,0,290
a22315,N237FY,1765910054,28.3522,-80.6708,0,287
a22315,N237FY,1765910080,28.3561,-80.6862,0,285
a22315,N237FY,1765910100,28.359,-80.6966,0,287
a22315,N237FY,1765910109,28.3602,-80.7012,0,286
a22315,N237FY,1765910114,28.3607,-80.7033,0,281
a22315,N237FY,1765910115,28.3608,-80.7041,0,274
a22315,N237FY,1765910116,28.3608,-80.7046,0,271
a22315,N237FY,1765910117,28.3608,-80.7051,0,268
a22315,N237FY,1765910118,28.3608,-80.7056,0,264
a22315,N237FY,1765910119,28.3607,-80.7062,0,261
a22315,N237FY,1765910120,28.3606,-80.7065,0,254
a22315,N237FY,1765910121,28.3605,-80.7071,0,249
a22315,N237FY,1765910122,28.3603,-80.7075,0,249
a22315,N237FY,1765910123,28.3602,-80.7079,0,242
a22315,N237FY,1765910124,28.3601,-80.708,0,240
a22315,N237FY,1765910125,28.3597,-80.7087,0,233
a22315,N237FY,1765910126,28.3594,-80.7092,0,229
a22315,N237FY,1765910127,28.3591,-80.7095,0,225
a22315,N237FY,1765910128,28.3589,-80.7098,0,223
a22315,N237FY,1765910129,28.3586,-80.71,0,220
a22315,N237FY,1765910130,28.3583,-80.7103,0,216
a22315,N237FY,1765910131,28.358,-80.7105,0,212
a22315,N237FY,1765910132,28.3576,-80.7107,0,211
a22315,N237FY,1765910133,28.3573,-80.711,0,208
a22315,N237FY,1765910134,28.3569,-80.7112,0,205
a22315,N237FY,1765910136,28.3561,-80.7116,0,203
a22315,N237FY,1765910137,28.3558,-80.7118,0,201
a22315,N237FY,1765910141,28.3545,-80.7123,0,200
a22315,N237FY,1765910144,28.3534,-80.7127,0,198
a22315,N237FY,1765910145,28.3531,-80.7128,0,195
a22315,N237FY,1765910147,28.3524,-80.713,0,194
a22315,N237FY,1765910148,28.3521,-80.7131,0,191
a22315,N237FY,1765910149,28.3517,-80.7132,0,187
a22315,N237FY,1765910150,28.3514,-80.7132,0,181
a22315,N237FY,1765910151,28.3511,-80.7132,0,180
a22315,N237FY,1765910152,28.3508,-80.7132,0,172
a22315,N237FY,1765910153,28.3507,-80.7131,0,164
a22315,N237FY,1765910154,28.3503,-80.7129,0,154
a22315,N237FY,1765910155,28.3502,-80.7129,0,152
a22315,N237FY,1765910156,28.3498,-80.7127,0,145
a22315,N237FY,1765910157,28.3496,-80.7125,0,137
a22315,N237FY,1765910158,28.3495,-80.7123,0,129
a22315,N237FY,1765910159,28.3493,-80.7121,0,122
a22315,N237FY,1765910160,28.3492,-80.7118,0,115
a22315,N237FY,1765910161,28.3491,-80.7115,0,110
a22315,N237FY,1765910162,28.3491,-80.7113,0,107
a22315,N237FY,1765910163,28.349,-80.7111,0,106
a22315,N237FY,1765910172,28.3485,-80.7086,0,104
a22315,N237FY,1765910174,28.3483,-80.708,0,105
a22315,N237FY,1765910206,28.3461,-80.7002,0,108
a22315,N237FY,1765910216,28.3453,-80.6976,0,109
a22315,N237FY,1765910224,28.3448,-80.6958,-304,107
a22315,N237FY,1765910225,28.3447,-80.6955,-304,108
a22315,N237FY,1765910231,28.3442,-80.6941,-304,109
a22315,N237FY,1765910246,28.3433,-80.6908,-304,107
a22315,N237FY,1765910808,28.3399,-80.6801,0,111
a22315,N237FY,1765910822,28.3381,-80.6752,0,112
a22315,N237FY,1765910853,28.3343,-80.6653,0,113
a22315,N237FY,1765910858,28.3337,-80.6638,0,111
a22315,N237FY,1765910861,28.3334,-80.6628,0,109
a22315,N237FY,1765910864,28.3331,-80.6618,0,107
a22315,N237FY,1765910865,28.333,-80.6615,0,104
a22315,N237FY,1765910866,28.3329,-80.6612,0,104
a22315,N237FY,1765910867,28.3329,-80.6608,0,101
a22315,N237FY,1765910868,28.3329,-80.6607,0,97
a22315,N237FY,1765910869,28.3328,-80.6601,0,94
a22315,N237FY,1765910870,28.3328,-80.6598,0,94
a22315,N237FY,1765910871,28.3329,-80.6594,0,83
a22315,N237FY,1765910872,28.3329,-80.6592,0,78
a22315,N237FY,1765910873,28.333,-80.6587,0,73
a22315,N237FY,1765910875,28.3331,-80.6583,0,73
a22315,N237FY,1765910878,28.3337,-80.6574,0,46
a22315,N237FY,1765910879,28.334,-80.6572,0,41
a22315,N237FY,1765910884,28.3353,-80.6562,0,23
a22315,N237FY,1765910885,28.3357,-80.6561,0,18
a22315,N237FY,1765910886,28.3358,-80.6561,0,17
a22315,N237FY,1765910888,28.3367,-80.6558,0,14
a22315,N237FY,1765910891,28.3377,-80.6555,0,12
a22315,N237FY,1765910892,28.3381,-80.6554,0,10
a22315,N237FY,1765910893,28.3386,-80.6553,0,8
a22315,N237FY,1765910894,28.3388,-80.6553,0,5
a22315,N237FY,1765910896,28.3391,-80.6553,0,2
a22315,N237FY,1765910901,28.3412,-80.6557,0,348
a22315,N237FY,1765910908,28.3439,-80.6572,0,323
a22315,N237FY,1765910909,28.3446,-80.6579,0,320
a22315,N237FY,1765910910,28.3451,-80.6583,0,319
a22315,N237FY,1765910911,28.3454,-80.6587,0,317
a22315,N237FY,1765910913,28.3462,-80.6595,0,315
a22315,N237FY,1765910914,28.3465,-80.6599,0,313
a22315,N237FY,1765910915,28.3469,-80.6603,0,312
a22315,N237FY,1765910916,28.3472,-80.6608,0,309
a22315,N237FY,1765910918,28.3477,-80.6614,0,307
a22315,N237FY,1765910919,28.3481,-80.6621,0,306
a22315,N237FY,1765910920,28.3484,-80.6626,0,304
a22315,N237FY,1765910922,28.3491,-80.6637,0,302
a22315,N237FY,1765910924,28.3496,-80.6647,0,300
a22315,N237FY,1765910926,28.3501,-80.6658,0,298
a22315,N237FY,1765910928,28.3506,-80.667,0,295
a22315,N237FY,1765910930,28.351,-80.6678,0,294
a22315,N237FY,1765910933,28.3517,-80.6699,0,292
a22315,N237FY,1765910937,28.3525,-80.6721,0,289
a22315,N237FY,1765910977,28.3591,-80.6938,0,287
a22315,N237FY,1765910984,28.3601,-80.6974,0,286
a22315,N237FY,1765910988,28.3606,-80.6993,0,283
a22315,N237FY,1765910991,28.3609,-80.7008,0,282
a22315,N237FY,1765910994,28.3611,-80.702,0,280
a22315,N237FY,1765910995,28.3613,-80.7029,0,277
a22315,N237FY,1765911003,28.3617,-80.7067,0,276
a22315,N237FY,1765911004,28.3617,-80.7072,0,275
a22315,N237FY,1765911005,28.3617,-80.7075,0,273
a22315,N237FY,1765911006,28.3618,-80.708,0,271
a22315,N237FY,1765911007,28.3617,-80.7084,0,268
a22315,N237FY,1765911008,28.3617,-80.7092,0,262
a22315,N237FY,1765911009,28.3616,-80.7095,0,260
a22315,N237FY,1765911010,28.3615,-80.7099,0,253
a22315,N237FY,1765911011,28.3614,-80.7103,0,252
a22315,N237FY,1765911012,28.3613,-80.7108,0,248
a22315,N237FY,1765911013,28.3611,-80.7113,0,243
a22315,N237FY,1765911014,28.3608,-80.7117,0,238
a22315,N237FY,1765911015,28.3607,-80.712,0,234
a22315,N237FY,1765911016,28.3604,-80.7123,0,232
a22315,N237FY,1765911017,28.36,-80.7128,0,226
a22315,N237FY,1765911018,28.3598,-80.7131,0,222
a22315,N237FY,1765911019,28.3595,-80.7134,0,218
a22315,N237FY,1765911020,28.3591,-80.7136,0,213
a22315,N237FY,1765911021,28.3588,-80.7139,0,212
a22315,N237FY,1765911022,28.3585,-80.7141,0,210
a22315,N237FY,1765911024,28.358,-80.7144,0,208
a22315,N237FY,1765911025,28.3575,-80.7147,0,205
a22315,N237FY,1765911027,28.357,-80.7149,0,202
a22315,N237FY,1765911034,28.3552,-80.7157,0,200
a22315,N237FY,1765911042,28.3528,-80.7167,0,193
a22315,N237FY,1765911044,28.3518,-80.7168,0,178
a22315,N237FY,1765911045,28.3514,-80.7167,0,165
a22315,N237FY,1765911046,28.3511,-80.7166,0,156
a22315,N237FY,1765911047,28.3509,-80.7164,0,148
a22315,N237FY,1765911048,28.3507,-80.7162,0,138
a22315,N237FY,1765911049,28.3505,-80.7161,0,131
a22315,N237FY,1765911050,28.3504,-80.7158,0,123
a22315,N237FY,1765911051,28.3503,-80.7156,0,118
a22315,N237FY,1765911052,28.3501,-80.7153,0,114
a22315,N237FY,1765911053,28.3501,-80.7151,0,110
a22315,N237FY,1765911054,28.35,-80.7148,0,108
a22315,N237FY,1765911055,28.3499,-80.7146,0,107
a22315,N237FY,1765911057,28.3498,-80.714,0,104
a22315,N237FY,1765911071,28.3491,-80.7105,0,102
a22315,N237FY,1765911072,28.3491,-80.7104,0,105
a22315,N237FY,1765911075,28.3489,-80.7096,0,106
a22315,N237FY,1765911082,28.3484,-80.7077,0,108
a22315,N237FY,1765911090,28.3478,-80.7058,0,110
a22315,N237FY,1765911094,28.3474,-80.7048,0,112
a22315,N237FY,1765911097,28.3471,-80.7039,0,109
a22315,N237FY,1765911130,28.3446,-80.6953,0,108
a22315,N237FY,1765911131,28.3445,-80.6951,-304,107
a22315,N237FY,1765911139,28.3439,-80.693,-304,107
